,Title,Price,Link
0,아이폰13프로 128기가,685000,https://m.bunjang.co.kr/products/258987276
1,아이폰13 128 후면파손,430000,https://m.bunjang.co.kr/products/258986877
2,아이폰13미니 스타라이트 128 (배터리효율100%),560000,https://m.bunjang.co.kr/products/254636747
3,아이폰13미니 미드나이트(블랙) 128기가 팝니다,650000,https://m.bunjang.co.kr/products/257994962
4,아이폰13 128기가 무잔상 판매합니다,520000,https://m.bunjang.co.kr/products/254207797
5,(미개봉 새상품) 아이폰 13미니 128기가 스타라이트 팝니다,730000,https://m.bunjang.co.kr/products/258984760
6,아이폰 13 프로 128 실버 (화이트),600000,https://m.bunjang.co.kr/products/258887071
7,아이폰13미니 128스타라이트 S급,398000,https://m.bunjang.co.kr/products/258986026
8,서울 아이폰13 미니 128기가 핑크 팝니다.,400000,https://m.bunjang.co.kr/products/258985188
9,아이폰13프로 알파인 그린 128기가팝니당,630000,https://m.bunjang.co.kr/products/258015435
10,아이폰 13미니 128기가,400000,https://m.bunjang.co.kr/products/258919761
11,아이폰13미니 128 핑크 베터리84,400000,https://m.bunjang.co.kr/products/258979271
12,아이폰13미니 128기가찍힘1. 스크레치 다수,320000,https://m.bunjang.co.kr/products/258982867
13,[아이폰 13미니128]핑크/AA급/보증24년7월말/128g/무료배송,395000,https://m.bunjang.co.kr/products/258983595
14,아이폰13미니 블루 128기가,440000,https://m.bunjang.co.kr/products/258572641
15,아이폰13미니 자급제 128 핑크,370000,https://m.bunjang.co.kr/products/258981008
16,아이폰 13미니 128기가 부품용,200000,https://m.bunjang.co.kr/products/258433831
17,아이폰13미니 128기가 배터리86%,450000,https://m.bunjang.co.kr/products/256739256
18,아이폰13미니 128기가 배터리 89%,470000,https://m.bunjang.co.kr/products/258049987
19,아이폰13미니 128기가 배터리88% 애케플O,450000,https://m.bunjang.co.kr/products/258972918
20,(배터리100) S급 아이폰13미니 미드나이트 128 자급제,600000,https://m.bunjang.co.kr/products/258489634
21,아이폰13프로맥스128로 s23울트라 512 교환,777777,https://m.bunjang.co.kr/products/244052724
22,아이폰13미니 128기가 풀박스,380000,https://m.bunjang.co.kr/products/258981143
23,아이폰13프로 128,500000,https://m.bunjang.co.kr/products/258916729
24,아이폰 13미니 핑크 128,400000,https://m.bunjang.co.kr/products/258967404
25,아이폰13 128 미드나이트,540000,https://m.bunjang.co.kr/products/258910143
26,아이폰13프로 128기가,680000,https://m.bunjang.co.kr/products/258960017
27,아이폰 13프로 시에라블루 128기가,600000,https://m.bunjang.co.kr/products/258886858
28,아이폰 13프로맥스 128 실버 ss급,800000,https://m.bunjang.co.kr/products/258966647
29,아이폰13프로 알파인그린 128기가,830000,https://m.bunjang.co.kr/products/258907398
30,아이폰 13프로 시에라 블루 128기가 S급 팝니다,540000,https://m.bunjang.co.kr/products/258967142
31,아이폰13프로 128 화이트,600000,https://m.bunjang.co.kr/products/258831863
32,아이폰 13 128,430000,https://m.bunjang.co.kr/products/257299104
33,아이폰13프로 128기가,610000,https://m.bunjang.co.kr/products/257880912
34,아이폰 13 미드나이트 128기가,660000,https://m.bunjang.co.kr/products/245560821
35,아이폰 13미니 128기가 핑크,360000,https://m.bunjang.co.kr/products/253656196
36,아이폰 13프로맥스 128기가 시에라 블루,850000,https://m.bunjang.co.kr/products/215189608
37,아이폰13 128기가 리퍼폰 (박스O),650000,https://m.bunjang.co.kr/products/257883132
38,아이폰13미니 128기가 블루 상태깨끗,450000,https://m.bunjang.co.kr/products/257127658
39,아이폰 13프로맥스 실버 128기가 새상품급,880000,https://m.bunjang.co.kr/products/258484230
40,아이폰 13프로 그래파이트 128기가 배터리 성능 100%,960000,https://m.bunjang.co.kr/products/231010443
41,"아이폰 13미니 128기가 / 하자,기스x / 스타라이트",410000,https://m.bunjang.co.kr/products/257583253
42,애플 아이폰 13 미니 미드나이트 128 자급제 미개봉 새제품 128g,850000,https://m.bunjang.co.kr/products/239127303
43,아이폰13미니 그린 128 미사용 새제품+애플케어플러스 급처,680000,https://m.bunjang.co.kr/products/257617041
44,아이폰 13 그래파이트 128기가,630000,https://m.bunjang.co.kr/products/258930970
45,아이폰 13프로 실버 128기가,450000,https://m.bunjang.co.kr/products/258926713
46,아이폰 미니13 128 84 핑크,400000,https://m.bunjang.co.kr/products/258894337
47,아이폰 13프로 128기가 화이트,485000,https://m.bunjang.co.kr/products/258904843
48,아이폰 13미니 128 배터리 88,400000,https://m.bunjang.co.kr/products/258887463
49,아이폰 13미니 100퍼 128기가,600000,https://m.bunjang.co.kr/products/258948813
50,아이폰13미니 128기가 블랙 - 울산중고폰,420000,https://m.bunjang.co.kr/products/258934775
51,아이폰13미니 128기가 미드나이트 블랙,450000,https://m.bunjang.co.kr/products/258918813
52,아이폰 13 프로맥스 128기가,800000,https://m.bunjang.co.kr/products/258821665
53,22540 아이폰13미니 128기가 S급 블랙 팝니다 배터리100%,470000,https://m.bunjang.co.kr/products/258896244
54,23130 아이폰13미니 128기가 핑크 공기계 팝니다 부산아이폰,370000,https://m.bunjang.co.kr/products/258888263
55,아이폰 13미니 128 풀박 판매,450000,https://m.bunjang.co.kr/products/258793867
56,아이폰미니13 128 84% 핑크 애플워치8 45 100% 블랙,750000,https://m.bunjang.co.kr/products/258908819
57,새기계급 아이폰13. 128풀박스팝니다,580000,https://m.bunjang.co.kr/products/258772274
58,아이폰 13 미니 128,370000,https://m.bunjang.co.kr/products/258288374
59,아이폰13 128기가,430000,https://m.bunjang.co.kr/products/258398594
60,새기계급 아잎는13미니 128팝니다,480000,https://m.bunjang.co.kr/products/258774257
61,대구 아이폰13프로맥스128 베터리85프로 풀박스팝니다,800000,https://m.bunjang.co.kr/products/258826146
62,아이폰13미니 그린 128,324000,https://m.bunjang.co.kr/products/255499390
63,아이폰13미니 128 핑크,470000,https://m.bunjang.co.kr/products/257426661
64,아이폰 13 미니 블루 128,400000,https://m.bunjang.co.kr/products/239502769
65,S급 아이폰13 핑크 128,550000,https://m.bunjang.co.kr/products/257096559
66,아이폰13 128기가 90%,440000,https://m.bunjang.co.kr/products/250987209
67,아이폰 13프로 128기가,650000,https://m.bunjang.co.kr/products/258651950
68,아이폰 13 128기가 화이트 s급,500000,https://m.bunjang.co.kr/products/255686641
69,아이폰13미니 128기가 미드나잇,480000,https://m.bunjang.co.kr/products/256888847
70,아이폰13미니 128기가 블랙,450000,https://m.bunjang.co.kr/products/258336077
71,아이폰13프로 128기가 그린,670000,https://m.bunjang.co.kr/products/256445366
72,아이폰 13 프로 128 골드 풀박스,600000,https://m.bunjang.co.kr/products/258668215
73,아이폰 13미니 128 핑크 배터리 100%,370000,https://m.bunjang.co.kr/products/257112551
74,아이폰13프로 128기가 그래파이트 판매,600000,https://m.bunjang.co.kr/products/240063992
75,아이폰13 미니 128기가 보증남음,435000,https://m.bunjang.co.kr/products/258684824
76,아이폰13 미니 핑크 128기가 배터리 92%,500000,https://m.bunjang.co.kr/products/257595385
77,(리퍼 미사용)아이폰13 128기가 그린,650000,https://m.bunjang.co.kr/products/256374631
78,아이폰 13미니 128기가 미드나이트 (풀구성),450000,https://m.bunjang.co.kr/products/258305455
79,아이폰13미니 128기가 블랙 A급 - 울산중고폰,459000,https://m.bunjang.co.kr/products/258710740
80,[최상급] 아이폰 13 핑크 128기가 분홍 S급,543000,https://m.bunjang.co.kr/products/258510871
81,어이폰13미니 128 미개봉 새제품 핑크,790000,https://m.bunjang.co.kr/products/258725509
82,아이폰 13미니 128기가 미드나이트 자급제 판매,380000,https://m.bunjang.co.kr/products/257947308
83,아이폰13 128기가 256기가 무잔상 상태굿 ^^,510000,https://m.bunjang.co.kr/products/257880459
84,아이폰13 연핑크 128기가 S급 팔아요^^,574000,https://m.bunjang.co.kr/products/257327724
85,아이폰13미니 128기가 무잔상 상태굿 ^^,390000,https://m.bunjang.co.kr/products/239421469
86,아이폰 13 일반 그린 128 자급제 애플케어플러스,520000,https://m.bunjang.co.kr/products/258442841
87,아이폰 13미니 (128)싸게팝니다.미드나이트84%,410000,https://m.bunjang.co.kr/products/258088949
88,아이폰 13미니 128기가 올리퍼 미사용 팝니다,620000,https://m.bunjang.co.kr/products/257541945
89,아이폰13미니 128기가,480000,https://m.bunjang.co.kr/products/258778390
90,아이폰13 화이트 128기가,500000,https://m.bunjang.co.kr/products/258770954
91,아이폰 13mini 128기가 블루,480000,https://m.bunjang.co.kr/products/258841777
92,아이폰 13pro 시에라블루 128,650000,https://m.bunjang.co.kr/products/258769920
93,아이폰13미니 128기가 블랙 - 울산중고폰,429000,https://m.bunjang.co.kr/products/258815850
94,아이폰13mini 핑크 128기가 배터리 효율 98%,560000,https://m.bunjang.co.kr/products/258868548
95,아이폰13미니 128기가 블랙 A급 - 울산중고폰,450000,https://m.bunjang.co.kr/products/258846640
96,아이폰13 128기가 팝니다,605000,https://m.bunjang.co.kr/products/238556231
97,아이폰13 128기가 팝니다,595000,https://m.bunjang.co.kr/products/237850682
98,아이폰 mini 13 그린 128 팝니다,350000,https://m.bunjang.co.kr/products/257186258
99,아이폰13프로맥스 128기가 그린,620000,https://m.bunjang.co.kr/products/258747157
100,아이폰 13미니 핑크 128기가,450000,https://m.bunjang.co.kr/products/258312576
101,아이폰 13미니 팔아요 128기가 스피드하게 팔아봅니다,330000,https://m.bunjang.co.kr/products/258778597
102,*특가처분* 아이폰13 128기가 368641,350000,https://m.bunjang.co.kr/products/257592670
103,아이폰13미니 128기가 블랙 A급,450000,https://m.bunjang.co.kr/products/258419625
104,아이폰13프로 시에라블루 S급 128기가,640000,https://m.bunjang.co.kr/products/257707542
105,아이폰 13 프로 맥스 128기가 시에라블루,650000,https://m.bunjang.co.kr/products/258053527
106,(미개봉) 아이폰13미니 128기가 팝니다 그린,790000,https://m.bunjang.co.kr/products/247197283
107,아이폰13프로 128기가 블루 공기계,630000,https://m.bunjang.co.kr/products/258562242
108,아이폰13프로 그린 SS급 풀박스 128기가,650000,https://m.bunjang.co.kr/products/258615706
109,아이폰13 핑크 128기가 미국판 (무음카메라),635000,https://m.bunjang.co.kr/products/253045993
110,아이폰13 블루 128기가 무료배송*인생폰*,485000,https://m.bunjang.co.kr/products/248238205
111,13프로맥스 128기가(그라파이트) 갤럭시 교환 구해요.,750000,https://m.bunjang.co.kr/products/258361797
112,아이폰13미니 128기가 무잔상 상태굿 ^^,390000,https://m.bunjang.co.kr/products/239420357
113,당일발송 A급 아이폰 13미니 128기가 블랙 무잔상,415000,https://m.bunjang.co.kr/products/253783349
114,아이폰13 미니 128 미드나이트 S급 안전결제수수료무료,550000,https://m.bunjang.co.kr/products/258699063
115,부산 아이폰13미니 블랙 128기가 풀세트 판매해요,480000,https://m.bunjang.co.kr/products/255958558
116,아이폰13프로 128기가256기가 무잔상 무찍힘 상태최상 ^^,660000,https://m.bunjang.co.kr/products/257992030
117,아이폰13미니 화이트 128기가 배터리90프로 무료배송*인생폰*,488000,https://m.bunjang.co.kr/products/255967094
118,택포 아이폰13미니 128기가 스타라이트 화이트 상태 굳굳입니당,420000,https://m.bunjang.co.kr/products/257722163
119,아이폰13 128,430000,https://m.bunjang.co.kr/products/254643805
120,아이폰13프로 128,590000,https://m.bunjang.co.kr/products/257925035
121,아이폰13프로 시에라블루128,600000,https://m.bunjang.co.kr/products/258657009
122,아이폰13프로128기가 시에라블루,700000,https://m.bunjang.co.kr/products/256056911
123,아이폰 13 128기가 배터리88% 자급제,450000,https://m.bunjang.co.kr/products/258106006
124,아이폰13 128 미드나이트 배터리90,440000,https://m.bunjang.co.kr/products/258719379
125,아이폰13 (A2633) 블랙 128기가,295000,https://m.bunjang.co.kr/products/258667256
126,아이폰13 프로 pro 그래파이트 블랙 128 배터리 86%,670000,https://m.bunjang.co.kr/products/239347651
127,아이폰13미니 128기가 무잔상 상태굿 ^^,390000,https://m.bunjang.co.kr/products/239419471
128,애플 아이폰13미니 화이트 128기가 팔아요~,435000,https://m.bunjang.co.kr/products/243070478
129,아이폰13 미니 핑크 128 상태 좋음 박스있음,428000,https://m.bunjang.co.kr/products/257064573
130,12561 아이폰13미니 128기가 핑크 공기계 팝니다 부산아이폰,420000,https://m.bunjang.co.kr/products/253920057
131,아이폰 13 미니 128기가 배터리 89%,420000,https://m.bunjang.co.kr/products/258837582
132,부산 아이폰13미니 블루 128기가 공기계 판매해요,480000,https://m.bunjang.co.kr/products/258694357
133,아이폰13프로 128기가256기가 무잔상 무찍힘 상태최상 ^^,660000,https://m.bunjang.co.kr/products/257992614
134,아이폰 13 128,450000,https://m.bunjang.co.kr/products/258546496
135,아이폰13 핑크 128,480000,https://m.bunjang.co.kr/products/258581011
136,아이폰13미니 128,450000,https://m.bunjang.co.kr/products/258604984
137,[S급]아이폰13미니 핑크 128기가 정상해지 상태깨끗,400000,https://m.bunjang.co.kr/products/258777837
138,아이폰 13프로 128기가,620000,https://m.bunjang.co.kr/products/256872686
139,아이폰 13미니 128기가,380000,https://m.bunjang.co.kr/products/258546632
140,아이폰 13미니 핑크 128기가,500000,https://m.bunjang.co.kr/products/258587123
141,아이폰13 핑크 128기가 팝니다,250000,https://m.bunjang.co.kr/products/258555354
142,아이폰 13 프로 128기가 시에라블루,650000,https://m.bunjang.co.kr/products/258616573
143,아이폰 13 128기가 사설수리기기,280000,https://m.bunjang.co.kr/products/258015534
144,아이폰13 128 미드나이트 자급제 (급처가),420000,https://m.bunjang.co.kr/products/255501530
145,아이폰13 미니 128기가 핑크 성능99,490000,https://m.bunjang.co.kr/products/255135086
146,아이폰13미니 128 그린색상 풀박 (새상품),599000,https://m.bunjang.co.kr/products/258568306
147,아이폰 13미니 128 화이트 상태좋음,380000,https://m.bunjang.co.kr/products/258556002
148,아이폰13 128기가 256기가 무잔상 상태굿 ^^,510000,https://m.bunjang.co.kr/products/257879757
149,아이폰13 128기가 256기가 무잔상 상태굿 ^^,510000,https://m.bunjang.co.kr/products/257880174
150,아이폰13프로 128기가 실버 배터리87 상태S,600000,https://m.bunjang.co.kr/products/258233779
151,아이폰 13미니 128 스타라이트 풀박스 판매 및 교환,550000,https://m.bunjang.co.kr/products/256013192
152,아이폰 13미니 128,350000,https://m.bunjang.co.kr/products/258512968
153,아이폰 13 128기가,220000,https://m.bunjang.co.kr/products/245754712
154,아이폰 13미니 블랙 128 풀박스,435000,https://m.bunjang.co.kr/products/258529157
155,아이폰 13프로 시에라 블루 128,650000,https://m.bunjang.co.kr/products/258456716
156,아이폰13미니 128기가 블랙,420000,https://m.bunjang.co.kr/products/257606685
157,아이폰13프로 맥스 128기가,850000,https://m.bunjang.co.kr/products/238851750
158,애플 아이폰 13 레드 자급제 128 미개봉 새제품 128g,1200000,https://m.bunjang.co.kr/products/201166646
159,아이폰13미니 128기가 스타라이트 s급 팝니다,530000,https://m.bunjang.co.kr/products/257408211
160,아이폰13미니 128기가 블랙 풀박스 배터리86% 56283,460000,https://m.bunjang.co.kr/products/239661906
161,(A급)무잔상 아이폰 13미니 128기가 블랙 부산,415000,https://m.bunjang.co.kr/products/252701495
162,아이폰13미니 128기가 무잔상 최저가 블랙,423000,https://m.bunjang.co.kr/products/257683833
163,아이폰13 128기가,500000,https://m.bunjang.co.kr/products/256295903
164,아이폰미니13 128,540000,https://m.bunjang.co.kr/products/258417544
165,미사용 아이폰13 그린 128gb 128,670000,https://m.bunjang.co.kr/products/255576327
166,아이폰 13 128기가 핑크 (내용참고 필수),350000,https://m.bunjang.co.kr/products/258068063
167,아이폰13미니 128기가 블랙 판매합니다,490000,https://m.bunjang.co.kr/products/256918885
168,아이폰13미니128기가(핑크),320000,https://m.bunjang.co.kr/products/258335398
169,아이폰 미니 13 핑크 128 미사용,600000,https://m.bunjang.co.kr/products/258236995
170,13프로 128기가 블랙 상태 굿 판매합니다,630000,https://m.bunjang.co.kr/products/258286967
171,아이폰13미니 128기가 스타라이트 팝니다(상태좋음),398000,https://m.bunjang.co.kr/products/258035805
172,아이폰 13pro 128기가 스페이스그레이,350000,https://m.bunjang.co.kr/products/242219374
173,(S급)무잔상 아이폰13 128기가 화이트 부산,542000,https://m.bunjang.co.kr/products/256515672
174,17471 아이폰13 128기가 A급 블랙 공기계 팝니다 배터리100%,550000,https://m.bunjang.co.kr/products/253310344
175,[아이폰 13미니128]핑크/AA급/보증24년7월말/128g/무료배송,395000,https://m.bunjang.co.kr/products/258661203
176,아이폰 13미니 128,330000,https://m.bunjang.co.kr/products/258042557
177,아이폰 13미니 128,450000,https://m.bunjang.co.kr/products/258258684
178,아이폰 13프로 128,600000,https://m.bunjang.co.kr/products/258235829
179,아이폰 13미니 128 S급,500000,https://m.bunjang.co.kr/products/258316495
180,아이폰13pro 128 그래파이트 판매,650000,https://m.bunjang.co.kr/products/258259561
181,아이폰13미니 128기가 (단품),490000,https://m.bunjang.co.kr/products/258302336
182,아이폰 13 프로 128기가 그래파이트 팝니다!,690000,https://m.bunjang.co.kr/products/258312395
183,아이폰 13미니 미드나이트 128기가 상태최상,500000,https://m.bunjang.co.kr/products/257730346
184,(S급)무잔상 아이폰 13미니 128기가 블루 부산,428000,https://m.bunjang.co.kr/products/257553390
185,아이폰 13pro 128,650000,https://m.bunjang.co.kr/products/258173748
186,아이폰13프로 128,650000,https://m.bunjang.co.kr/products/258030612
187,아이폰13 128 화이트,480000,https://m.bunjang.co.kr/products/257928665
188,아이폰13 128 핑크,410000,https://m.bunjang.co.kr/products/257851753
189,집중!!!!아이폰13프로 128 배터리성능85% 하자없어용@@@,670000,https://m.bunjang.co.kr/products/258199001
190,아이폰13 128 미드나이트,410000,https://m.bunjang.co.kr/products/258019803
191,아이폰13미니 128,285000,https://m.bunjang.co.kr/products/257794444
192,아이폰 13 프로맥스 128,750000,https://m.bunjang.co.kr/products/257761560
193,아이폰 13 128기가 화이트,500000,https://m.bunjang.co.kr/products/257952990
194,아이폰13 128기가,500000,https://m.bunjang.co.kr/products/257777549
195,아이폰13 128기가,270000,https://m.bunjang.co.kr/products/253422215
196,아이폰13 128 액정픽셀 판매,320000,https://m.bunjang.co.kr/products/257967400
197,아이폰 13 pro max 128,750000,https://m.bunjang.co.kr/products/257842275
198,아이폰13미니 128,400000,https://m.bunjang.co.kr/products/257631164
199,아이폰13 128 화이트,500000,https://m.bunjang.co.kr/products/257637739
200,아이폰13프로 128기가 S급,680000,https://m.bunjang.co.kr/products/258056366
201,아이폰13 128기가,470000,https://m.bunjang.co.kr/products/257314826
202,아이폰 13프로 화이트 128기가,730000,https://m.bunjang.co.kr/products/257505665
203,아이폰13미니 128기가,550000,https://m.bunjang.co.kr/products/238001131
204,아이폰 13미니 128기가 화이트색상,380000,https://m.bunjang.co.kr/products/258205194
205,아이폰13프로맥스 A급 128기가 그래파이트,750000,https://m.bunjang.co.kr/products/258104720
206,아이폰 13 128 핑크 급처,400000,https://m.bunjang.co.kr/products/257981947
207,아이폰13미니. 새상품컨디션. 128기가,430000,https://m.bunjang.co.kr/products/242581495
208,[사은품증정이벤트]아이폰13미니 핑크128 배터리80 S급No.38131,390000,https://m.bunjang.co.kr/products/258237942
209,아이폰 13pro 128기가,700000,https://m.bunjang.co.kr/products/257561867
210,아이폰 13 128 팝니다,500000,https://m.bunjang.co.kr/products/257144563
211,아이폰13 mini 미니 128기가 스타라이트,400000,https://m.bunjang.co.kr/products/258188157
212,아이폰 13 미드나이트 128기가,470000,https://m.bunjang.co.kr/products/257753586
213,아이폰13 128,250000,https://m.bunjang.co.kr/products/257088974
214,아이폰 13 128기가,600000,https://m.bunjang.co.kr/products/257156951
215,아이폰 13미니 미드나이트 128,450000,https://m.bunjang.co.kr/products/257710663
216,아이폰 13 화이트 128기가,535000,https://m.bunjang.co.kr/products/257235882
217,아이폰 13 핑크 128,400000,https://m.bunjang.co.kr/products/257140694
218,아이폰 13 레드 128기가 판매합니다,500000,https://m.bunjang.co.kr/products/257905612
219,아이폰13미니 128기가,470000,https://m.bunjang.co.kr/products/257374123
220,아이폰 13미니 128기가,345000,https://m.bunjang.co.kr/products/255237669
221,아이폰 13미니 미드나이트 128기가,350000,https://m.bunjang.co.kr/products/248618009
222,아이폰 13프로 128,600000,https://m.bunjang.co.kr/products/251529288
223,아이폰 13프로(128)싸게팝니다.그래파이트84%,680000,https://m.bunjang.co.kr/products/258093278
224,아이폰 13미니 128기가 핑크,300000,https://m.bunjang.co.kr/products/257422806
225,(AA급)무잔상 아이폰13 128기가 화이트 부산,543000,https://m.bunjang.co.kr/products/258183670
226,아이폰13 128 배터리89 블랙,500000,https://m.bunjang.co.kr/products/257399830
227,13프로맥스 128,700000,https://m.bunjang.co.kr/products/256653005
228,아이폰 13 128기가 핑크 무음,500000,https://m.bunjang.co.kr/products/257369291
229,"아이폰13,화이트,128기가,82%",500000,https://m.bunjang.co.kr/products/256926744
230,아이폰13 128기가 특가폰 369252,460000,https://m.bunjang.co.kr/products/252512048
231,당일발송 S급 아이폰13 128기가 화이트 무잔상,542000,https://m.bunjang.co.kr/products/256749349
232,아이폰 13 pro 시에라블루 128기가 풀백,630000,https://m.bunjang.co.kr/products/257897379
233,아이폰 13 핑크 128기가,460000,https://m.bunjang.co.kr/products/250354365
234,50만네고가능 아이폰13 블랙 128기가,610000,https://m.bunjang.co.kr/products/257881909
235,아이폰 13미니 128기가 미드나이트 팔아요,560000,https://m.bunjang.co.kr/products/256047252
236,아이폰 13 핑크 128기가,450000,https://m.bunjang.co.kr/products/256598464
237,당일발송 AA급 아이폰13 128기가 화이트 무잔상,543000,https://m.bunjang.co.kr/products/258121281
238,아이폰 13 화이트 128기가,580000,https://m.bunjang.co.kr/products/255110044
239,아이폰13미니 128기가 핑크,410000,https://m.bunjang.co.kr/products/257135404
240,아이폰 13 화이트 128기가,430000,https://m.bunjang.co.kr/products/256893441
241,당일발송 S급 아이폰 13미니 128기가 블루 무잔상,428000,https://m.bunjang.co.kr/products/258025221
242,애플 아이폰 13 미니 자급제 128 핑크 미개봉 새제품 128g,1200000,https://m.bunjang.co.kr/products/181390844
243,아이폰 13 미니 128 미개봉 새상품 미드나이트,740000,https://m.bunjang.co.kr/products/247022350
244,애플 13프로 128 기가 팝니다,550000,https://m.bunjang.co.kr/products/251559381
245,당일발송 S급 아이폰 13미니 128기가 핑크 무잔상,448000,https://m.bunjang.co.kr/products/257960546
246,(S급)무잔상 아이폰13 128기가 핑크 부산,520000,https://m.bunjang.co.kr/products/257553114
247,아이폰 13미니 화이트 128기가,450000,https://m.bunjang.co.kr/products/242715389
248,아이폰 13 128기가 애플( ㅅㅊㅇ 15 14 프로,460000,https://m.bunjang.co.kr/products/253723432
249,아이폰 13 미니 128 GB 판매 (특판),410000,https://m.bunjang.co.kr/products/255847900
250,아이폰13 128 액정파손 팝니다,330000,https://m.bunjang.co.kr/products/229432267
251,아이폰 13미니 128기가 판매합니다,600000,https://m.bunjang.co.kr/products/257335408
252,"아이폰 13 pro 128 , 시에라블루 S급",800000,https://m.bunjang.co.kr/products/248665640
253,(S급)무잔상 아이폰 13미니 128기가 핑크 부산,448000,https://m.bunjang.co.kr/products/257614569
254,20205 아이폰13미니 128기가 블루 공기계 팝니다 배터리100%,420000,https://m.bunjang.co.kr/products/255853214
255,"아이폰13프로 128기가 배터리87% 생활기스,케이스 항상착용",600000,https://m.bunjang.co.kr/products/258000609
256,아이폰13미니 128기가 화이트,410000,https://m.bunjang.co.kr/products/256720434
257,<2주사용>아이폰13미니 핑크 자급제 128기가,600000,https://m.bunjang.co.kr/products/257561055
258,아이폰13미니 미드나이트 128기가 A급 팔아요~,500000,https://m.bunjang.co.kr/products/248605015
259,아이폰13 128기가 50만원,500000,https://m.bunjang.co.kr/products/250701943
260,당일발송 S급 아이폰13 128기가 핑크 무잔상,520000,https://m.bunjang.co.kr/products/257496414
261,아이폰13 128기가 50만원,500000,https://m.bunjang.co.kr/products/250701943
262,아이폰 13 128기가 급처,430000,https://m.bunjang.co.kr/products/252657443
263,당일발송 S급 아이폰13 128기가 핑크 무잔상,520000,https://m.bunjang.co.kr/products/257496414
264,아이폰 13 미드나이트 128기가 리퍼 미사용,640000,https://m.bunjang.co.kr/products/254126631
265,아이폰13미니 128기가팝니다,369000,https://m.bunjang.co.kr/products/256663823
266,아이폰 13프로pro 128기가 골드 판매,570000,https://m.bunjang.co.kr/products/257072195
267,[사은품증정이벤트]아이폰13미니 핑크128 배터리81~No.84700,380000,https://m.bunjang.co.kr/products/258015338
268,[사은품증정이벤트]아이폰13미니 핑크128 배터리81~No.84700,380000,https://m.bunjang.co.kr/products/258005881
269,(S급)무잔상 아이폰13 128기가 화이트 부산,545000,https://m.bunjang.co.kr/products/257201198
270,41만네고가능) 아이폰13미니 핑크 색상 128기가 판매합니다.,485000,https://m.bunjang.co.kr/products/235500538
271,[사은품증정이벤트]아이폰13미니 핑크128 배터리80 S급No.38131,390000,https://m.bunjang.co.kr/products/258130493
272,아이폰13 128기가 그린 팝니다.,700000,https://m.bunjang.co.kr/products/237204234
273,아이폰13 128기가 배터리100%,570000,https://m.bunjang.co.kr/products/256528412
274,아이폰 13pro 그라파이트 128,650000,https://m.bunjang.co.kr/products/255671591
275,[사은품증정이벤트]아이폰13미니 핑크128 배터리81~No.84700,380000,https://m.bunjang.co.kr/products/257887664
276,아이폰 13 프로맥스 128 화이트 실버,1100000,https://m.bunjang.co.kr/products/232303890
277,[사은품증정이벤트]아이폰13미니 핑크128 배터리80 S급No.38131,390000,https://m.bunjang.co.kr/products/258014955
278,[사은품증정이벤트]아이폰13미니 핑크128 배터리80 S급No.38131,390000,https://m.bunjang.co.kr/products/258008581
279,아이폰13프로128기가 급처분,580000,https://m.bunjang.co.kr/products/256598202
280,*특가처분* 아이폰13 128기가 0617467,340000,https://m.bunjang.co.kr/products/254353219
281,아이폰13프로 128기가,600000,https://m.bunjang.co.kr/products/255951709
282,[사은품증정이벤트]아이폰13미니 핑크128 배터리80 S급No.38131,390000,https://m.bunjang.co.kr/products/257896729
283,(미사용 새상품)아이폰13미니 128 미드나이트(블랙),600000,https://m.bunjang.co.kr/products/257086202
284,13 프로맥스 128 기가,810000,https://m.bunjang.co.kr/products/255827984
285,이이폰13미니 128 급쳐~,450000,https://m.bunjang.co.kr/products/256433425
286,69만네고가능미개봉새상품] 아이폰13미니 미드나잇 128기가 판매합니다.,790000,https://m.bunjang.co.kr/products/225868646
287,(미개봉) 아이폰 13미니 128기가 스타라이트,750000,https://m.bunjang.co.kr/products/258334815
288,아이폰13 128 블랙 판매합니다,550000,https://m.bunjang.co.kr/products/256327828
289,아이폰13 프로맥스 128기가 -> 14프로 이상으로 교환원합니다.,800000,https://m.bunjang.co.kr/products/257527509
290,아이폰 13 미니 128,420000,https://m.bunjang.co.kr/products/253760388
291,아이폰 13 128 Red,490000,https://m.bunjang.co.kr/products/255659357
292,아이폰13미니128 그린 리퍼폰(새상품),599000,https://m.bunjang.co.kr/products/256464826
293,미개봉새상품)아이폰13미니 128기가 스타라이트,820000,https://m.bunjang.co.kr/products/249274493
294,아이폰 13프로맥스 128기가 뒷판 살짝 금,650000,https://m.bunjang.co.kr/products/258425166
295,[특S급/당일배송]13미니/128/블루/128G/아이폰/209/#S급,495000,https://m.bunjang.co.kr/products/256880379
296,아이폰13pro 128기가,750000,https://m.bunjang.co.kr/products/255551286
297,(급전) 아이폰 13 핑크 128기가 판매합니다,470000,https://m.bunjang.co.kr/products/258210699
298,아이폰 13프로 128기가 배터리성능 85 추금거래,650000,https://m.bunjang.co.kr/products/256734835
299,아이폰13프로 128이가,590000,https://m.bunjang.co.kr/products/255732668
300,(A급)무잔상 아이폰 13미니 128기가 화이트 부산,415000,https://m.bunjang.co.kr/products/254913464
301,아이폰 13미니 128기가,400000,https://m.bunjang.co.kr/products/255391860
302,아이폰13미니 128기가 핑크 코랄,410000,https://m.bunjang.co.kr/products/255991298
303,아이폰 13 미니 128기가 (배터리 효율 100%),630000,https://m.bunjang.co.kr/products/256111781
304,아이폰13프로 128기가 시에라블루색상팝니다,560000,https://m.bunjang.co.kr/products/255958424
305,아이폰13미니 128기가,550000,https://m.bunjang.co.kr/products/246658592
306,아이폰 13미니 128 화이트,360000,https://m.bunjang.co.kr/products/255324994
307,아이폰 13미니 128,370000,https://m.bunjang.co.kr/products/254873094
308,아이폰13미니 128 급처 배터리상태 89%,440000,https://m.bunjang.co.kr/products/255626602
309,아이폰 13프로맥스 128,700000,https://m.bunjang.co.kr/products/255149315
310,08742 아이폰13 128기가 A급 핑크 공기계 팝니다 부산아이폰13,530000,https://m.bunjang.co.kr/products/252417504
311,아이폰 13미니 128기가 화이트 팜니다. (상태 굿),430000,https://m.bunjang.co.kr/products/256511467
312,(AA급)무잔상 아이폰13 128기가 화이트 부산,508000,https://m.bunjang.co.kr/products/255693956
313,13pro 골드 128기가,650000,https://m.bunjang.co.kr/products/244346329
314,아이폰 13미니 128,500000,https://m.bunjang.co.kr/products/253108576
315,아이폰 13 128기가 80% 팝니다,500000,https://m.bunjang.co.kr/products/255490885
316,아이폰 13 프로 128,1010000,https://m.bunjang.co.kr/products/255022264
317,아이폰 13 128기가,550000,https://m.bunjang.co.kr/products/255009910
318,아이폰13프로 128,565000,https://m.bunjang.co.kr/products/254989546
319,(A급)무잔상 아이폰13 128기가 화이트 부산,518000,https://m.bunjang.co.kr/products/256016721
320,아이폰13프로맥스128기가 sss,830000,https://m.bunjang.co.kr/products/255598682
321,아이폰 13프로 128 시에라블루 리퍼 후 판매합니다.,800000,https://m.bunjang.co.kr/products/256325508
322,아이폰 13미니 128기가,600000,https://m.bunjang.co.kr/products/255125106
323,(AA급)무잔상 아이폰13 128기가 블랙 부산,528000,https://m.bunjang.co.kr/products/253904452
324,아이폰 13미니 미드나잇블루 128 판매합니다.,550000,https://m.bunjang.co.kr/products/255918504
325,(A급)무잔상 아이폰13 128기가 그린 부산,498000,https://m.bunjang.co.kr/products/252503013
326,당일발송 AA급 아이폰13 128기가 블랙 무잔상,528000,https://m.bunjang.co.kr/products/253784303
327,아이폰 13미니 128 미드나이트,650000,https://m.bunjang.co.kr/products/255237739
328,액정깨끗! 아이폰13미니 128기가 블랙 팝니다 #97859,400000,https://m.bunjang.co.kr/products/253829585
329,(S급)무잔상 아이폰 13미니 128기가 블랙 부산,418000,https://m.bunjang.co.kr/products/256016979
330,아이폰13미니128,600000,https://m.bunjang.co.kr/products/251553636
331,아이폰 13프로 128 판매합니다,520000,https://m.bunjang.co.kr/products/255401845
332,아이폰 13 128 핑크,550000,https://m.bunjang.co.kr/products/254424163
333,당일발송 AA급 아이폰13 128기가 화이트 무잔상,508000,https://m.bunjang.co.kr/products/255523519
334,아이폰13미니 스타라이트 자급제 풀박스 128기가(sss급),500000,https://m.bunjang.co.kr/products/242236524
335,[사은품증정이벤트]아이폰13미니 핑크128 배터리81~No.84700,400000,https://m.bunjang.co.kr/products/256426557
336,아이폰13프로128,550000,https://m.bunjang.co.kr/products/252477660
337,아이폰 13 128기가<액정 고장>,390000,https://m.bunjang.co.kr/products/255025534
338,아이폰 13 프로 시에라 블루 128,540000,https://m.bunjang.co.kr/products/255013528
339,아이폰13프로 시에라블루 128기가,570000,https://m.bunjang.co.kr/products/255199556
340,당일발송 A급 아이폰13 128기가 그린 무잔상,498000,https://m.bunjang.co.kr/products/252827358
341,아이폰 13 128기가 성능 88% 깨끗한 화이트 판매합니다,470000,https://m.bunjang.co.kr/products/256064104
342,[사은품증정이벤트]아이폰13미니 핑크128 배터리80 S급No.38131,410000,https://m.bunjang.co.kr/products/256411460
343,아이폰13프로 128기가,600000,https://m.bunjang.co.kr/products/254483915
344,16882 아이폰13 128기가 스타라이트 공기계 팝니다 부산아이폰13,530000,https://m.bunjang.co.kr/products/252413508
345,[사은품증정이벤트]아이폰13미니 핑크128 배터리80 S급No.38131,410000,https://m.bunjang.co.kr/products/256295494
346,13미니 화이트 128 배터리85 판매,400000,https://m.bunjang.co.kr/products/253478537
347,[사은품증정이벤트]아이폰13미니 핑크128 배터리81~No.84700,400000,https://m.bunjang.co.kr/products/255957937
348,아이폰 13프로 128기가 자급제,700000,https://m.bunjang.co.kr/products/254522972
349,A급 13미니 블랙 128용량 88프로 판매,460000,https://m.bunjang.co.kr/products/254364492
350,[사은품증정이벤트]아이폰13미니 핑크128 배터리80 S급No.38131,410000,https://m.bunjang.co.kr/products/256091462
351,아이폰13미니 128기가,450000,https://m.bunjang.co.kr/products/257995076
352,아이폰13미니(핑크)128기가 팝니다,380000,https://m.bunjang.co.kr/products/254686335
353,아이폰13 128기가,520000,https://m.bunjang.co.kr/products/254012636
354,아이폰 13프로맥스 128기가,800000,https://m.bunjang.co.kr/products/254220289
355,아이폰13미니 128기가 스타라이트,420000,https://m.bunjang.co.kr/products/254560388
356,아이폰 13프로 128기가 실버(화이트),610000,https://m.bunjang.co.kr/products/254296168
357,아이폰 13 128,450000,https://m.bunjang.co.kr/products/253552085
358,(S급)무잔상 아이폰13 128기가 화이트 부산,518000,https://m.bunjang.co.kr/products/254912757
359,아이폰13 128기가 배터리 100프로,700000,https://m.bunjang.co.kr/products/241448462
360,아이폰 13프로맥스 화이트 128,800000,https://m.bunjang.co.kr/products/253921860
361,(A급)무잔상 아이폰13 128기가 화이트 부산,498000,https://m.bunjang.co.kr/products/252502516
362,아이폰13미니 핑크 128,430000,https://m.bunjang.co.kr/products/239837568
363,최저가 아이폰13미니 블랙 a급128기가 배터리 86프로 케이스증정,470000,https://m.bunjang.co.kr/products/232928277
364,"아이폰13미니 128 화이트 +정품 케이스(그린,핑크)",420000,https://m.bunjang.co.kr/products/254593497
365,아이폰 13 미니 128 g 핑크,350000,https://m.bunjang.co.kr/products/254024593
366,아이폰13 128 s급 배터리87,480000,https://m.bunjang.co.kr/products/254018512
367,아이폰 13미니 128 화이트,380000,https://m.bunjang.co.kr/products/252987040
368,아이폰13 128 화이트 팔아요,600000,https://m.bunjang.co.kr/products/253666432
369,아이폰 13프로 128기가,750000,https://m.bunjang.co.kr/products/253067645
370,아이폰13미니 128스타라이트 상태최상 필름 및 케이스,420000,https://m.bunjang.co.kr/products/255056521
371,아이폰13프로맥스128,650000,https://m.bunjang.co.kr/products/252975517
372,아이폰13 핑크 128,700000,https://m.bunjang.co.kr/products/253432253
373,아이폰13 미드나이트 128 배터리90 팝니다,400000,https://m.bunjang.co.kr/products/254381780
374,아이폰13미니128기가 화이트,480000,https://m.bunjang.co.kr/products/253789720
375,(S급)무잔상 아이폰13 128기가 화이트 부산,530000,https://m.bunjang.co.kr/products/254300114
376,아이폰13 128기가 공기계,600000,https://m.bunjang.co.kr/products/251976447
377,(S급)무잔상 아이폰 13미니 128기가 핑크 부산,435000,https://m.bunjang.co.kr/products/254299481
378,아이폰13-128,400000,https://m.bunjang.co.kr/products/252588452
379,아이폰13프로 128기가 S급,660000,https://m.bunjang.co.kr/products/252251678
380,아이폰13미니 128기가(풀박),430000,https://m.bunjang.co.kr/products/253347263
381,(AA급)무잔상 아이폰 13미니 128기가 그린 부산,415000,https://m.bunjang.co.kr/products/254418497
382,아이폰 13프로맥스 128 블루,750000,https://m.bunjang.co.kr/products/252967497
383,아이폰 13 128기가,500000,https://m.bunjang.co.kr/products/252777329
384,당일발송 A급 아이폰13 128기가 화이트 무잔상,498000,https://m.bunjang.co.kr/products/252825781
385,아이폰 13 스타라이트 128GB 아이폰13 128,450000,https://m.bunjang.co.kr/products/253146093
386,아이폰 13프로맥스 128기가,800000,https://m.bunjang.co.kr/products/252889178
387,아이폰 13 128,420000,https://m.bunjang.co.kr/products/252334742
388,아이폰13 128기가 핑크 a급 네고가능,570000,https://m.bunjang.co.kr/products/253512724
389,아이폰13 핑크 128기가,350000,https://m.bunjang.co.kr/products/252783817
390,아이폰 13프로 128,590000,https://m.bunjang.co.kr/products/252596965
391,(네고가능)아이폰13미니 128기가(064501),500000,https://m.bunjang.co.kr/products/248972565
392,아이폰13 128기가 팝니다 배터리 성능 90,320000,https://m.bunjang.co.kr/products/253306442
393,아이폰 13 핑크 128기가 85%,430000,https://m.bunjang.co.kr/products/252686678
394,아이폰13미니 128 핑크,400000,https://m.bunjang.co.kr/products/252550663
395,아이폰 13프로 128기가 풀박 판매합니다 (A급),650000,https://m.bunjang.co.kr/products/253475586
396,아이폰 13 128 화이트 배터리효율 96%,610000,https://m.bunjang.co.kr/products/252809225
397,아이폰 13미니 블랙 한개 128 미개봉,700000,https://m.bunjang.co.kr/products/247707830
398,아이폰13pro 128기가,500000,https://m.bunjang.co.kr/products/252450273
399,아이폰 13 128기가 핑크,450000,https://m.bunjang.co.kr/products/248247785
400,아이폰 13 pro max 128,730000,https://m.bunjang.co.kr/products/252375357
401,아이폰 13미니 128기가,610000,https://m.bunjang.co.kr/products/252155958
402,아이폰 13 화이트 128기가,450000,https://m.bunjang.co.kr/products/257292046
403,당일발송 A급 아이폰 13미니 128기가 블랙 무잔상,428000,https://m.bunjang.co.kr/products/235269079
404,아이폰 13미니 128기가 팔아요,350000,https://m.bunjang.co.kr/products/252691543
405,아이폰13프로 128기가,710000,https://m.bunjang.co.kr/products/252354360
406,[사은품증정이벤트]아이폰13미니 핑크128 배터리81~No.84700,400000,https://m.bunjang.co.kr/products/253918920
407,아이폰 13미니 128기가 핑크 s급,460000,https://m.bunjang.co.kr/products/252607133
408,아이폰13프로 맥스 128기가,650000,https://m.bunjang.co.kr/products/246393322
409,아이폰 13 128기가 팔아요,460000,https://m.bunjang.co.kr/products/255916476
410,[사은품증정이벤트]아이폰13미니 핑크128 배터리81~No.84700,400000,https://m.bunjang.co.kr/products/253774824
411,아이폰13프로맥스 128기가 미개봉 새상품(무음카메라),930000,https://m.bunjang.co.kr/products/252919359
412,아이폰 13프로 실버 128기가 급처,500000,https://m.bunjang.co.kr/products/252700715
413,[사은품증정이벤트]아이폰13미니 핑크128 배터리80 S급No.38131,410000,https://m.bunjang.co.kr/products/253917515
414,아이폰13 128기가,550000,https://m.bunjang.co.kr/products/251900078
415,아이폰 13프로맥스 128기가 그래파이트블랙,830000,https://m.bunjang.co.kr/products/252436016
416,[사은품증정이벤트]아이폰13미니 핑크128 배터리80 S급No.38131,410000,https://m.bunjang.co.kr/products/253784892
417,아이폰13미니 128. 레드팜니다,450000,https://m.bunjang.co.kr/products/239497014
418,아이폰13pro 128기가 팔아요,570000,https://m.bunjang.co.kr/products/251986106
419,아이폰 13프로 128 화이트상태 a급판매,570000,https://m.bunjang.co.kr/products/252541860
420,아이폰 13미니 128 그린 배터리 87%,420000,https://m.bunjang.co.kr/products/251951330
421,아이폰13프로 128기가 시에라블루,440000,https://m.bunjang.co.kr/products/252299821
422,아이폰13프로 128기가판매,650000,https://m.bunjang.co.kr/products/252132862
423,아이폰 13 미니 128기가 스타라이트 미개봉,650000,https://m.bunjang.co.kr/products/252493476
424,아이폰13프로맥스 128기가 풀박스,700000,https://m.bunjang.co.kr/products/257338292
425,아이폰 13 미니 128기가 풀박스 (급처),370000,https://m.bunjang.co.kr/products/251191738
426,[사은품증정이벤트]아이폰13미니 핑크128 배터리81~No.84700,400000,https://m.bunjang.co.kr/products/253425087
427,아이폰 13미니 128기가 핑크 부산,360000,https://m.bunjang.co.kr/products/250995119
428,(A급)무잔상 아이폰13 128기가 핑크 부산,498000,https://m.bunjang.co.kr/products/252598573
429,아이폰 13프로 시에라블루 128기가,550000,https://m.bunjang.co.kr/products/252239599
430,당일발송 AA급 아이폰 13미니 128기가 화이트 무잔상,390000,https://m.bunjang.co.kr/products/251930348
431,아이폰 13미니 128 흰색,380000,https://m.bunjang.co.kr/products/251627391
432,[사은품증정이벤트]아이폰13미니 핑크128 배터리81~No.84700,400000,https://m.bunjang.co.kr/products/253328066
433,[사은품증정이벤트]아이폰13미니 핑크128 배터리81~No.84700,400000,https://m.bunjang.co.kr/products/253274833
434,아이폰 13프로 128기가 애플케어 있음,700000,https://m.bunjang.co.kr/products/251855717
435,아이폰 13 미니 핑크 128 배터리 87 외관 S,380000,https://m.bunjang.co.kr/products/251074794
436,아이폰13미니 128기가 핑크 판매합니다 :),500000,https://m.bunjang.co.kr/products/256911765
437,유심기변 !! 아이폰 13미니 화이트 128 단순개봉 새상품급,510000,https://m.bunjang.co.kr/products/252533022
438,[사은품증정이벤트]아이폰13미니 핑크128 배터리80 S급No.38131,410000,https://m.bunjang.co.kr/products/253424159
439,아이폰13 128기가 판매해요,780000,https://m.bunjang.co.kr/products/188084548
440,아이폰13미니 128기가팝니다,339000,https://m.bunjang.co.kr/products/251854163
441,아이폰13미니 128 핑크,400000,https://m.bunjang.co.kr/products/251473513
442,[사은품증정이벤트]아이폰13미니 핑크128 배터리81~No.84700,400000,https://m.bunjang.co.kr/products/253143139
443,[사은품증정이벤트]아이폰13미니 핑크128 배터리80 S급No.38131,410000,https://m.bunjang.co.kr/products/253328926
444,아이폰13미니128기가,300000,https://m.bunjang.co.kr/products/256891480
445,아이폰13pro 128 화이트팔아요,650000,https://m.bunjang.co.kr/products/250295002
446,아이폰 13프로 13pro 128기가 그래파이트 판매해용,700000,https://m.bunjang.co.kr/products/252520757
447,[사은품증정이벤트]아이폰13미니 핑크128 배터리81~No.84700,400000,https://m.bunjang.co.kr/products/253021789
448,[사은품증정이벤트]아이폰13미니 핑크128 배터리80 S급No.38131,410000,https://m.bunjang.co.kr/products/253279862
449,아이폰 13 128기가,500000,https://m.bunjang.co.kr/products/251120569
450,당일발송 아이폰 13미니 128기가 핑크 무잔상,360000,https://m.bunjang.co.kr/products/250768905
451,아이폰13 프로 골드 128,500000,https://m.bunjang.co.kr/products/220920343
452,아이폰13미니 스타라이트 128팝니다!,480000,https://m.bunjang.co.kr/products/240363544
453,[사은품증정이벤트]아이폰13미니 핑크128 배터리80 S급No.38131,410000,https://m.bunjang.co.kr/products/253137620
454,아이폰13미니 128 팝니다 a+급,400000,https://m.bunjang.co.kr/products/251802665
455,아이폰13프로 128 그린 s급판매합니다!,600000,https://m.bunjang.co.kr/products/257496818
456,[사은품증정이벤트]아이폰13미니 핑크128 배터리80 S급No.38131,410000,https://m.bunjang.co.kr/products/253011597
457,(AA급)무잔상 아이폰 13미니 128기가 화이트 부산,360000,https://m.bunjang.co.kr/products/251690491
458,아이폰13미니 128기가 핑크 자급제,540000,https://m.bunjang.co.kr/products/249167977
459,아이폰13 128기가 블랙,480000,https://m.bunjang.co.kr/products/251062574
460,아이폰13미니 128기가 판매합니다 급처 네고x,200000,https://m.bunjang.co.kr/products/235126870
461,아이폰13 128기가,480000,https://m.bunjang.co.kr/products/250151685
462,아이폰 13미니 핑크 128기가 s급 (배터리 86),470000,https://m.bunjang.co.kr/products/229344547
463,아이폰 13 프로 128기가 무음카메라,650000,https://m.bunjang.co.kr/products/251296284
464,아이폰13미니 128기가 스타라이트 배터리88,530000,https://m.bunjang.co.kr/products/248696883
465,아이폰13promax (128),750000,https://m.bunjang.co.kr/products/252194965
466,아이폰13 핑크 128기가 판매합니다.,500000,https://m.bunjang.co.kr/products/250725844
467,아이폰13 프로 시에라블루 128기가,569999,https://m.bunjang.co.kr/products/247696008
468,아이폰13미니 128 스타라이트,600000,https://m.bunjang.co.kr/products/250791738
469,아이폰 13 미니 미드나이트 128기가,330000,https://m.bunjang.co.kr/products/250356044
470,(AA급)무잔상 아이폰 13미니 128기가 화이트 부산,380000,https://m.bunjang.co.kr/products/250636244
471,아이폰13프로 128 시에라블루,660000,https://m.bunjang.co.kr/products/249394156
472,아이폰13미니 미드나이트(블랙)128,385000,https://m.bunjang.co.kr/products/256443725
473,(S급)무잔상 아이폰 13미니 128기가 화이트 부산,479000,https://m.bunjang.co.kr/products/239942854
474,13프로 128기가 시에라블루 팝니다,630000,https://m.bunjang.co.kr/products/250747660
475,아이폰13 128기가 풀박,460000,https://m.bunjang.co.kr/products/250556301
476,아이폰13프로 128기가,622500,https://m.bunjang.co.kr/products/249922500
477,아이폰 13 핑크 128기가,500000,https://m.bunjang.co.kr/products/250427361
478,아이폰13프로 128기가 ss급블랙(그래파이트),700000,https://m.bunjang.co.kr/products/251298287
479,당일발송 SS급 아이폰 13미니 128기가 화이트 무잔상,479000,https://m.bunjang.co.kr/products/240373256
480,아이폰 13프로 128기가 판매합니다,580000,https://m.bunjang.co.kr/products/251011183
481,(S급)무잔상 아이폰 13미니 128기가 핑크 부산,410000,https://m.bunjang.co.kr/products/251329162
482,아이폰13 128기가 중고폰 팝니다,550000,https://m.bunjang.co.kr/products/250512915
483,아이폰13 128,400000,https://m.bunjang.co.kr/products/248731352
484,아이폰 13미니 128기가,300000,https://m.bunjang.co.kr/products/250162396
485,아이폰13미니 128 팝니다,350000,https://m.bunjang.co.kr/products/250147261
486,아이폰13 미니 128 미드나이트 배터리 98%,500000,https://m.bunjang.co.kr/products/239094486
487,아이폰13미니 128기가 화이트,470000,https://m.bunjang.co.kr/products/250349285
488,(구미터미널점)아이폰13 128기가 블랙 3사호환가능 중고폰,640000,https://m.bunjang.co.kr/products/246745841
489,아이폰13미니 128기가 배터리효율96% 화이트)83195,400000,https://m.bunjang.co.kr/products/248591821
490,아이폰13프로 시에라블루 128기가 판매,550000,https://m.bunjang.co.kr/products/250628850
491,아이폰 13 미니 블루 128기가(급처),500000,https://m.bunjang.co.kr/products/250463250
492,당일발송 AA급 아이폰 13미니 128기가 화이트 무잔상,380000,https://m.bunjang.co.kr/products/250033580
493,아이폰13프로맥스 128,700000,https://m.bunjang.co.kr/products/255056386
494,아이폰13미니 128기가 자급제 (B+급),380000,https://m.bunjang.co.kr/products/250337003
495,아이폰 13 프로 128 + 케이스타이파이 케이스 2종,860000,https://m.bunjang.co.kr/products/250632997
496,아이폰 13미니 128,370000,https://m.bunjang.co.kr/products/249553890
497,아이폰13미니 128,380000,https://m.bunjang.co.kr/products/247123799
498,아이폰 13 미니 핑크 128기가 풀박스,400000,https://m.bunjang.co.kr/products/255353159
499,아이폰13프로 128기가,600000,https://m.bunjang.co.kr/products/254776612
500,아이폰13 128기가 판매합니다,500000,https://m.bunjang.co.kr/products/252057148
501,아이폰13미니 핑크 128,480000,https://m.bunjang.co.kr/products/249345236
502,아이폰 13미니 128기가 미개봉,296000,https://m.bunjang.co.kr/products/247692439
503,아이폰13프로맥스128기가,1000000,https://m.bunjang.co.kr/products/239263123
504,아이폰 13 프로 128기가 시에라블루 팝니다,630000,https://m.bunjang.co.kr/products/249745468
505,아이폰 13미니 128기가,460000,https://m.bunjang.co.kr/products/249325204
506,아이폰13미니128 핑크 급처,380000,https://m.bunjang.co.kr/products/248598928
507,아이폰 13프로 128 블랙 배터리 성능 90%,650000,https://m.bunjang.co.kr/products/249250145
508,아이폰 13미니 128기가 90퍼,420000,https://m.bunjang.co.kr/products/241613034
509,아이폰 13 128기가 배터리 100%,400000,https://m.bunjang.co.kr/products/254800434
510,아이폰13미니 128 블루,300000,https://m.bunjang.co.kr/products/247452404
511,아이폰 13프로 128기가,700000,https://m.bunjang.co.kr/products/249137833
512,아이폰 13 128기가,470000,https://m.bunjang.co.kr/products/248312191
513,당일발송! 아이폰13미니 128/256GB 등급별 판매중~,429000,https://m.bunjang.co.kr/products/203469767
514,이이폰13 미니 128 판매합니다,480000,https://m.bunjang.co.kr/products/249077668
515,(S급)무잔상 아이폰13 128기가 레드 부산,530000,https://m.bunjang.co.kr/products/240048373
516,아이폰 13프로 128기가,680000,https://m.bunjang.co.kr/products/248815130
517,당일발송 S급 아이폰13 128기가 레드 무잔상,530000,https://m.bunjang.co.kr/products/240571440
518,아이폰13미니 스타라이트 128팝니다!,500000,https://m.bunjang.co.kr/products/240363854
519,아이폰 13 128기가 핑크,470000,https://m.bunjang.co.kr/products/248688364
520,아이폰13프로 128기가 골드,450000,https://m.bunjang.co.kr/products/254312211
521,아이폰 13 128기가 핑크 S급 판매합니다.,530000,https://m.bunjang.co.kr/products/249455921
522,아이폰 13미니 핑크 128,400000,https://m.bunjang.co.kr/products/248571265
523,13pro max 128 자급제 풀박,750000,https://m.bunjang.co.kr/products/248837333
524,아이폰 13 pro 시에라블루 128기가,550000,https://m.bunjang.co.kr/products/248912873
525,아이폰 13미니 화이트 128기가,300000,https://m.bunjang.co.kr/products/248750022
526,아이폰 13미니 128기가 팝니다,400000,https://m.bunjang.co.kr/products/248636440
527,아이폰13미니 그린128 자급제 미개봉,680000,https://m.bunjang.co.kr/products/248804353
528,부산 아이폰13미니 화이트 128기가 풀세트 판매해요,450000,https://m.bunjang.co.kr/products/249716445
529,(AA급)무잔상 아이폰 13미니 128기가 레드 부산,418000,https://m.bunjang.co.kr/products/246933538
530,새폰급S급] 아이폰 13 블랙 128기가 배100,750000,https://m.bunjang.co.kr/products/187405856
531,아이폰13미니 128기가 343507,395000,https://m.bunjang.co.kr/products/248471700
532,아이폰13미니 레드128팝니다!,500000,https://m.bunjang.co.kr/products/235019775
533,아이폰 프로 13 128기가 그래파이트 판매,630000,https://m.bunjang.co.kr/products/241311291
534,아이폰 13 미니 핑크 128 gb,400000,https://m.bunjang.co.kr/products/246142954
535,"아이폰13미니, 128기가 화이트",400000,https://m.bunjang.co.kr/products/247429122
536,아이폰13미니 128,550000,https://m.bunjang.co.kr/products/247819492
537,아이폰13프로 128 배터리100 뒷판깨짐 팝니다,500000,https://m.bunjang.co.kr/products/249579518
538,아이폰 13 pro 시에라 블루 128,680000,https://m.bunjang.co.kr/products/241306372
539,아이폰 13 핑크 128기가,500000,https://m.bunjang.co.kr/products/247988618
540,당일발송 AA급 아이폰 13미니 128기가 레드 무잔상,418000,https://m.bunjang.co.kr/products/247042874
541,아이폰 13프로 128,650000,https://m.bunjang.co.kr/products/252611539
542,아이폰13미니 128기가 화이트,550000,https://m.bunjang.co.kr/products/248024266
543,아이폰 13프로 128기가 판매 합니다 네고 가능!,500000,https://m.bunjang.co.kr/products/248808215
544,아이폰13미니 스타라이트 128팝니다,450000,https://m.bunjang.co.kr/products/245512583
545,아이폰13프로 128(직거래),700000,https://m.bunjang.co.kr/products/240370979
546,아이폰 화이트 13프로 128기가 판매해요,650000,https://m.bunjang.co.kr/products/248447298
547,아이폰13프로 시에라블루 128 급처,620000,https://m.bunjang.co.kr/products/248194122
548,아이폰13프로 128기가,650000,https://m.bunjang.co.kr/products/247581132
549,(배터리 98/내부액정 파손) 아이폰 13프로 128기가,450000,https://m.bunjang.co.kr/products/247484905
550,(A급)무잔상 아이폰13 128기가 화이트 부산,450000,https://m.bunjang.co.kr/products/248196276
551,아이폰 13프맥 128 14프맥으로 추금 교환 상일동,300000,https://m.bunjang.co.kr/products/248577467
552,아이폰 13 프로 128기가 그래파이트 상태S급,650000,https://m.bunjang.co.kr/products/247935539
553,(S급) 아이폰13 미니 스타라이트 128기가판매합니다,320000,https://m.bunjang.co.kr/products/248452130
554,아이폰 13 128 배터리 100 1주사용제품 팔아요,590000,https://m.bunjang.co.kr/products/246889157
555,(새해할인) 급처 아이폰 13 미니 128 배터리 82,380000,https://m.bunjang.co.kr/products/247967281
556,아이폰 13프로맥스 128기가 시에라블루(+아더에러 맥세이프 케이스),690000,https://m.bunjang.co.kr/products/247541827
557,아이폰 13 mini (스타라이트) 128,450000,https://m.bunjang.co.kr/products/247542623
558,아이폰 13 128,450000,https://m.bunjang.co.kr/products/246998350
559,(교환 가능)아이폰13 스타라이트 128기가,500000,https://m.bunjang.co.kr/products/252979789
560,아이폰13프로 128기가 골드,620000,https://m.bunjang.co.kr/products/247472284
561,아이폰 13 128,450000,https://m.bunjang.co.kr/products/246901089
562,아이폰13 미니 그린 128기가 자급제 미개봉 새상품,680000,https://m.bunjang.co.kr/products/252649771
563,아이폰 13미니 128 기가 블루 새상품급,459000,https://m.bunjang.co.kr/products/247621382
564,아이폰 13프로 그래파이트 128 (애케플->미사용) 풀박스,800000,https://m.bunjang.co.kr/products/232774033
565,아이폰 13 미드나이트 128기가,700000,https://m.bunjang.co.kr/products/245560836
566,아이폰13 미니 128,350000,https://m.bunjang.co.kr/products/245072828
567,아이폰13 스타라이트 128기가 케이스 5개포함 급처 교환가능,510000,https://m.bunjang.co.kr/products/253261003
568,아이폰 13프로 128기가,590000,https://m.bunjang.co.kr/products/251970568
569,아이폰13레드128팝니다,450000,https://m.bunjang.co.kr/products/246932164
570,아이폰13미니 스타라이트(화이트) 128기가 배터리 100 s급 풀박,690000,https://m.bunjang.co.kr/products/240230556
571,애플 아이폰13 128기가,430000,https://m.bunjang.co.kr/products/246676135
572,아이폰 13미니 128기가,480000,https://m.bunjang.co.kr/products/251923132
573,아이폰13프로 128 블루 팝니다,550000,https://m.bunjang.co.kr/products/246906534
574,아이폰 13 미니 128기가,400000,https://m.bunjang.co.kr/products/246864834
575,아이폰 13 핑크 (128기가),430000,https://m.bunjang.co.kr/products/246796508
576,아이폰 13 핑크 128기가,420000,https://m.bunjang.co.kr/products/245273562
577,아이폰13미니 128,350000,https://m.bunjang.co.kr/products/246454951
578,아이폰 13 128,530000,https://m.bunjang.co.kr/products/246065439
579,아이폰 13미니 128기가,450000,https://m.bunjang.co.kr/products/244773482
580,아이폰 13pro 128기가,670000,https://m.bunjang.co.kr/products/246480575
581,아이폰13 프로 실버 128기가,630000,https://m.bunjang.co.kr/products/242341383
582,아이폰 13 128 (풀박스),500000,https://m.bunjang.co.kr/products/245474341
583,아이폰13프로 128,630000,https://m.bunjang.co.kr/products/241687698
584,아이폰 13 프로 128기가 화이트,660000,https://m.bunjang.co.kr/products/246179105
585,아이폰13 프로 128,770000,https://m.bunjang.co.kr/products/239933130
586,아이폰 13 128 화이트,530000,https://m.bunjang.co.kr/products/246065527
587,아이폰13미니 128,700000,https://m.bunjang.co.kr/products/246083672
588,아이폰 13 128,500000,https://m.bunjang.co.kr/products/240888420
589,아이폰13pro 128기가,580000,https://m.bunjang.co.kr/products/246171140
590,아이폰13프로 128,600000,https://m.bunjang.co.kr/products/246046048
591,(S급)무잔상 아이폰 13미니 128기가 블루 부산,450000,https://m.bunjang.co.kr/products/247039183
592,아이폰13미니 핑크 128기가,200000,https://m.bunjang.co.kr/products/244801115
593,아이폰13미니128 새상품급,700000,https://m.bunjang.co.kr/products/239319996
594,아이폰13프로 128 그파,350000,https://m.bunjang.co.kr/products/214497807
595,아이폰13 128 미드나이트 판매,500000,https://m.bunjang.co.kr/products/245230882
596,아이폰 13미니 128기가,400000,https://m.bunjang.co.kr/products/245878417
597,(급매)2015년 맥북프로 13형 128기가 팝니다,250000,https://m.bunjang.co.kr/products/236206689
598,아이폰13 128 레드,530000,https://m.bunjang.co.kr/products/245622038
599,아이폰 13프로 128기가 스카이블루,600000,https://m.bunjang.co.kr/products/244531251
600,아이폰 13 128기가 상태좋음,500000,https://m.bunjang.co.kr/products/246077555
601,(S급)무잔상 아이폰 13미니 128기가 화이트 부산,480000,https://m.bunjang.co.kr/products/241337684
602,당일발송 SS급 아이폰 13미니 128기가 화이트 무잔상,480000,https://m.bunjang.co.kr/products/241453183
603,아이폰13 화이트 128기가,500000,https://m.bunjang.co.kr/products/240981532
604,아이폰 13 핑크 128기가 판매합니다,480000,https://m.bunjang.co.kr/products/245554066
605,아이폰 13미니 128기가 판매합니다.,460000,https://m.bunjang.co.kr/products/246204083
606,아이폰13 128기가 ss급판매,500000,https://m.bunjang.co.kr/products/250088273
607,아이폰 13프로 128기가 그라파이트,600000,https://m.bunjang.co.kr/products/245701122
608,아이폰 13프로 그래파이트 128기가,680000,https://m.bunjang.co.kr/products/240344891
609,아이폰 13 128 핑크,500000,https://m.bunjang.co.kr/products/245223963
610,아이폰 13미니 128 핑크 팝니다!,450000,https://m.bunjang.co.kr/products/243995503
611,아이폰 13핑크 128 상태 굿,480000,https://m.bunjang.co.kr/products/241440979
612,아이폰13프로 128기가,650000,https://m.bunjang.co.kr/products/245350465
613,아이폰13 128기가 SSS급 저렴히 판매합니다,490000,https://m.bunjang.co.kr/products/245171860
614,[새상품] 아이폰 13 프로맥스 골드 128,900000,https://m.bunjang.co.kr/products/245373160
615,아이폰13미니 화이트 128기가,390000,https://m.bunjang.co.kr/products/245282729
616,아이폰13미니 블랙 128기가,500000,https://m.bunjang.co.kr/products/245224827
617,아이폰 13 \ 128기가 / 미드나이트색상,550000,https://m.bunjang.co.kr/products/245358181
618,당일발송 S급 아이폰 13프로맥스 128기가 시에나블루,760000,https://m.bunjang.co.kr/products/239781080
619,아이폰13프로 128기가,660000,https://m.bunjang.co.kr/products/244737108
620,아이폰13 핑크 128기가,370000,https://m.bunjang.co.kr/products/244875218
621,아이폰13미니 128기가 미드나이트 자급제 미개봉 팔아요. 경기도 평택,700000,https://m.bunjang.co.kr/products/238169317
622,아이폰13미니 핑크 128기가 상태최상,480000,https://m.bunjang.co.kr/products/240122272
623,당일발송 A급 아이폰 13미니 128기가 블루 무잔상,448000,https://m.bunjang.co.kr/products/240793753
624,아이폰 13 프로 128 그래파이트,630000,https://m.bunjang.co.kr/products/244802364
625,아이폰13미니 스타라이트 128기가,380000,https://m.bunjang.co.kr/products/250158618
626,아이폰13 핑크 128기가,440000,https://m.bunjang.co.kr/products/244803251
627,아이폰13 128기가,450000,https://m.bunjang.co.kr/products/243995553
628,아이폰13프로 128 배터리성능 87,600000,https://m.bunjang.co.kr/products/243130101
629,아이폰13프로128기가,700000,https://m.bunjang.co.kr/products/242824372
630,아이폰 13미니 미드나이트 128기가,350000,https://m.bunjang.co.kr/products/244977226
631,아이폰13미니128,430000,https://m.bunjang.co.kr/products/243369490
632,아이폰13프로 128,680000,https://m.bunjang.co.kr/products/244005060
633,아이폰 13 pro 128기가 그래파이트,700000,https://m.bunjang.co.kr/products/244779443
634,아이폰13 레드 128기가 팝니다.,630000,https://m.bunjang.co.kr/products/242627293
635,아이폰13프로맥스 128기가 시에라블루,780000,https://m.bunjang.co.kr/products/244248897
636,(AA급)무잔상 아이폰 13미니 128기가 블루 부산,448000,https://m.bunjang.co.kr/products/241225187
637,아이폰 미니13 핑크 128기가,440000,https://m.bunjang.co.kr/products/244373726
638,아이폰 13프로 128기가,700000,https://m.bunjang.co.kr/products/244417188
639,아이폰13 128기가,500000,https://m.bunjang.co.kr/products/244138469
640,아이폰 13프로 128,600000,https://m.bunjang.co.kr/products/244128733
641,아이폰13 128기가 s급,600000,https://m.bunjang.co.kr/products/244413205
642,아이폰 13 그린 128기가 S급,590000,https://m.bunjang.co.kr/products/228319175
643,아이폰13미니 128기가 화이트,400000,https://m.bunjang.co.kr/products/244435747
644,아이폰13 128기가팝니다,549000,https://m.bunjang.co.kr/products/244335268
645,아이폰13 미드나이트 128기가,500000,https://m.bunjang.co.kr/products/244282504
646,아이폰 13프로 128기가 스페이스그레이,600000,https://m.bunjang.co.kr/products/244751308
647,아이폰13 스타라이트 화이트 128 자급제 (S급),600000,https://m.bunjang.co.kr/products/242351152
648,아이폰13 128,600000,https://m.bunjang.co.kr/products/243831033
649,아이폰 13 미니 블루 128기가 완박스,650000,https://m.bunjang.co.kr/products/242976612
650,(급처분)아이폰13미니 128기가 그린 미개봉 팝니다.,680000,https://m.bunjang.co.kr/products/237026369
651,(SS급)무잔상 아이폰 13미니 128기가 블랙 부산,530000,https://m.bunjang.co.kr/products/241467639
652,아이폰 13 블루 128기가 자급제,460000,https://m.bunjang.co.kr/products/244311300
653,아이폰13프로 128기가 애플케어 팝니다,798000,https://m.bunjang.co.kr/products/244710948
654,아이폰 13 128,480000,https://m.bunjang.co.kr/products/243705431
655,아이폰 13프로 화이트 128기가 상태 S급,610000,https://m.bunjang.co.kr/products/244657676
656,아이폰 13 128 S급,580000,https://m.bunjang.co.kr/products/243874339
657,"아이폰13프로 시에라 블루 128(후면리퍼,배터리100) 구성품x",690000,https://m.bunjang.co.kr/products/244775002
658,(S급)무잔상 아이폰 13프로맥스 128기가 시에나블루 부산,760000,https://m.bunjang.co.kr/products/239664280
659,당일발송 S급 아이폰 13미니 128기가 블랙 무잔상,530000,https://m.bunjang.co.kr/products/241563462
660,아이폰13미니 미드나이트 128,330000,https://m.bunjang.co.kr/products/244184148
661,아이폰 13미니 128기가 블루,370000,https://m.bunjang.co.kr/products/243922029
662,아이폰 13미니 블루 128기가,450000,https://m.bunjang.co.kr/products/244068854
663,아이폰 13미니 128기가 팝니다,380000,https://m.bunjang.co.kr/products/243982217
664,아이폰13미니 128 (배터리 95%) S급,550000,https://m.bunjang.co.kr/products/242218120
665,(S급)무잔상 아이폰 13미니 128기가 레드 부산,406000,https://m.bunjang.co.kr/products/243181598
666,s급 아이폰 13미니 128,550000,https://m.bunjang.co.kr/products/243719113
667,아이폰 13프로 128기가 시에라블루,650000,https://m.bunjang.co.kr/products/243020192
668,[A급]아이폰13프로 128기가 시에라블루,650000,https://m.bunjang.co.kr/products/244318363
669,분홍뿜뿜 아이폰13 핑크 128,520000,https://m.bunjang.co.kr/products/243714554
670,아이폰 13pro 128 스페이스블랙,500000,https://m.bunjang.co.kr/products/243863204
671,아이폰 13미니 128기가 리퍼 새상품,590000,https://m.bunjang.co.kr/products/243993031
672,아이폰13미니 128 미개봉새상품,720000,https://m.bunjang.co.kr/products/243756852
673,아이폰 13 프로 실버 128 새상품,900000,https://m.bunjang.co.kr/products/243602007
674,(애케플~24.8.6)아이폰13 128기가 핑크 A급 풀박스 배터리 90,600000,https://m.bunjang.co.kr/products/239873694
675,아이폰 13프로 실버 128,650000,https://m.bunjang.co.kr/products/243444080
676,아이폰 13미니 128 스타라이트 화이트,428000,https://m.bunjang.co.kr/products/243810983
677,아이폰13프로 128 판매합니다,610000,https://m.bunjang.co.kr/products/241893145
678,아이폰13프로 128기가 시에라블루,650000,https://m.bunjang.co.kr/products/243771488
679,아이폰13프로 시에라블루 128리퍼,700000,https://m.bunjang.co.kr/products/243387595
680,아이폰 13프로맥스 128,750000,https://m.bunjang.co.kr/products/242713389
681,아이폰 13PRO 128 판매합니다,610000,https://m.bunjang.co.kr/products/241893060
682,아이폰 13프로 -128,600000,https://m.bunjang.co.kr/products/243128717
683,아이폰 13프로 128 시에라 블루,620000,https://m.bunjang.co.kr/products/240220376
684,아이폰13미니 128 미드나이트 판매합니다.,620000,https://m.bunjang.co.kr/products/244134035
685,아이폰13프로 시에라블루 128,780000,https://m.bunjang.co.kr/products/243447042
686,아이폰13미니 128기가 배터리효율86% 풀박스,450000,https://m.bunjang.co.kr/products/243805359
687,아이폰13프로 시에라블루 128기가 미국판 카메라,680000,https://m.bunjang.co.kr/products/240334516
688,당일발송 S급 아이폰 13미니 128기가 레드 무잔상,406000,https://m.bunjang.co.kr/products/243535758
689,아이폰 13미니 128 핑크 자급제 공기계,640000,https://m.bunjang.co.kr/products/237312418
690,아이폰 13 128기가,350000,https://m.bunjang.co.kr/products/242989214
691,아이폰 13 미니 핑크 128,400000,https://m.bunjang.co.kr/products/233483131
692,아이폰13미니 S급 화이트 크림 128기가 판매합니다.,400000,https://m.bunjang.co.kr/products/237436673
693,아이폰 13미니 128기가 핑크 판매합니다,450000,https://m.bunjang.co.kr/products/243971021
694,아이폰13프로 128,640000,https://m.bunjang.co.kr/products/242941344
695,아이폰13 128기가 핑크,570000,https://m.bunjang.co.kr/products/242035688
696,아이폰 13미니 128기가 미드나이트,400000,https://m.bunjang.co.kr/products/243548946
697,아이폰13 스타라이트 128기가,520000,https://m.bunjang.co.kr/products/243314094
698,아이폰 13 미드나이트 128기가,500000,https://m.bunjang.co.kr/products/243244986
699,아이폰 13 스타라이트 128 판매합니다. (택포),420000,https://m.bunjang.co.kr/products/242246790
700,아이폰 미니 13 128기가,390000,https://m.bunjang.co.kr/products/242794664
701,아이폰13미니 128 그린,500000,https://m.bunjang.co.kr/products/243024717
702,아이폰 13 핑크 128기가,530000,https://m.bunjang.co.kr/products/240632424
703,아이폰 13프로 128,860000,https://m.bunjang.co.kr/products/242637950
704,아이폰 13pro / 128기가,700000,https://m.bunjang.co.kr/products/242631474
705,아이폰13 스타라이트 128용량 무잔상 깔끔한단말기 판매합니다,690000,https://m.bunjang.co.kr/products/221477267
706,아이폰13프로맥스 128,850000,https://m.bunjang.co.kr/products/240335579
707,아이폰13프로 128기가 블루,650000,https://m.bunjang.co.kr/products/240722801
708,(SS급)무잔상 아이폰 13미니 128기가 화이트 풀박스 부산,540000,https://m.bunjang.co.kr/products/240343479
709,아이폰13미니 128기가 팝니다,390000,https://m.bunjang.co.kr/products/241475807
710,A+급 아이폰 13 128기가,550000,https://m.bunjang.co.kr/products/242856062
711,아이폰 13미니 스타라이트 128기가,400000,https://m.bunjang.co.kr/products/242959487
712,아이폰13 미니 128 급하게처분합니다,440000,https://m.bunjang.co.kr/products/243497261
713,급처) 아이폰13미니 128기가,330000,https://m.bunjang.co.kr/products/243085381
714,아이폰13 128기가 SS급,550000,https://m.bunjang.co.kr/products/241110704
715,(급처) 아이폰 13 미드나이트 128기가,750000,https://m.bunjang.co.kr/products/221348925
716,아이폰 13프로 128기가,660000,https://m.bunjang.co.kr/products/241043526
717,아이폰13 128화이트 A급,530000,https://m.bunjang.co.kr/products/242499057
718,S급 아이폰 13 미니 128,430000,https://m.bunjang.co.kr/products/241308814
719,아이폰13프로 128기가,670000,https://m.bunjang.co.kr/products/242401496
720,아이폰13 핑크 128,510000,https://m.bunjang.co.kr/products/240266833
721,아이폰 13 128기가 핑크,550000,https://m.bunjang.co.kr/products/242380679
722,아이폰 미니13 128 블루색상 판매합니다,510000,https://m.bunjang.co.kr/products/226153675
723,아이폰 13프로 128기가 그래파이트,520000,https://m.bunjang.co.kr/products/239853159
724,아이폰13프로 128 시에라블루 애케플+케이스 필름,850000,https://m.bunjang.co.kr/products/243444207
725,아이폰 13 프로 실버 128기가,590000,https://m.bunjang.co.kr/products/240440594
726,아이폰13 128기가 (풀박스),540000,https://m.bunjang.co.kr/products/241059937
727,아이폰13프로맥스128기가 상태완전좋음 직거래가능,720000,https://m.bunjang.co.kr/products/248484516
728,아이폰13프로맥스 128 스페이스그레이,900000,https://m.bunjang.co.kr/products/242623536
729,아이폰 13미니 128기가,420000,https://m.bunjang.co.kr/products/242353351
730,아이폰13프로맥스 실버색상 128용량 깨끗한단말기 S급 판매합니다,1050000,https://m.bunjang.co.kr/products/221489930
731,아이폰13프로 128 풀박스 + 애플케어(24년1월) 판매합니다!!,700000,https://m.bunjang.co.kr/products/243963542
732,아이폰 13 128 아쉽게 판매합니다,555000,https://m.bunjang.co.kr/products/242648045
733,SS급) 아이폰13미니 128기가 (새제품 상태),550000,https://m.bunjang.co.kr/products/243087379
734,아이폰 13프로 알파인그린 128기가 판매,680000,https://m.bunjang.co.kr/products/242442947
735,아이폰 13미니 128 미드나이트,399000,https://m.bunjang.co.kr/products/242405012
736,아이폰13프로 128,650000,https://m.bunjang.co.kr/products/242018948
737,아이폰 13미니 핑크 128,450000,https://m.bunjang.co.kr/products/242159752
738,아이폰13미니 스타라이트 128용량 새상품컨디션 초S급 판매합니다,650000,https://m.bunjang.co.kr/products/217026400
739,아이폰 13 화이트 128기가,520000,https://m.bunjang.co.kr/products/241693312
740,아이폰13 미니 핑크 128기가,450000,https://m.bunjang.co.kr/products/239696037
741,아이폰13프로 128기가 (실버화이트),580000,https://m.bunjang.co.kr/products/242578212
742,아이폰13미니 128기가,350000,https://m.bunjang.co.kr/products/242197411
743,아이폰 13 미니 128기가 스타라이트 87% s급,420000,https://m.bunjang.co.kr/products/242936459
744,아이폰13 미니 128기가 핑크 배터리100 팝니다,520000,https://m.bunjang.co.kr/products/242254989
745,아이폰 13미니 블루 128 (애플케어 가능),600000,https://m.bunjang.co.kr/products/238420971
746,당일발송 SS급 아이폰 13미니 128기가 화이트 풀박스 무잔상,540000,https://m.bunjang.co.kr/products/240520999
747,아이폰 13 미니 블랙 128 판매합니다,400000,https://m.bunjang.co.kr/products/241205073
748,아이폰13프로 128기가 골드 팔아요,750000,https://m.bunjang.co.kr/products/240029382
749,아이폰13 프로맥스 128기기,700000,https://m.bunjang.co.kr/products/242036022
750,아이폰 13 128기가,550000,https://m.bunjang.co.kr/products/239501601
751,아이폰13미니 핑크색상 128용량 무잔상 깨끗한단말기 S급 판매합니다,600000,https://m.bunjang.co.kr/products/221309178
752,아이폰 13프로 128기가,650000,https://m.bunjang.co.kr/products/241881463
753,아이폰13미니 128기가 ss급 급쳐!,430000,https://m.bunjang.co.kr/products/240467002
754,아이폰13미미 128 팝니다.,450000,https://m.bunjang.co.kr/products/241813346
755,아이폰13 미니 핑크 128기가 배터리효율100 팝니다,520000,https://m.bunjang.co.kr/products/242364119
756,아이폰13프로 시에라블루 128기가(미세파손으로 싸게팔아요),630000,https://m.bunjang.co.kr/products/243649297
757,아이폰13 128기가(핑크),500000,https://m.bunjang.co.kr/products/241805482
758,아이폰 13미니 128기가 (블루),420000,https://m.bunjang.co.kr/products/240778655
759,아이폰13미니핑크 128,400000,https://m.bunjang.co.kr/products/241710423
760,아이폰13프로 128 그라파이트,600000,https://m.bunjang.co.kr/products/246505831
761,아이폰13프로128실버팝니다,670000,https://m.bunjang.co.kr/products/241476954
762,아이폰 13 프로 128 시에라블루,650000,https://m.bunjang.co.kr/products/241815953
763,아이폰 13 프로맥스 128 실버 팝니다,770000,https://m.bunjang.co.kr/products/241771559
764,아이폰 13미니 128,350000,https://m.bunjang.co.kr/products/241374254
765,아이폰 13미니 128,380000,https://m.bunjang.co.kr/products/241331952
766,아이폰13PRO 128 판매합니다,670000,https://m.bunjang.co.kr/products/241892891
767,새상품 아이폰13미니 128 풀박스,600000,https://m.bunjang.co.kr/products/241758316
768,아이폰13 미니 128기가 미드나이트 풀박,430000,https://m.bunjang.co.kr/products/242089357
769,아이폰 13 미니 128,400000,https://m.bunjang.co.kr/products/241305693
770,아이폰 13 프로 128기가 그래파이트,650000,https://m.bunjang.co.kr/products/241582726
771,아이폰 13미니 핑크 128,400000,https://m.bunjang.co.kr/products/241427609
772,아이폰13프로맥스 128기가팝니다,959000,https://m.bunjang.co.kr/products/241618447
773,아이폰13 그린색상 128용량 배터리100% 리퍼남은폰 초S급 팝니다,850000,https://m.bunjang.co.kr/products/216646186
774,아이폰13미니 128기가 팔아요 ss급 풀박스,480000,https://m.bunjang.co.kr/products/240467219
775,아이폰13미니 128 핑크,450000,https://m.bunjang.co.kr/products/241389313
776,아이폰13프로맥스128 팝니디,850000,https://m.bunjang.co.kr/products/241962589
777,아이폰 13 128기가 박스있음 핑크,420000,https://m.bunjang.co.kr/products/241991045
778,아이폰13미니 128,590000,https://m.bunjang.co.kr/products/225493722
779,아이폰 13미니 128기가 팝니다!,380000,https://m.bunjang.co.kr/products/239413387
780,아이폰 13 미니 128 새상품 (개봉),699000,https://m.bunjang.co.kr/products/241532654
781,아이폰 13 프로 128기가,600000,https://m.bunjang.co.kr/products/246289280
782,아이폰 13미니 128 화이트 새삥 팔아요,508000,https://m.bunjang.co.kr/products/242034437
783,아이폰 13 pro 128기가 시에라 블루,700000,https://m.bunjang.co.kr/products/241679299
784,아이폰13pro 128(블루),550000,https://m.bunjang.co.kr/products/241292072
785,아이폰 13프로맥스 128기가 배터리 100%,850000,https://m.bunjang.co.kr/products/240785818
786,아이폰13PRO128 골드,670000,https://m.bunjang.co.kr/products/241137972
787,아이폰 13 미드나이트 128,500000,https://m.bunjang.co.kr/products/241157719
788,아이폰 13미니 128 스타라이트,650000,https://m.bunjang.co.kr/products/241269990
789,아이폰 미니13 핑크 128,460000,https://m.bunjang.co.kr/products/241146622
790,[s급] 아이폰13 블랙 128기가,550000,https://m.bunjang.co.kr/products/240694745
791,아이폰13미니 핑크 128기가,430000,https://m.bunjang.co.kr/products/241331397
792,아이폰13미니 핑크 128 + 블루투스 이어폰,450000,https://m.bunjang.co.kr/products/240521315
793,아이폰 13프로 시에라블루 128기가,500000,https://m.bunjang.co.kr/products/241481464
794,아이폰 13pro 시에라블루 128기가 s급팝니다!,700000,https://m.bunjang.co.kr/products/241712096
795,아이폰 13 미니 128기기,550000,https://m.bunjang.co.kr/products/241055924
796,아이폰 13 프로맥스 128 실버,710000,https://m.bunjang.co.kr/products/239574595
797,아이폰13프로 128 그라파이트,675000,https://m.bunjang.co.kr/products/241031447
798,아이폰13미니 128기가 (리퍼) (배터리100%!!),550000,https://m.bunjang.co.kr/products/241629472
799,아이폰13프로맥스 128 그래파이트 리퍼 판매합니다,900000,https://m.bunjang.co.kr/products/240823881
800,아이폰13미니 128기가 판매,400000,https://m.bunjang.co.kr/products/241120601
801,[새상품] 아이폰13 Pro 128 시에라블루,900000,https://m.bunjang.co.kr/products/241238577
802,아이폰13프로 128기가 골드,560000,https://m.bunjang.co.kr/products/241166351
803,아이폰 13프로 128기가,700000,https://m.bunjang.co.kr/products/240236331
804,아이폰 13프로 128,680000,https://m.bunjang.co.kr/products/238685365
805,아이폰13 128,500000,https://m.bunjang.co.kr/products/238849734
806,아이폰13프로 128,650000,https://m.bunjang.co.kr/products/240693495
807,아이폰13프로 시에라블루 128 팝니다,600000,https://m.bunjang.co.kr/products/240902353
808,아이폰 13미니 128기가 화이트색상,450000,https://m.bunjang.co.kr/products/241223537
809,아이폰 13 pro 골드 128기가 배터리 90이상 풀박스(가격제안가능),500000,https://m.bunjang.co.kr/products/242343985
810,아이폰13프로 128 시에라블루,650000,https://m.bunjang.co.kr/products/240942391
811,아이폰13프로맥스 128 블루 공기계,800000,https://m.bunjang.co.kr/products/239236060
812,아이폰13미니 128기가 팔아요 풀박스!,480000,https://m.bunjang.co.kr/products/240028799
813,아이폰13프로맥스 128,780000,https://m.bunjang.co.kr/products/240524300
814,아이폰13 128기가 팝니다,600000,https://m.bunjang.co.kr/products/240711247
815,아이폰13 미니 128기가,500000,https://m.bunjang.co.kr/products/239541427
816,아이폰 13미니 핑크 128,450000,https://m.bunjang.co.kr/products/240447305
817,아이폰13프로 128 시에라블루,800000,https://m.bunjang.co.kr/products/239723059
818,아이폰13프로 128기가 골드 팝니다,550000,https://m.bunjang.co.kr/products/240663884
819,당일발송 외관S급 아이폰13 128기가 그린 무잔상,590000,https://m.bunjang.co.kr/products/241226394
820,아이폰13미니 128,370000,https://m.bunjang.co.kr/products/240320983
821,아이폰13pro 시에라블루 128 판매합니다,700000,https://m.bunjang.co.kr/products/241199849
822,아이폰13프로 128,600000,https://m.bunjang.co.kr/products/240351644
823,아이폰13 화이트 128기가,580000,https://m.bunjang.co.kr/products/240526672
824,아이폰13프로 128기가 팝니다,640000,https://m.bunjang.co.kr/products/216279185
825,아이폰 13미니 128 화이트,450000,https://m.bunjang.co.kr/products/240259777
826,128기가 아이폰13미니 핑크 특A급 판매합니다.풀박스,450000,https://m.bunjang.co.kr/products/241113147
827,아이폰13 128 시에라블루,410000,https://m.bunjang.co.kr/products/240399214
828,S급) 아이폰13프로 128기가,650000,https://m.bunjang.co.kr/products/240732920
829,아이폰13 화이트 128기가,620000,https://m.bunjang.co.kr/products/240180871
830,"아이폰 12,13미니 128기가",200000,https://m.bunjang.co.kr/products/241561120
831,아이폰13 128 미드나이트 판매합니다,500000,https://m.bunjang.co.kr/products/240778236
832,아이폰13 스타라이트 128기가,550000,https://m.bunjang.co.kr/products/239752205
833,아이폰13 128 미드나이트 판매합니다,500000,https://m.bunjang.co.kr/products/240778236
834,아이폰13 스타라이트 128기가,550000,https://m.bunjang.co.kr/products/239752205
835,아이폰13 핑크 128,600000,https://m.bunjang.co.kr/products/240106848
836,아이폰13 스타라이트 128기가,600000,https://m.bunjang.co.kr/products/238666070
837,아이폰13미니 128기가 배터리99%,500000,https://m.bunjang.co.kr/products/240770364
838,아이폰13pro 골드 128기가,650000,https://m.bunjang.co.kr/products/240516897
839,애플 아이폰 13프로 골드 128기가,680000,https://m.bunjang.co.kr/products/239669444
840,(풀박) 아이폰 13 128기가 미드나이트,580000,https://m.bunjang.co.kr/products/240159496
841,아이폰13프로맥스 128기가,850000,https://m.bunjang.co.kr/products/240276892
842,아이폰13 스타라이트 128,530000,https://m.bunjang.co.kr/products/239307248
843,당일발송 SS급 아이폰 13미니 128기가 그린 무잔상,570000,https://m.bunjang.co.kr/products/240570369
844,아이폰 13pro / 128 / 케이스 / 보조배터리 / 풀박스 구성,750000,https://m.bunjang.co.kr/products/241014748
845,아이폰13미니 128,430000,https://m.bunjang.co.kr/products/245170094
846,(AA급)무잔상 아이폰 13미니 128기가 레드 부산,498000,https://m.bunjang.co.kr/products/240817924
847,아이폰13pro max 128기가 시에라블루,650000,https://m.bunjang.co.kr/products/240814022
848,아이폰13프로맥스 블루 128기가,850000,https://m.bunjang.co.kr/products/240388001
849,아이폰 13 프로맥스 128기가,755000,https://m.bunjang.co.kr/products/240152854
850,아이폰13프로 그라파이트 128 A급,650000,https://m.bunjang.co.kr/products/240273216
851,아이폰13프로 시에라블루 128기기 팝니다,680000,https://m.bunjang.co.kr/products/240750795
852,아이폰13미니 128기가 블루,500000,https://m.bunjang.co.kr/products/215172292
853,아이폰13프로 128,650000,https://m.bunjang.co.kr/products/239869962
854,아이폰13 미니 미드나이트 자급제 128,400000,https://m.bunjang.co.kr/products/239969608
855,아이폰 13프로 실버 128기가,800000,https://m.bunjang.co.kr/products/239116039
856,아이폰13프로 128,720000,https://m.bunjang.co.kr/products/239823317
857,아이폰 13프로 판매!! 급처!! 128기가 배터리 87,650000,https://m.bunjang.co.kr/products/240995454
858,아이폰13프로맥스 128기가 시에라블루,750000,https://m.bunjang.co.kr/products/240415230
859,아이폰13미니 128 핑크 미사용,650000,https://m.bunjang.co.kr/products/240400630
860,아이폰 13 pro 128 그라파이트 S급,800000,https://m.bunjang.co.kr/products/239318351
861,아이폰13미니 128기가,590000,https://m.bunjang.co.kr/products/239308375
862,아이폰 13프로 128기가 그래파이트,500000,https://m.bunjang.co.kr/products/239811914
863,아이폰13미니 128 스타라이트,555000,https://m.bunjang.co.kr/products/239820278
864,아이폰13프로 128기가 시에라블루,700000,https://m.bunjang.co.kr/products/240329705
865,아이폰13 미니 128기가 팝니다,310000,https://m.bunjang.co.kr/products/239314328
866,아이폰13 128,520000,https://m.bunjang.co.kr/products/239471075
867,아이폰13프로 128,650000,https://m.bunjang.co.kr/products/239681067
868,당일발송 AA급 아이폰 13미니 128기가 레드 무잔상,498000,https://m.bunjang.co.kr/products/241226045
869,아이폰 13pro 128 시에라블루,850000,https://m.bunjang.co.kr/products/238419042
870,아이폰 13프로 128기가,690000,https://m.bunjang.co.kr/products/238958559
871,"아이폰13프로 128 팝니다, 배터리효율(86) 눈물의 급쳐",620000,https://m.bunjang.co.kr/products/241130434
872,아이폰13 128 핑크,600000,https://m.bunjang.co.kr/products/239464936
873,아이폰13프로맥스128 블루,850000,https://m.bunjang.co.kr/products/239808387
874,아이폰13 핑크 128기가 (상태좋음),500000,https://m.bunjang.co.kr/products/240331797
875,아이폰13 핑크 128기가 ( 풀박),550000,https://m.bunjang.co.kr/products/239949992
876,아이폰 13미니 미드나잇 128기가,470000,https://m.bunjang.co.kr/products/239919069
877,아이폰 13 128기가 블루 상태 매우 좋습니다.,600000,https://m.bunjang.co.kr/products/239811496
878,아이폰13프로 그래파이트 128기가,700000,https://m.bunjang.co.kr/products/239685379
879,아이폰 13 128기가 블루,580000,https://m.bunjang.co.kr/products/239673590
880,아이폰13미니 128기가 미드나이트 판매합니다.,350000,https://m.bunjang.co.kr/products/244738324
881,아이폰13 스타라이트 128기가,680000,https://m.bunjang.co.kr/products/238324626
882,아이폰13pro 128 팝니다!,660000,https://m.bunjang.co.kr/products/239655516
883,아이폰13프로 128기가,800000,https://m.bunjang.co.kr/products/239646286
884,아이폰13프로맥스 128 골드 리퍼폰,1000000,https://m.bunjang.co.kr/products/240057595
885,아이폰13프로맥스 128 밧데리99%,900000,https://m.bunjang.co.kr/products/239852745
886,아이폰13 미니 128 팔아요,460000,https://m.bunjang.co.kr/products/239837262
887,아이폰 13프로 128기가,730000,https://m.bunjang.co.kr/products/239598984
888,아이폰13 미니 128 화이트 팝니다!,420000,https://m.bunjang.co.kr/products/239809095
889,아이폰 13핑크 128기가,550000,https://m.bunjang.co.kr/products/239427719
890,아이폰13 실버 128기가,500000,https://m.bunjang.co.kr/products/239583409
891,아이폰 13pro 128기가,600000,https://m.bunjang.co.kr/products/239231645
892,아이폰 13프로 128기가 시에라블루,620000,https://m.bunjang.co.kr/products/239694004
893,아이폰13프로 128,840000,https://m.bunjang.co.kr/products/239224176
894,아이폰13 pro 128기가,800000,https://m.bunjang.co.kr/products/239413402
895,아이폰13미니 128 자급제 급매,500000,https://m.bunjang.co.kr/products/239593712
896,아이폰 13 pro 128기가 화이트 팝니다,720000,https://m.bunjang.co.kr/products/238289950
897,아이폰 13 미니 128 스타라이트,600000,https://m.bunjang.co.kr/products/239558688
898,아이폰 13 프로맥스 128 알파인그린 풀박,900000,https://m.bunjang.co.kr/products/239596251
899,아이폰13미니 128기가 팝니다,520000,https://m.bunjang.co.kr/products/239541990
900,아이폰13pro골드 128,760000,https://m.bunjang.co.kr/products/239338890
901,아이폰13프로128기가,750000,https://m.bunjang.co.kr/products/239113851
902,아이폰 13 pro Max 128기가 실버,910000,https://m.bunjang.co.kr/products/239584423
903,13미니 128기가 핑크 88%,500000,https://m.bunjang.co.kr/products/239501450
904,아이폰13프로128,650000,https://m.bunjang.co.kr/products/244242656
905,아이폰 13프로 128기가 시에라 블루,730000,https://m.bunjang.co.kr/products/239695930
906,"아이폰13 미니 128, 배터리100, 가격제안",500000,https://m.bunjang.co.kr/products/239432280
907,아이폰 13프로 128 실버,810000,https://m.bunjang.co.kr/products/239266053
908,아이폰13 128기가 블랙 (새상품급),570000,https://m.bunjang.co.kr/products/239563470
909,아이폰 13미니 레드 128기가 팝니다,470000,https://m.bunjang.co.kr/products/239648380
910,아이폰 13 128,650000,https://m.bunjang.co.kr/products/238811631
911,아이폰13PRO 128기가 시에라블루 판매합니다.,700000,https://m.bunjang.co.kr/products/240230407
912,아이폰 13 프로 128 실버,700000,https://m.bunjang.co.kr/products/239208702
913,아이폰 13프로 128 (리퍼),850000,https://m.bunjang.co.kr/products/239184690
914,아이폰 13프로 128기가,850000,https://m.bunjang.co.kr/products/239169337
915,아이폰 13 핑크 128기가 s급 판매합니다,550000,https://m.bunjang.co.kr/products/239864842
916,아이폰13미니 128기가 핑크,550000,https://m.bunjang.co.kr/products/239349411
917,아이폰13미니 미드나이트 128A급,520000,https://m.bunjang.co.kr/products/240964529
918,아이폰13 128기가,610000,https://m.bunjang.co.kr/products/238915755
919,아이폰 13프로 시에라블루 128기가,710000,https://m.bunjang.co.kr/products/239502678
920,아이폰13프로 128기가 시에라블루,800000,https://m.bunjang.co.kr/products/239475078
921,아이폰 13 128기가 이렇게 깨끗하다고?,650000,https://m.bunjang.co.kr/products/239098013
922,아이폰13프로 실버 128기가 풀박스,640000,https://m.bunjang.co.kr/products/239168826
923,"아이폰13 미드나이트 128기가 S급 , 애플워치3 외",700000,https://m.bunjang.co.kr/products/240138297
924,아이폰 13미니 128 화이트,450000,https://m.bunjang.co.kr/products/239007110
925,아이폰 13 128기가 팝니다,730000,https://m.bunjang.co.kr/products/237788265
926,아이폰 13핑크 128기가 급처,600000,https://m.bunjang.co.kr/products/239158224
927,아이폰13프로128기가 시에라블루 팔아요,650000,https://m.bunjang.co.kr/products/239546534
928,아이폰13 화이트 128기가 풀!박!스! (상태 깔끔!!!)+필름 무료,550000,https://m.bunjang.co.kr/products/240361124
929,"아이폰 13미니 128기가 , 미드나이트 , 배터리효율 96프로",610000,https://m.bunjang.co.kr/products/240018202
930,아이폰13프로 128기가 그래파이트 풀박스,780000,https://m.bunjang.co.kr/products/239237880
931,아이폰 13 pro 128 시에라블루 팝니다.,880000,https://m.bunjang.co.kr/products/239398769
