,Title,Price,Link
0,아이폰13프로 256 액정리퍼 골드,830000,https://m.bunjang.co.kr/products/256656810
1,아이폰13미니 256 B급,400000,https://m.bunjang.co.kr/products/258988362
2,아이폰13미니 256 급처,460000,https://m.bunjang.co.kr/products/258987834
3,아이폰13 256기가 90% 미드나이트,540000,https://m.bunjang.co.kr/products/255855977
4,아이폰13미니 화이트 256 ss급 + 애플워치se1,630000,https://m.bunjang.co.kr/products/258887431
5,아이폰13프로맥스256골드,1000000,https://m.bunjang.co.kr/products/258987043
6,아이폰13프로 골드 256기가팔아요,750000,https://m.bunjang.co.kr/products/258987285
7,아이폰 13 미니 256,430000,https://m.bunjang.co.kr/products/258284896
8,아이폰13미니 256기가 블루 [003699],585000,https://m.bunjang.co.kr/products/258986792
9,아이폰미니 13 핑크 256 리퍼새상품,700000,https://m.bunjang.co.kr/products/257916518
10,아이폰13프로256,700000,https://m.bunjang.co.kr/products/253143052
11,"아이폰 13미니 256,512기가 스타라이트 미개봉 삽니다",1000000,https://m.bunjang.co.kr/products/258796313
12,아이폰13미니 256기가 블랙 공기계 [250519],505000,https://m.bunjang.co.kr/products/258985362
13,아이폰13프로맥스256골드,1000000,https://m.bunjang.co.kr/products/258775536
14,아이폰13 256기가 그린,630000,https://m.bunjang.co.kr/products/258778461
15,[아이폰 13프로256]화이트/AA급/자급제/256g/무료배송,695000,https://m.bunjang.co.kr/products/258984847
16,아이폰13프로 256,720000,https://m.bunjang.co.kr/products/258490997
17,맥북 에어13 m2 256,930000,https://m.bunjang.co.kr/products/257870782
18,아이폰13 프로 골드색상 256기가 판매,680000,https://m.bunjang.co.kr/products/257908965
19,아이폰 13 256기가 핑크 리퍼제품 박스 있음,670000,https://m.bunjang.co.kr/products/258786155
20,아이폰13 프로 256 상태 좋아요,700000,https://m.bunjang.co.kr/products/252470961
21,아이폰13프로 256기가 스페이스그레이,800000,https://m.bunjang.co.kr/products/257312300
22,아이폰 13프로 256 S급,690000,https://m.bunjang.co.kr/products/258979780
23,리퍼폰 아이폰13프로맥스 256기가 블랙색상판매합니다,1050000,https://m.bunjang.co.kr/products/237566889
24,자급제 리퍼후 미사용 아이폰13미니 256기가 스타라이트 풀박스,820000,https://m.bunjang.co.kr/products/258638657
25,아이폰13미니 256 미드나이트,380000,https://m.bunjang.co.kr/products/256436787
26,아이폰12프로맥스 256기가 배터리82% A급 13프로교환,550000,https://m.bunjang.co.kr/products/258754783
27,자급제 아이폰13 핑크 256기가 배터리 100% 풀박스,750000,https://m.bunjang.co.kr/products/257866046
28,아이폰13프로 256,650000,https://m.bunjang.co.kr/products/258609495
29,아이폰 13pro 256,700000,https://m.bunjang.co.kr/products/258963334
30,아이폰 13 pro 256,600000,https://m.bunjang.co.kr/products/258962526
31,아이폰13미니256기가 아이폰미니 아이폰13미니,400000,https://m.bunjang.co.kr/products/258972492
32,아이폰 13pro 시에라 블루 256기가,600000,https://m.bunjang.co.kr/products/258968904
33,아이폰 13프로 256 시에라블루 자급제 풀박스,740000,https://m.bunjang.co.kr/products/258971722
34,아이폰13미니 미드나이트 256기가 자급제 S급,700000,https://m.bunjang.co.kr/products/258959108
35,아이폰13 256 팝니다,500000,https://m.bunjang.co.kr/products/256994210
36,아이폰13 256팝니다,500000,https://m.bunjang.co.kr/products/257500140
37,아이폰13프로 실버 256,850000,https://m.bunjang.co.kr/products/253673534
38,아이폰 13pro 시에라블루 256,760000,https://m.bunjang.co.kr/products/240850566
39,아이폰 13미니 256 미드나이트,395000,https://m.bunjang.co.kr/products/254004695
40,아이폰13 프로 시에라블루 256기가 자급제,860000,https://m.bunjang.co.kr/products/258411282
41,[박스있음]아이폰13 미드나이트 256기가,500000,https://m.bunjang.co.kr/products/258742795
42,자급제 미사용 아이폰13프로맥스 256기가 시에라블루 풀박스,1020000,https://m.bunjang.co.kr/products/244421018
43,아이폰13mini 256 블랙(배터리100퍼)+애플케어플러스 급처,780000,https://m.bunjang.co.kr/products/258641783
44,LG그램 노트북 17인치 13세대 !5/램16/SSD256 풀박스,1250000,https://m.bunjang.co.kr/products/257175064
45,LG그램 노트북 360 16인치 13세대 !7/램16/SSD256 AAA,1250000,https://m.bunjang.co.kr/products/258415996
46,삼성 노트북 갤럭시북3 프로 16인치 13세대 !5/램16/SSD256,1050000,https://m.bunjang.co.kr/products/257537489
47,아이폰13 미니 256,450000,https://m.bunjang.co.kr/products/258943190
48,아이폰 13 256기가,550000,https://m.bunjang.co.kr/products/258950285
49,아이폰 13프로 256기가 시에라블루 팝니다,350000,https://m.bunjang.co.kr/products/258964477
50,아이폰 13pro 256,700000,https://m.bunjang.co.kr/products/258939013
51,아이폰13미니 미드나잇 256기가 A급배터리86%,380000,https://m.bunjang.co.kr/products/258916202
52,아이폰13미니 블랙 256,550000,https://m.bunjang.co.kr/products/258920189
53,아이폰13프로 256 골드,650000,https://m.bunjang.co.kr/products/258887126
54,아이폰 13프로 256(새상품/리퍼),850000,https://m.bunjang.co.kr/products/258948302
55,아이폰13pro 256 시에라블루,650000,https://m.bunjang.co.kr/products/258896628
56,맥북에어 m2 13 실버 256기가,1050000,https://m.bunjang.co.kr/products/258911330
57,아이폰13프로맥스 시에라블루 256기가,950000,https://m.bunjang.co.kr/products/258909000
58,아이폰 13pro 256 골드 판매합니다,630000,https://m.bunjang.co.kr/products/258911976
59,아이폰13 프로 256 실버 상태SSS급 판매합니다!,750000,https://m.bunjang.co.kr/products/258922147
60,아이폰 13 미니 용달 블루 256기가,1000000,https://m.bunjang.co.kr/products/201488032
61,아이폰13프로 pro 256 급처,680000,https://m.bunjang.co.kr/products/257214818
62,아이폰13 프로 256,680000,https://m.bunjang.co.kr/products/258298210
63,아이폰13프로256,700000,https://m.bunjang.co.kr/products/255670713
64,맥북 13형 256기가,800000,https://m.bunjang.co.kr/products/257029122
65,아이폰 13pro 256 리퍼,900000,https://m.bunjang.co.kr/products/256167010
66,아이폰13 256기가 화이트,560000,https://m.bunjang.co.kr/products/256439363
67,아이폰13프로 (256) 풀박스!,680000,https://m.bunjang.co.kr/products/257705417
68,아이폰 13 미니 핑크 256기가,380000,https://m.bunjang.co.kr/products/253174354
69,아이폰13 미드나이트 256기가,510000,https://m.bunjang.co.kr/products/248602497
70,아이폰13미니 256기가 풀박스,495000,https://m.bunjang.co.kr/products/256888745
71,아이폰 13프로맥스 스페이스그레이 256,1050000,https://m.bunjang.co.kr/products/250967785
72,아이폰 13미니 스타라이트 256,550000,https://m.bunjang.co.kr/products/257525222
73,아이폰13미니 256 / 미드나이트,400000,https://m.bunjang.co.kr/products/258045373
74,아이폰 13 256기가 화이트 팝니다,550000,https://m.bunjang.co.kr/products/257588610
75,아이폰13미니 256 스타라이트 팝니다,540000,https://m.bunjang.co.kr/products/258615814
76,아이폰13프로맥스 256기가 시에라블루,870000,https://m.bunjang.co.kr/products/258684203
77,네고o 아이폰13미니 핑크 256,550000,https://m.bunjang.co.kr/products/257961318
78,아이폰13프로 256 액정리퍼 골드,830000,https://m.bunjang.co.kr/products/256656810
79,아이폰 13프로 pro 그래파이트 graphite 256,750000,https://m.bunjang.co.kr/products/254146091
80,아이폰 13 256기가 배터리성능 83%,544000,https://m.bunjang.co.kr/products/256637039
81,아이폰 13미니 미드나이트 256기가(자급제),570000,https://m.bunjang.co.kr/products/257915487
82,13프로맥스 알파인그린 256 애플케어플러스,900000,https://m.bunjang.co.kr/products/251217323
83,아이폰13 128기가 256기가 무잔상 상태굿 ^^,510000,https://m.bunjang.co.kr/products/257880459
84,홍미노트13 8/256 정발제품 단순개봉입니다,210000,https://m.bunjang.co.kr/products/258206290
85,맥북 에어 13 m1 골드 256 16 +매직 마우스,1000000,https://m.bunjang.co.kr/products/258750530
86,아이폰13프로 256기가 애케플,810000,https://m.bunjang.co.kr/products/258757706
87,아이폰13프로맥스 256. 애플케어 가입상태 배터리 100프로,900000,https://m.bunjang.co.kr/products/258027450
88,아이폰13프로 256기가 무찍힘 무기스 상태최상 ^^,810000,https://m.bunjang.co.kr/products/258216988
89,아이폰13프로 256기가 무찍힘 무기스 상태최상 ^^,810000,https://m.bunjang.co.kr/products/258216207
90,맥북에어 m2 13.6인치 8램/256ssd 실버색상,1050000,https://m.bunjang.co.kr/products/258693077
91,폰고 | 03 맥북프로 13 2013 i5 / 8GB / 256SSD,339000,https://m.bunjang.co.kr/products/213429933
92,아이폰13프로 128기가256기가 무잔상 무찍힘 상태최상 ^^,660000,https://m.bunjang.co.kr/products/257992306
93,아이폰13프로 256기가 판매합니다.,490000,https://m.bunjang.co.kr/products/258934649
94,맥북에어 13 M2. 8 / 256 미개봉 새상품,1000000,https://m.bunjang.co.kr/products/258911310
95,(S급)풀박스 아이폰13프로맥스 256 블랙 판매해요,870000,https://m.bunjang.co.kr/products/258904828
96,아이폰13 프로 256 그래파이트 색상판매,750000,https://m.bunjang.co.kr/products/258871787
97,아이폰13미니 256,450000,https://m.bunjang.co.kr/products/247293606
98,아이폰 13 프로 256 삽니다,600000,https://m.bunjang.co.kr/products/246968705
99,(마지막내림)아이폰13프로 256,760000,https://m.bunjang.co.kr/products/239911714
100,아이폰13프로 256기가 실버,530000,https://m.bunjang.co.kr/products/258695587
101,아이폰13미니 256기가 핑크,560000,https://m.bunjang.co.kr/products/258038728
102,아이폰 13 미니 256 기가 스타라이트,540000,https://m.bunjang.co.kr/products/253689671
103,아이폰13미니 256기가 핑크 풀박 배터리 86%,600000,https://m.bunjang.co.kr/products/237988886
104,아이폰13프로 256그린+워치se40mm+에어팟3,630000,https://m.bunjang.co.kr/products/258061148
105,아이폰 13 256 화이트 팝니다.,650000,https://m.bunjang.co.kr/products/258851509
106,아이폰 13미니 256 핑크 풀박스,450000,https://m.bunjang.co.kr/products/258818077
107,아이폰 13 pro 256기가 실버 판매,730000,https://m.bunjang.co.kr/products/258830580
108,아이폰 13 미니 256기가 스타라이트 팔아요(13미니),450000,https://m.bunjang.co.kr/products/258798451
109,아이폰13미니 256,430000,https://m.bunjang.co.kr/products/258739699
110,아이폰13미니 256기가 레드 무료배송*인생폰*,465000,https://m.bunjang.co.kr/products/258812917
111,아이폰13 256기가 핑크,600000,https://m.bunjang.co.kr/products/256914498
112,아이폰13프로 256기가 +액정필름2장+투명케이스,700000,https://m.bunjang.co.kr/products/258814191
113,아이폰 13 pro 256기가,600000,https://m.bunjang.co.kr/products/258440880
114,맥북에어 M2 13 256/16GB 스페이스 그레이 풀박 팝니다,1300000,https://m.bunjang.co.kr/products/258794823
115,18041 아이폰13프로 256기가 그라파이트 공기계 팝니다 부산아이폰,730000,https://m.bunjang.co.kr/products/258793157
116,아이폰13프로맥스 256팝니다,800000,https://m.bunjang.co.kr/products/258468694
117,아이폰13프로맥스256골드,1000000,https://m.bunjang.co.kr/products/258749544
118,아이폰 13프로맥스 그라파이트 256기가,660000,https://m.bunjang.co.kr/products/258422459
119,아이폰13프로맥스 256 시에라블루,800000,https://m.bunjang.co.kr/products/210718402
120,아이폰13 256 미드나이트 S급,570000,https://m.bunjang.co.kr/products/255713269
121,아이폰13미니 256 화이트 중고폰,450000,https://m.bunjang.co.kr/products/258262506
122,아이폰 13미니 256기가 배터리 89%,550000,https://m.bunjang.co.kr/products/258713133
123,CASETIFY + 아이폰 13 미니 256기가 풀박스,730000,https://m.bunjang.co.kr/products/240574432
124,아이폰13미니256기가핑키,480000,https://m.bunjang.co.kr/products/254244241
125,홍미노트13프로 8램256기가 미개봉,340000,https://m.bunjang.co.kr/products/258518030
126,아이폰 13미니 256 미국판(카메라 무음),580000,https://m.bunjang.co.kr/products/258493309
127,19년 맥북프로 13형 8기가 메모리 256기가,500000,https://m.bunjang.co.kr/products/258065150
128,아이폰13프로 블루 256기가 무료배송*인생폰*,740000,https://m.bunjang.co.kr/products/255667119
129,아이폰 13프로 256기가 자급제 시에라블루 상태좋음,700000,https://m.bunjang.co.kr/products/258677810
130,"아이폰13프로256 풀박스 + 케이스3개,강화필름, 카메라 보호 필름",730000,https://m.bunjang.co.kr/products/258601986
131,아이폰13프로 스그 256 애플케어 기기 판매 및 교환희망,850000,https://m.bunjang.co.kr/products/253746376
132,아이폰13프로 128기가256기가 무잔상 무찍힘 상태최상 ^^,660000,https://m.bunjang.co.kr/products/257992030
133,[SSS급] 가격내림!! 아이폰13 핑크 256 배터리100 기스없음,700000,https://m.bunjang.co.kr/products/239642445
134,아이폰13프로 256,750000,https://m.bunjang.co.kr/products/254656629
135,아이폰13미니 256기가,430000,https://m.bunjang.co.kr/products/255486473
136,아이폰 13 256 미드나이트,570000,https://m.bunjang.co.kr/products/237391130
137,아이폰13프로맥스256골드,1000000,https://m.bunjang.co.kr/products/258673225
138,아이폰13프로맥스256골드,1000000,https://m.bunjang.co.kr/products/258662722
139,아이폰13프로맥스256골드,1000000,https://m.bunjang.co.kr/products/258534074
140,아이폰13미니256판매정품,639000,https://m.bunjang.co.kr/products/254296668
141,아이폰 13 프로맥스 256 판매합니다!,900000,https://m.bunjang.co.kr/products/239256412
142,아이폰13프로 256기가 시에라블루,820000,https://m.bunjang.co.kr/products/240258262
143,[644868] 아이폰13미니 256기가 스타라이트,585000,https://m.bunjang.co.kr/products/258763080
144,"아이폰 13 프로맥스 256 자급제. (시에라블루, 배터리효율82%)",800000,https://m.bunjang.co.kr/products/258754927
145,아이폰13프로256기가,690000,https://m.bunjang.co.kr/products/258801662
146,아이폰13프로 128기가256기가 무잔상 무찍힘 상태최상 ^^,660000,https://m.bunjang.co.kr/products/257992614
147,M1 맥북 프로 13.3 8/256,900000,https://m.bunjang.co.kr/products/258817679
148,아이폰13 256 화이트,450000,https://m.bunjang.co.kr/products/253812243
149,아이폰13pro 256 그래파이트,500000,https://m.bunjang.co.kr/products/257353560
150,아이폰13 256기가 화이트,510000,https://m.bunjang.co.kr/products/248172477
151,"아이폰 13 pro 256기가 70만원 정품맥세이프케이스, 슈피겐 강화유",700000,https://m.bunjang.co.kr/products/258659503
152,아이폰13프로256기가,730000,https://m.bunjang.co.kr/products/256159237
153,아이폰13프로맥스256 시에라블루,850000,https://m.bunjang.co.kr/products/258603133
154,아이폰13미니 256 자급제 (미드나이트),420000,https://m.bunjang.co.kr/products/258593896
155,아이폰 13 미니 256기가 미드 나이트,660000,https://m.bunjang.co.kr/products/250384836
156,아이폰13프로 256기가 로즈골드,730000,https://m.bunjang.co.kr/products/255561640
157,아이폰13프로 로즈골드256기가,730000,https://m.bunjang.co.kr/products/255804992
158,아이폰 13미니 256기가 화이트 풀박스,500000,https://m.bunjang.co.kr/products/258586830
159,아이폰 13pro 256 그래파이트 (충전선+케이스),680000,https://m.bunjang.co.kr/products/258637991
160,아이폰13프로 256기가 부품폰 팝니다,300000,https://m.bunjang.co.kr/products/257436154
161,아이폰 13 스타라이트 256 애플케어플러스,730000,https://m.bunjang.co.kr/products/256243425
162,아이폰13 128기가 256기가 무잔상 상태굿 ^^,510000,https://m.bunjang.co.kr/products/257880174
163,아이폰13 128기가 256기가 무잔상 상태굿 ^^,510000,https://m.bunjang.co.kr/products/257879757
164,21999 아이폰13 256기가 A급 화이트 팝니다 배터리100%,600000,https://m.bunjang.co.kr/products/258566998
165,아이폰13프로 256기가 무찍힘 무기스 상태최상 ^^,810000,https://m.bunjang.co.kr/products/258216706
166,아이폰 13 미니 256 화이트 S급 (케이스티파이 3개 포함),600000,https://m.bunjang.co.kr/products/256493003
167,아이폰 13미니 256기가,850000,https://m.bunjang.co.kr/products/257493723
168,아이폰13미니 256 핑크 A급,510000,https://m.bunjang.co.kr/products/258310363
169,아이폰 13프로맥스 256 시에라 블루,950000,https://m.bunjang.co.kr/products/256830806
170,아이폰13pro 256기가 배터리 98 시에라블루,940000,https://m.bunjang.co.kr/products/258501474
171,미개봉 맥북에어 13 m2 256기가 스페이스 그레이,1300000,https://m.bunjang.co.kr/products/258454866
172,[아이폰 13 256]화이트/AA급/자급제/256g/무료배송,389000,https://m.bunjang.co.kr/products/258510088
173,아이폰13 256 핑크 A급,550000,https://m.bunjang.co.kr/products/257755182
174,아이폰13미니 256 핑크,460000,https://m.bunjang.co.kr/products/258404790
175,아이폰13미니 화이트 256기가,470000,https://m.bunjang.co.kr/products/256996351
176,아이폰13 미니 핑크 256기가,450000,https://m.bunjang.co.kr/products/257150287
177,아이폰13미니 스타라이트 256,610000,https://m.bunjang.co.kr/products/244241410
178,아이폰13프로 256기가 시에라 블루,650000,https://m.bunjang.co.kr/products/252259458
179,아이폰 13미니 핑크 256 기가 팔아요,550000,https://m.bunjang.co.kr/products/230728757
180,[아이폰 13 256]화이트/AA급/자급제/256g/무료배송,389000,https://m.bunjang.co.kr/products/258430658
181,아이폰 13프로 256기가 그파 팝니다 내용참고,520000,https://m.bunjang.co.kr/products/258246113
182,아이폰13프로 대용량 256기가 AAA급 무잔상 블루,820000,https://m.bunjang.co.kr/products/257475547
183,아이폰 13 프로 그린 256기가 팝니다,780000,https://m.bunjang.co.kr/products/246296706
184,아이폰 13 256기가,550000,https://m.bunjang.co.kr/products/258251372
185,아이폰13 256기가 화이트,580000,https://m.bunjang.co.kr/products/258308952
186,맥북 프로 13 m1 256,750000,https://m.bunjang.co.kr/products/258250042
187,아이폰13 미니 스타라이트(화이트) 256,480000,https://m.bunjang.co.kr/products/258310577
188,애플 아이폰 13 프로 골드 256 미개봉 새제품 256G,1500000,https://m.bunjang.co.kr/products/209755660
189,s급 아이폰 13 pro 256 실버 배터리성능90,750000,https://m.bunjang.co.kr/products/257854899
190,아이폰13 256,550000,https://m.bunjang.co.kr/products/256596967
191,아이폰 13미니 256기가,550000,https://m.bunjang.co.kr/products/258189016
192,아이폰 13 프로맥스 256 화이트,780000,https://m.bunjang.co.kr/products/256924087
193,아이폰13프로 256,820000,https://m.bunjang.co.kr/products/244397494
194,아이폰13pro 256 실버,700000,https://m.bunjang.co.kr/products/257893286
195,아이폰13프로 256 그파,700000,https://m.bunjang.co.kr/products/258141813
196,아이폰13미니 256 스타라이트,450000,https://m.bunjang.co.kr/products/258148272
197,아이폰13프로맥스256,920000,https://m.bunjang.co.kr/products/257743553
198,아이폰13프로맥스 256,780000,https://m.bunjang.co.kr/products/257668615
199,13미니 256기가,530000,https://m.bunjang.co.kr/products/257656682
200,아이폰13프로 256기가,750000,https://m.bunjang.co.kr/products/257792318
201,아이폰 13pro 실버 256 풀박,900000,https://m.bunjang.co.kr/products/257587521
202,아이폰 13미니 핑크 256,580000,https://m.bunjang.co.kr/products/257749518
203,아이폰13프맥 256팝니다,750000,https://m.bunjang.co.kr/products/257941007
204,아이폰13 프로맥스 256기가 판매,730000,https://m.bunjang.co.kr/products/254621564
205,아이폰13미니256 미드나잇블랙,430000,https://m.bunjang.co.kr/products/257904183
206,아이폰13프로맥스 256기가 판매중,850000,https://m.bunjang.co.kr/products/257985481
207,아이폰13미니 화이트 256기가 팔아요~,470000,https://m.bunjang.co.kr/products/229844537
208,아이폰13 프로맥스 256,800000,https://m.bunjang.co.kr/products/257264522
209,아이폰 13pro 256 실버 풀박스 s급,850000,https://m.bunjang.co.kr/products/250597410
210,아이폰13미니 256기가 팝니다,370000,https://m.bunjang.co.kr/products/255100847
211,아이폰13프로 256기가팝니다,739000,https://m.bunjang.co.kr/products/257565838
212,아이폰13미니 256,530000,https://m.bunjang.co.kr/products/256518841
213,아이폰 13미니 핑크 256 판매합니다,400000,https://m.bunjang.co.kr/products/257912881
214,아이폰13 256기가,570000,https://m.bunjang.co.kr/products/248927765
215,아이폰13프로256 자급제 판매합니다,710000,https://m.bunjang.co.kr/products/257874515
216,아이폰13Pro max 256 애플워치 44m 나이키,1000000,https://m.bunjang.co.kr/products/258217134
217,아이폰 13 256,520000,https://m.bunjang.co.kr/products/256752685
218,아이폰13프로맥스 256 실버 풀박,890000,https://m.bunjang.co.kr/products/255665048
219,아이폰 13pro 256기가 수리이력x 액정파손x,610000,https://m.bunjang.co.kr/products/253661111
220,아이폰13미니 256기가 스타라이트 판매합니다,550000,https://m.bunjang.co.kr/products/256411471
221,18196 아이폰13미니 256기가 S급 핑크 팝니다,500000,https://m.bunjang.co.kr/products/254310654
222,아이폰 13 256,450000,https://m.bunjang.co.kr/products/256624539
223,아이폰13 256기가 화이트(스타라이트) 판매,580000,https://m.bunjang.co.kr/products/253107934
224,아이폰13프로 256기가,490000,https://m.bunjang.co.kr/products/247289916
225,아이폰13 레드 256기가 급처,470000,https://m.bunjang.co.kr/products/257213264
226,아이폰13pro 256 실버 박풀 팔아요!,700000,https://m.bunjang.co.kr/products/257277800
227,아이폰13블루256,650000,https://m.bunjang.co.kr/products/239346852
228,아이폰13프로 256기가 블랙 공기계,570000,https://m.bunjang.co.kr/products/256794513
229,폰고 | 12 맥북에어 13 2013 i5 / 8GB / 256SSD,259000,https://m.bunjang.co.kr/products/213432351
230,아이폰 13미니 256 화이트,470000,https://m.bunjang.co.kr/products/256658868
231,아이폰 13 프로 pro 시에라블루 256기가 새상품급 팝니다,800000,https://m.bunjang.co.kr/products/257871771
232,아이폰13pro 256,750000,https://m.bunjang.co.kr/products/248280878
233,아이폰 13pro max 256기가 골드 S급,1000000,https://m.bunjang.co.kr/products/257109857
234,"아이폰13프로맥스 256, 배터리92프로 s급",850000,https://m.bunjang.co.kr/products/257194929
235,아이폰13프로 256 그린 판매합니다,479000,https://m.bunjang.co.kr/products/254315212
236,[아이폰 13 256]화이트/AA급/자급제/256g/무료배송,389000,https://m.bunjang.co.kr/products/257567543
237,M1 맥북프로 13in/2020/8GB/256,850000,https://m.bunjang.co.kr/products/253994851
238,아이폰13 256기가 핑크,600000,https://m.bunjang.co.kr/products/253798631
239,아이폰13 핑크 256기가 (미니아님),550000,https://m.bunjang.co.kr/products/248040216
240,24003 아이폰13 256기가 블랙 공기계 팝니다 부산아이폰13,560000,https://m.bunjang.co.kr/products/253129027
241,아이폰13프로 시에라블루 256,760000,https://m.bunjang.co.kr/products/256640187
242,아이폰13 256 s급,600000,https://m.bunjang.co.kr/products/255192424
243,아이폰13프로 시에라블루 256,680000,https://m.bunjang.co.kr/products/236242666
244,아이폰13미니 핑크 256기가 A급 풀박스 팝니다.,550000,https://m.bunjang.co.kr/products/182399490
245,아이폰 13프로 맥스 256기가 89프로,750000,https://m.bunjang.co.kr/products/256375658
246,아이폰 13프로 화이트 색상 256기가 팔아요.(박스. 미사용케이블등),800000,https://m.bunjang.co.kr/products/258049200
247,아이폰13프로 256 판매합니다,682000,https://m.bunjang.co.kr/products/256665970
248,아이폰 13프로맥스 256 자급제 그린,850000,https://m.bunjang.co.kr/products/256296648
249,아이폰13프로 256시에라블루 자급제 팝니다.,670000,https://m.bunjang.co.kr/products/256684120
250,아이폰13미니 그린 256기가 애플케어 25년 1월,790000,https://m.bunjang.co.kr/products/249322838
251,아이폰13 핑크 256기가,600000,https://m.bunjang.co.kr/products/238351221
252,아이폰13프로 256 그린 판매합니다,502000,https://m.bunjang.co.kr/products/256686680
253,아이폰 13 미니 256 핑크,400000,https://m.bunjang.co.kr/products/256029960
254,40만네고가능) 아이폰13미니 블루 256기가 큰용량 판매합니다.,470000,https://m.bunjang.co.kr/products/243215820
255,아이폰13프로256기가삽니다,500000,https://m.bunjang.co.kr/products/256060489
256,아이폰 13프로맥스 256 풀박스,750000,https://m.bunjang.co.kr/products/255861843
257,13pro 실버 카메라무음 256 물리심 가능 자급제 팔아요,800000,https://m.bunjang.co.kr/products/255522355
258,13promax 256 카메라무음 그래파이트 물리심가능 팔아요,800000,https://m.bunjang.co.kr/products/255522569
259,아이폰 13프로 256 배터리 88퍼,650000,https://m.bunjang.co.kr/products/256211269
260,아이폰 13프로 256 (액정파손),400000,https://m.bunjang.co.kr/products/254364711
261,아이폰13 256기가 스타라이트,530000,https://m.bunjang.co.kr/products/255970326
262,"(선착순)(새상품급)(급처)맥북에어 13, 256",850000,https://m.bunjang.co.kr/products/256331054
263,아이폰13 프로맥스 256 시에라블루,850000,https://m.bunjang.co.kr/products/255920975
264,아이폰13 핑크 256 카드케이스 정품충전포함,390000,https://m.bunjang.co.kr/products/255944523
265,아이폰 13프로 256 시에라블루,650000,https://m.bunjang.co.kr/products/253633236
266,[아이폰13 256]블랙/테두리SS급/깨끗/256G/무료배송,420000,https://m.bunjang.co.kr/products/256881543
267,아이폰13미니 화이트 256,500000,https://m.bunjang.co.kr/products/255683050
268,아이폰13 핑크 256기가 +애플워치Se 40mm,700000,https://m.bunjang.co.kr/products/256646662
269,아이폰 13미니 256,600000,https://m.bunjang.co.kr/products/254843046
270,아이폰13프로256 블루 aa급,700000,https://m.bunjang.co.kr/products/256037218
271,아이폰13프로 256 그린 판매합니다,502000,https://m.bunjang.co.kr/products/256197860
272,아이폰 13프로맥스 256 판매합니다.,950000,https://m.bunjang.co.kr/products/239908183
273,아이폰13 미드나이트 256기가 풀박스 판매합니다.,550000,https://m.bunjang.co.kr/products/256561722
274,[아이폰 13 256]화이트/AA급/자급제/256g/무료배송,389000,https://m.bunjang.co.kr/products/258344708
275,아이폰13 프로맥스 256 시에라블루,750000,https://m.bunjang.co.kr/products/243908114
276,아이폰13프로맥스 256기가,800000,https://m.bunjang.co.kr/products/255546444
277,아이폰 13pro 256기가 / 공기계 14 15,430000,https://m.bunjang.co.kr/products/250593442
278,아이폰13미니 화이트 256기가,500000,https://m.bunjang.co.kr/products/255684369
279,182141 아이폰13프로 화이트256 무잔상 메인폰 세컨업무폰,816000,https://m.bunjang.co.kr/products/239958736
280,아이폰13 프로 256 삽니다,600000,https://m.bunjang.co.kr/products/255423515
281,아이폰13 프로 256,675000,https://m.bunjang.co.kr/products/254487622
282,아이폰 13pro 256기가 / 13프로 14 15 공기계,430000,https://m.bunjang.co.kr/products/249427102
283,아이폰 13 미니 256 기가,430000,https://m.bunjang.co.kr/products/255160220
284,아이폰13 256기가 핑크,550000,https://m.bunjang.co.kr/products/255274776
285,아이폰 13pro 시에라블루 256 팝니다,680000,https://m.bunjang.co.kr/products/255393281
286,아이폰13 256기가,650000,https://m.bunjang.co.kr/products/255027728
287,아이폰 13 미니 256기가 핑크 판매합니다!,400000,https://m.bunjang.co.kr/products/255802852
288,17088 아이폰13 256기가 A급 블루 공기계 팝니다 부산아이폰13,550000,https://m.bunjang.co.kr/products/253128904
289,아이폰13 256기가 그린,600000,https://m.bunjang.co.kr/products/243343362
290,아이폰13프로 256기가 시에라블루,735000,https://m.bunjang.co.kr/products/254912134
291,아이폰13미니256,350000,https://m.bunjang.co.kr/products/254695818
292,아이폰13 블루 256기가,520000,https://m.bunjang.co.kr/products/254958982
293,아이폰13미니 256기가 화이트,500000,https://m.bunjang.co.kr/products/255112905
294,아이폰13프로 256 판매,733000,https://m.bunjang.co.kr/products/254791084
295,Apple MacBook Air 13 M1 8C CPU 7C 맥북 256,1000000,https://m.bunjang.co.kr/products/255902707
296,아이폰 13프로맥스 시어러블루 256기가,700000,https://m.bunjang.co.kr/products/255230514
297,아이폰13프로 시에라블루 무음(미국판) 256기가 풀박스,760000,https://m.bunjang.co.kr/products/255472685
298,맥북 에어 m2 13.6인치 256기가 풀박스,1100000,https://m.bunjang.co.kr/products/247486248
299,부산 아이폰13미니 레드 256기가 판매해요,515000,https://m.bunjang.co.kr/products/253030357
300,아이폰 13프로맥스 256기가 시에라블루(S급),850000,https://m.bunjang.co.kr/products/255242275
301,아이폰 13 프로 맥스 256 시에라 블루 자급제,850000,https://m.bunjang.co.kr/products/255231608
302,아이폰 13프로 256,720000,https://m.bunjang.co.kr/products/258320117
303,아이폰 13프로 256 블랙,700000,https://m.bunjang.co.kr/products/254495568
304,(AA급)무잔상 아이폰13프로 256기가 블루 풀박스 부산,718000,https://m.bunjang.co.kr/products/254418973
305,아이폰13프로 256기가 시에라블루,800000,https://m.bunjang.co.kr/products/254843434
306,아이폰13promax256,800000,https://m.bunjang.co.kr/products/254327502
307,아이폰13프로 256 판매합니다,756000,https://m.bunjang.co.kr/products/254791928
308,갤럭시 Z플립5 256기가 최초 23.12.13 판매합니다,730000,https://m.bunjang.co.kr/products/253269706
309,아이폰13프로맥스 256기가팝니다 사용감없고 배터리성능괜찮습니다,850000,https://m.bunjang.co.kr/products/256092670
310,아이폰13 프로 256 알파인 그린,800000,https://m.bunjang.co.kr/products/254507397
311,아이폰13프로맥스 promax 256 그래파이트,750000,https://m.bunjang.co.kr/products/254573799
312,아이폰13pro 256,730000,https://m.bunjang.co.kr/products/253659233
313,아이폰 13프로 256 배터리86,670000,https://m.bunjang.co.kr/products/258221770
314,당일발송 AA급 아이폰 13프로 256기가 블루 풀박스 무잔상,718000,https://m.bunjang.co.kr/products/254924146
315,(네고가능) 아이폰13 256 미드나이트 S급 88%,580000,https://m.bunjang.co.kr/products/254729752
316,아이폰 13프로 시에라블루 256기가,750000,https://m.bunjang.co.kr/products/252332501
317,아이폰13프로256,700000,https://m.bunjang.co.kr/products/253596247
318,아이폰13프로맥스 256 팝니다,790000,https://m.bunjang.co.kr/products/252539432
319,아이폰 13미니 256 미드나이트,470000,https://m.bunjang.co.kr/products/253972258
320,아이폰13프로 256 그린 판매합니다,502000,https://m.bunjang.co.kr/products/254362254
321,아이폰13 256,570000,https://m.bunjang.co.kr/products/249798965
322,(네고가능) 초sSs급! 아이폰13프로 256 실버 88%,770000,https://m.bunjang.co.kr/products/254735736
323,개인) 아이폰13미니 256기가 미드나이트 13mini 256GB,470000,https://m.bunjang.co.kr/products/254142853
324,아이폰 13 핑크 256+강화유리필름,510000,https://m.bunjang.co.kr/products/253133543
325,아이폰13 핑크 256기가 팔아요~~~!,600000,https://m.bunjang.co.kr/products/247071363
326,맥북 에어 13 m1 8c cpu7c GPU 256 수령전 상품,1200000,https://m.bunjang.co.kr/products/252479724
327,아이폰 13 미드나이트 256,660000,https://m.bunjang.co.kr/products/253075251
328,아이폰 13 프로맥스 256기가 시에라블루 색상,730000,https://m.bunjang.co.kr/products/241244889
329,풀박) 아이폰 13mini (A급)256기가 핑크,420000,https://m.bunjang.co.kr/products/252152121
330,아이폰13프로 실버 256기가 판매!!,635000,https://m.bunjang.co.kr/products/251527274
331,아이폰 13프로 256,630000,https://m.bunjang.co.kr/products/252605001
332,아이폰 13프로 256,400000,https://m.bunjang.co.kr/products/252599731
333,아이폰 13 프로 256 WHITE (파손),530000,https://m.bunjang.co.kr/products/252947129
334,아이폰 13 256기가 미드나이트 색상팝니다,500000,https://m.bunjang.co.kr/products/253327509
335,아이폰13프로 256,450000,https://m.bunjang.co.kr/products/252521925
336,(A급)무잔상 아이폰 13미니 256기가 화이트 부산,430000,https://m.bunjang.co.kr/products/252598193
337,아이폰 13pro 256기가 그레이,630000,https://m.bunjang.co.kr/products/239602361
338,아이폰 13미니 256,450000,https://m.bunjang.co.kr/products/252452838
339,아이폰 13프로 맥스 256 실버,890000,https://m.bunjang.co.kr/products/249582329
340,(네고가능)아이폰13 256기가 92%(370851),590000,https://m.bunjang.co.kr/products/248971628
341,아이폰13미니 256기가 004235,470000,https://m.bunjang.co.kr/products/248463749
342,아이폰13미니 256기가 풀박스,500000,https://m.bunjang.co.kr/products/251648832
343,아이폰13미니 핑크 언락 256기가 새제품,900000,https://m.bunjang.co.kr/products/253081445
344,아이폰 13 미니 미드나이트 256기가,360000,https://m.bunjang.co.kr/products/249802492
345,아이폰13 pro 256기가,600000,https://m.bunjang.co.kr/products/257070371
346,당일발송 A급 아이폰 13미니 256기가 화이트 무잔상,430000,https://m.bunjang.co.kr/products/252826683
347,아이폰13프로맥스 256 실버 리퍼 미사용,1000000,https://m.bunjang.co.kr/products/252278922
348,apple 맥북 에어13 M1 미개봉 램8기가/256기가,1060000,https://m.bunjang.co.kr/products/253047930
349,아이폰13 프로 256기가 (블랙),650000,https://m.bunjang.co.kr/products/248043519
350,[293] 아이폰13프로 실버 256기가 판매!!,650000,https://m.bunjang.co.kr/products/251527573
351,아이폰13프로 256기가 판매,620000,https://m.bunjang.co.kr/products/252053286
352,아이폰13프로(256기가) 풀박스 배터리 성능 100%,800000,https://m.bunjang.co.kr/products/252647566
353,아이폰 13프로 256기가 시에라블루,799000,https://m.bunjang.co.kr/products/251056442
354,아이폰13프로 256 화이트,730000,https://m.bunjang.co.kr/products/247012042
355,아이폰13 256기가 상태좋음 371002,630000,https://m.bunjang.co.kr/products/252319424
356,이이폰 13 256,570000,https://m.bunjang.co.kr/products/251111928
357,아이폰 13 프로 256기가 시에라블루 판매,700000,https://m.bunjang.co.kr/products/257497420
358,아이폰13 pro max 시에라블루 256 아이폰13 프로맥스,960000,https://m.bunjang.co.kr/products/221751784
359,아이폰 13미니 256 미드나이트,700000,https://m.bunjang.co.kr/products/219471556
360,아이폰13프로맥스 256 S급,830000,https://m.bunjang.co.kr/products/251316243
361,아이폰13프로 256기가 시에라블루,750000,https://m.bunjang.co.kr/products/251690435
362,아이폰13프로 256,700000,https://m.bunjang.co.kr/products/250890625
363,아이폰 13 Pro 256기가,700000,https://m.bunjang.co.kr/products/251119592
364,"아이폰 미니13 스타라이트 256 (교신,네고 차단)",550000,https://m.bunjang.co.kr/products/251982400
365,아이폰13프로맥스 256기가 배터리94%,650000,https://m.bunjang.co.kr/products/251491129
366,아이폰 13 미니 256기가/ 급전필요해 싸게 팜/ 배터리 86,450000,https://m.bunjang.co.kr/products/252703694
367,아이폰13미니 256기가 A급,600000,https://m.bunjang.co.kr/products/255431313
368,13 미니 256 컬러 교환(저 스타라이트),500000,https://m.bunjang.co.kr/products/251494365
369,아이폰13미니 256기가 블루 배터리90 풀박,570000,https://m.bunjang.co.kr/products/249168898
370,아이폰13미니 256기가 화이트,450000,https://m.bunjang.co.kr/products/250988203
371,(S급)무잔상 아이폰 13미니 256기가 화이트 부산,490000,https://m.bunjang.co.kr/products/251691158
372,아이폰 13프로 256기가 파손,400000,https://m.bunjang.co.kr/products/234527701
373,아이폰13프로 256,680000,https://m.bunjang.co.kr/products/248280239
374,아이폰 13프로 256 풀박스 팔아요,750000,https://m.bunjang.co.kr/products/251029795
375,아이폰13프로 시에라블루 256기가,620000,https://m.bunjang.co.kr/products/250892047
376,아이폰13 256판매합니다,550000,https://m.bunjang.co.kr/products/250646296
377,아이폰 13 256기가,290000,https://m.bunjang.co.kr/products/250164107
378,아이폰 13프로맥스 256기가,750000,https://m.bunjang.co.kr/products/250286296
379,아이폰13 256기가,550000,https://m.bunjang.co.kr/products/250086350
380,아이폰 13미니 화이트 256기가 외관 무기스,480000,https://m.bunjang.co.kr/products/250686835
381,아이폰13 256기가 팝니다,430000,https://m.bunjang.co.kr/products/249825873
382,풀박)아이폰 13 미니 256기가 스타라이트,400000,https://m.bunjang.co.kr/products/250679335
383,아이폰 13프로 256기가 골드,710000,https://m.bunjang.co.kr/products/250147617
384,아이폰 13프로 256기가,730000,https://m.bunjang.co.kr/products/249937430
385,아이폰 13프로 256기가 골드,710000,https://m.bunjang.co.kr/products/250147617
386,아이폰13미니 256,444444,https://m.bunjang.co.kr/products/245695684
387,맥북 프로 13 256,1300000,https://m.bunjang.co.kr/products/249438172
388,애플 13프로맥스 256 87프로 팝니다,800000,https://m.bunjang.co.kr/products/250198259
389,(배송비포함) 애플 맥북 에어 13 m2 미드나이트 256기가 미개봉,1100000,https://m.bunjang.co.kr/products/256344389
390,아이폰 13미니 256기가 화이트,450000,https://m.bunjang.co.kr/products/253969068
391,리퍼 미사용 아이폰13 프로맥스256 리퍼,1000000,https://m.bunjang.co.kr/products/249794010
392,맥북 프로 13 M1 256 8,950000,https://m.bunjang.co.kr/products/249914926
393,아이폰13미니 레드 256팝니다!,560000,https://m.bunjang.co.kr/products/236256329
394,아이폰13프로 256기가 팝니다,550000,https://m.bunjang.co.kr/products/248714755
395,아이폰13프로 256 그라파이트 배터리91% 판매,720000,https://m.bunjang.co.kr/products/250126699
396,아이폰 13미니 256기가 화이트,560000,https://m.bunjang.co.kr/products/248800726
397,아이폰 13미니 256기가 구매,490000,https://m.bunjang.co.kr/products/246779746
398,맥북 에어 m1 13 256기가 램8 배터리100 마우스 파우치 증정,730000,https://m.bunjang.co.kr/products/251070707
399,MacBook Air 13 256기가,900000,https://m.bunjang.co.kr/products/249176416
400,아이폰 13 pro 256기가,850000,https://m.bunjang.co.kr/products/249097226
401,아이폰13프로맥스 256기가 그래파이트,700000,https://m.bunjang.co.kr/products/249246150
402,아이폰13프로 256기가 (그래파이트),730000,https://m.bunjang.co.kr/products/249153469
403,아이폰 13pro 256기가 풀박스,700000,https://m.bunjang.co.kr/products/248860948
404,아이폰13프로 256기가 시에라블루 팝니다,550000,https://m.bunjang.co.kr/products/254958737
405,아이폰13 256,550000,https://m.bunjang.co.kr/products/248460737
406,아이폰 13프로pro 256 화이트 싸게 급처분!!!애플가죽케이스포함,700000,https://m.bunjang.co.kr/products/248122166
407,아이폰13 256 화이트,560000,https://m.bunjang.co.kr/products/248200184
408,아이폰13 블랙 256기가 S급 풀박,580000,https://m.bunjang.co.kr/products/249082823
409,아이폰13프로 256 실버(화이트) 판매합니다.,720000,https://m.bunjang.co.kr/products/249505432
410,아이폰13프로 맥스 256기가 액정깨짐 시에라 블루,650000,https://m.bunjang.co.kr/products/250058162
411,아이폰13프로 256기가 배터리 성능 83,750000,https://m.bunjang.co.kr/products/249295004
412,아이폰 13프로 256기가 화이트,680000,https://m.bunjang.co.kr/products/248198194
413,13프로 256 골드 배터리87,558000,https://m.bunjang.co.kr/products/248713927
414,아이폰 13프로 256기가,650000,https://m.bunjang.co.kr/products/248263467
415,아이폰13프로 256기가 그래파이트 팝니다,610000,https://m.bunjang.co.kr/products/248568899
416,아이폰13프로 256기가 시에라블루 A+급 판매합니다,650000,https://m.bunjang.co.kr/products/249565428
417,아이폰13 256 스타라이트 미개봉 새제품,1185000,https://m.bunjang.co.kr/products/248418308
418,아이폰13프로 256 시에라 블루 판매합니다,630000,https://m.bunjang.co.kr/products/254073857
419,아이폰13 프로 256 시에라블루 팜,600000,https://m.bunjang.co.kr/products/248439640
420,아이폰13프로맥스 256 실버,750000,https://m.bunjang.co.kr/products/242941147
421,아이폰13프로맥스 256 판매,800000,https://m.bunjang.co.kr/products/248036175
422,아이폰13미니 256기가 판매,350000,https://m.bunjang.co.kr/products/248199591
423,아이폰13프로 256 애케플7월,750000,https://m.bunjang.co.kr/products/248747696
424,아이폰13프로 256,700000,https://m.bunjang.co.kr/products/247432700
425,맥북에어m2 13.6 inch 8 cpu 8 gpu / 256 GB,1350000,https://m.bunjang.co.kr/products/253795716
426,아이폰 13 PRO MAX 256+케이스티파이케이스,1050000,https://m.bunjang.co.kr/products/247980678
427,아이폰13미니 256,520000,https://m.bunjang.co.kr/products/247371874
428,아이폰13 256기가 + 애케플 판매합니다,600000,https://m.bunjang.co.kr/products/243194522
429,아이폰13 핑크 256기가,599999,https://m.bunjang.co.kr/products/246954404
430,아이폰 13프로 256 리퍼폰,789000,https://m.bunjang.co.kr/products/247630408
431,삼성노트북9 Lite/13.3인치/무게 1.34kg/램8/삼성SSD256,249000,https://m.bunjang.co.kr/products/249265403
432,아아폰 13프로 256 판매합니다,720000,https://m.bunjang.co.kr/products/247818199
433,아이폰 13프로 256기가,600000,https://m.bunjang.co.kr/products/247269422
434,(AA급)무잔상 아이폰 13미니 256기가 화이트 부산,480000,https://m.bunjang.co.kr/products/241225605
435,맥북프로 13 m2 8램 256 23년 7월구매,1100000,https://m.bunjang.co.kr/products/248415963
436,아이폰13프로256 판매합니다 쿨거래 네고ok,600000,https://m.bunjang.co.kr/products/252908848
437,아이폰 13미니 256,430000,https://m.bunjang.co.kr/products/246936327
438,아이폰 13프로 256 시에라블루 급처,680000,https://m.bunjang.co.kr/products/247507986
439,아이폰13프로맥스 256기가 케이스도 드려요,1170000,https://m.bunjang.co.kr/products/247726215
440,아이폰 13 화이트 256기가,440000,https://m.bunjang.co.kr/products/243567897
441,아이폰13프로 256 시에라블루 팔아요,660000,https://m.bunjang.co.kr/products/247537042
442,아이폰12프로맥스교환256기가 스그>13프로,999999,https://m.bunjang.co.kr/products/247702318
443,당일발송 AA급 아이폰 13미니 256기가 화이트 무잔상,480000,https://m.bunjang.co.kr/products/240794378
444,아이폰13미니 256애케플,550000,https://m.bunjang.co.kr/products/246739102
445,아이폰 13미니 핑크 256기가 A+급 팔아요!,500000,https://m.bunjang.co.kr/products/240038688
446,아이폰 13 프로맥스 256기가 시에라블루 판매합니다,700000,https://m.bunjang.co.kr/products/247713731
447,맥북프로 17년형 논터치바 13inch i5 16g 256,500000,https://m.bunjang.co.kr/products/248581195
448,아이폰 13프로 256 실버,750000,https://m.bunjang.co.kr/products/227499609
449,m1 맥북에어 13 8 256 애플케어플러스 2024년 3월 풀박,780000,https://m.bunjang.co.kr/products/247230295
450,아이폰 13 256,600000,https://m.bunjang.co.kr/products/246307988
451,아이폰 13프로 시에라블루 256기가,665000,https://m.bunjang.co.kr/products/247012179
452,아이폰13미니 256기가,350000,https://m.bunjang.co.kr/products/251595358
453,아이폰13 핑크 256기가,560000,https://m.bunjang.co.kr/products/209879502
454,아이폰13프로맥스 256,890000,https://m.bunjang.co.kr/products/246317377
455,아이폰13프로 256 시에라블루 판매,670000,https://m.bunjang.co.kr/products/246895776
456,아이폰13프로 256기가 박스풀셋,780000,https://m.bunjang.co.kr/products/246412175
457,아이폰13프로맥스 256기가 풀박스 (그래파이트),890000,https://m.bunjang.co.kr/products/242579577
458,아이폰 13 핑크 256 팝니다,580000,https://m.bunjang.co.kr/products/246426703
459,아이폰 13 Pro 256기가 화이트,700000,https://m.bunjang.co.kr/products/246626515
460,"아이폰 13프로 256 골드, 상태 깔끔",730000,https://m.bunjang.co.kr/products/246747151
461,아이폰 13 프로 256기가 실버 판매합니다.,700000,https://m.bunjang.co.kr/products/246662225
462,아이폰 13미니 스타라이트 256기가 가격내림 급처,460000,https://m.bunjang.co.kr/products/172273235
463,아이폰 13 미니 mini 핑크 256기가 자급제,495000,https://m.bunjang.co.kr/products/246336372
464,아이폰 13 미니 256기가,390000,https://m.bunjang.co.kr/products/248589119
465,아이폰13미니 256,460000,https://m.bunjang.co.kr/products/245700099
466,아이폰 13프로맥스 256 화이트,780000,https://m.bunjang.co.kr/products/243845513
467,아이폰 13 핑크 256,600000,https://m.bunjang.co.kr/products/245618590
468,아이폰 13 256기가,470000,https://m.bunjang.co.kr/products/250577844
469,아이폰 13 프로 256 기가 판매,640000,https://m.bunjang.co.kr/products/246035877
470,아이폰13프로맥스 256기가 s급,730000,https://m.bunjang.co.kr/products/246000248
471,맥북 m2 13 미드나잇 (8/256),1000000,https://m.bunjang.co.kr/products/245419802
472,아이폰13 PRO MAX 256 풀박스 상태 A 79만원,790000,https://m.bunjang.co.kr/products/246059256
473,아이폰 13 프로 256 기가,700000,https://m.bunjang.co.kr/products/245580625
474,아이폰13프로256그라파이트,550000,https://m.bunjang.co.kr/products/245569797
475,아이폰 13프로 256기가,670000,https://m.bunjang.co.kr/products/245020444
476,아이폰13 256기가 스타라이트,580000,https://m.bunjang.co.kr/products/245624639
477,맥북 13 2020년형 intel 프로 메모리8 256기가 팔아요,500000,https://m.bunjang.co.kr/products/246778038
478,아이폰 13미니 핑크 256기가,450000,https://m.bunjang.co.kr/products/245569195
479,아이폰 13프로 256 골드,620000,https://m.bunjang.co.kr/products/244970398
480,아이폰13미니 핑크 256기가,600000,https://m.bunjang.co.kr/products/245226495
481,아이폰 13pro 256기가 / 그래파이트,700000,https://m.bunjang.co.kr/products/245484904
482,아이폰 13프로 256기가,700000,https://m.bunjang.co.kr/products/239194574
483,아이폰13 256기가 kt,550000,https://m.bunjang.co.kr/products/245193695
484,아이폰 13 256기가 스타라이트 팝니다,820000,https://m.bunjang.co.kr/products/222180402
485,아이폰13 256 블랙 S급이상,629000,https://m.bunjang.co.kr/products/245256239
486,아이폰 13미니 256 핑크,350000,https://m.bunjang.co.kr/products/244945009
487,아이폰13프로 256 그래파이트 판매합니다,690000,https://m.bunjang.co.kr/products/243256573
488,아이폰 13프로멕스 256기가 그래파이트,900000,https://m.bunjang.co.kr/products/245413961
489,아이폰13 256,500000,https://m.bunjang.co.kr/products/244532653
490,아이폰13미니 256기가 미드나이트 미국판 구입원합니다. 새상품,900000,https://m.bunjang.co.kr/products/246624105
491,아이폰13프로256새상품급팝니다.,770000,https://m.bunjang.co.kr/products/244965140
492,아이폰 13프로 256기가,670000,https://m.bunjang.co.kr/products/244790153
493,아이폰 13 미니 256기가 스타라이트 색상,450000,https://m.bunjang.co.kr/products/242596833
494,아이폰 13프로 256 판매및 교신,750000,https://m.bunjang.co.kr/products/245174339
495,아이폰13 프로 256 시에라블루 팝니다.,850000,https://m.bunjang.co.kr/products/239732806
496,맥북에어 13 m1 메모리8BG 256기가,900000,https://m.bunjang.co.kr/products/245791764
497,아이펀13 블루 256기가 배터리88% +정품 실리콘 케이스,590000,https://m.bunjang.co.kr/products/245916826
498,아이폰13프로 256기가 시에나블루,730000,https://m.bunjang.co.kr/products/245276195
499,[배터리100%]아이폰13 미니 256 스타라이트,600000,https://m.bunjang.co.kr/products/245148599
500,아이폰13프로 그래파이트 256,650000,https://m.bunjang.co.kr/products/244573373
501,[사은품증정이벤트]아이폰13미니 블루256배터리86 S급~No.77484,480000,https://m.bunjang.co.kr/products/246331229
502,아이폰13프로256,720000,https://m.bunjang.co.kr/products/244324259
503,아이폰13핑크 256기가팝니다,630000,https://m.bunjang.co.kr/products/244710478
504,아이폰13 프로맥스 256기가 골드,730000,https://m.bunjang.co.kr/products/249604170
505,아이폰 13미니 256기가,400000,https://m.bunjang.co.kr/products/240750307
506,아이폰 13프로 256기가 시에라블루,650000,https://m.bunjang.co.kr/products/244832145
507,아이폰 13프로 256기가 판매합니다.,770000,https://m.bunjang.co.kr/products/238434004
508,아이폰 13 프로맥스 256기가 88% 필름깨짐,820000,https://m.bunjang.co.kr/products/244414256
509,아이폰13미니 레드 256,430000,https://m.bunjang.co.kr/products/242619627
510,아이폰13미니 256 스타라이트 자급제,550000,https://m.bunjang.co.kr/products/244167619
511,I phone 13 pro max 256 gb,1000000,https://m.bunjang.co.kr/products/244464586
512,아이폰13프로 256 그래파이트,700000,https://m.bunjang.co.kr/products/244038400
513,아이폰 13pro 256 화이트,680000,https://m.bunjang.co.kr/products/244010087
514,아이폰13 핑크 256기가 애플케어가입,530000,https://m.bunjang.co.kr/products/244554578
515,아이폰 13프로 골드 256,690000,https://m.bunjang.co.kr/products/243927834
516,아이폰13미니 256기가,750000,https://m.bunjang.co.kr/products/238795815
517,아이폰13미니 256기가 화이트 판매합니댜,420000,https://m.bunjang.co.kr/products/244969977
518,S급 아이폰 13pro 256,780000,https://m.bunjang.co.kr/products/243864140
519,아이폰13프로맥스 256 애플워치8 45mm gps같이 팜니다,1300000,https://m.bunjang.co.kr/products/245344932
520,"아이폰 13 pro 256 팔아요 (정품 유선 이어폰, 충전기 포함)",800000,https://m.bunjang.co.kr/products/240535459
521,아이폰13프로맥스256 그래파이트,830000,https://m.bunjang.co.kr/products/243743132
522,아이폰13프로 256기가 그래파이트,590000,https://m.bunjang.co.kr/products/243637155
523,아이폰13프로맥스256,750000,https://m.bunjang.co.kr/products/248358172
524,아이폰 13프로 256기가 시에라블루 (하자 없음),730000,https://m.bunjang.co.kr/products/244509354
525,아이폰13프로실버256기가팝니다,500000,https://m.bunjang.co.kr/products/244110236
526,아이폰 13미니 256기가 풀박스,460000,https://m.bunjang.co.kr/products/248794559
527,아이폰13프로 맥스 256 하늘색,850000,https://m.bunjang.co.kr/products/243934941
528,아이폰13프로맥스 256 실버 효율93,850000,https://m.bunjang.co.kr/products/243145414
529,아이폰13 256기가팝니다,659000,https://m.bunjang.co.kr/products/243543412
530,아이폰 13프로 256기가 그래파이트,700000,https://m.bunjang.co.kr/products/243635524
531,2020맥북에어13 스페이스그레이 256기가,800000,https://m.bunjang.co.kr/products/248859260
532,아이폰13프로 256(애케플 24.2) 시에라블루 s급 풀박,770000,https://m.bunjang.co.kr/products/239284533
533,아이폰 13 프로 256 -> 아이폰 13 or 아이폰 14 추금 교환,1000000,https://m.bunjang.co.kr/products/217137119
534,13프로256,730000,https://m.bunjang.co.kr/products/242936818
535,아이폰13프로 256기가 실버,700000,https://m.bunjang.co.kr/products/243576262
536,아이폰13프로 256기가 미개봉 팔아요. (애케플 O),900000,https://m.bunjang.co.kr/products/245086876
537,아이폰13프로 256기가 시에라블루,530000,https://m.bunjang.co.kr/products/243706021
538,아이폰13pro 화이트 256기가,700000,https://m.bunjang.co.kr/products/243469447
539,아이폰 13프로 256기가 풀박스 팝니다~!,650000,https://m.bunjang.co.kr/products/243572095
540,아이폰12미니 블루 256기가 판매 또는 교환 13미니 그린,480000,https://m.bunjang.co.kr/products/212881180
541,아이폰 13프로 256 그래파이트 판매합니다,750000,https://m.bunjang.co.kr/products/242010948
542,아이폰13프로 256기가 그린 팝니다,600000,https://m.bunjang.co.kr/products/242590473
543,아이폰 13미니 256,660000,https://m.bunjang.co.kr/products/242233367
544,아이폰13프로 256실버,680000,https://m.bunjang.co.kr/products/239240411
545,아이폰13프로256실버,700000,https://m.bunjang.co.kr/products/243109527
546,아이폰 13프로 256 화이트 판매합니다,700000,https://m.bunjang.co.kr/products/240041763
547,아이폰 13프로 실버 256 팝니다,700000,https://m.bunjang.co.kr/products/241916086
548,아이폰 13프로맥스 256 S급(급해서 싸게합니다),740000,https://m.bunjang.co.kr/products/248765962
549,아이폰 13미니 256,350000,https://m.bunjang.co.kr/products/242744086
550,아이폰 13 프로맥스 256,780000,https://m.bunjang.co.kr/products/242706969
551,아이폰13프로 256 실버,650000,https://m.bunjang.co.kr/products/201464121
552,아이폰 13 256기가 상태 최상,750000,https://m.bunjang.co.kr/products/243074876
553,맥북 에어 m1 13 램8 ssg256 A급 팝니다,850000,https://m.bunjang.co.kr/products/244254878
554,아이폰13프로 화이트 256 풀박 / sss급 배터리100퍼,770000,https://m.bunjang.co.kr/products/244028566
555,아이폰13 256 핑크,600000,https://m.bunjang.co.kr/products/242554271
556,아이폰13미니 256 미드나이트 자급제,550000,https://m.bunjang.co.kr/products/243198162
557,S급 아이폰 13 256 북미판 실버,750000,https://m.bunjang.co.kr/products/236893846
558,아이폰13프로맥스 256,800000,https://m.bunjang.co.kr/products/242440604
559,아이폰13프로맥스 256기가 시에라블루,800000,https://m.bunjang.co.kr/products/243044479
560,아이폰13미니 256기가 미드아이트,520000,https://m.bunjang.co.kr/products/243187781
561,아이폰 13프로 맥스 256기가 스벅 케이스티파이 팝니다.,800000,https://m.bunjang.co.kr/products/248517298
562,S급)256기가 아이폰 13미니,450000,https://m.bunjang.co.kr/products/242756382
563,아이폰13프로 256,700000,https://m.bunjang.co.kr/products/242258336
564,아이폰 13프로맥스 256기가,850000,https://m.bunjang.co.kr/products/240984347
565,아이폰13 256 핑크 + 애케플,720000,https://m.bunjang.co.kr/products/242857303
566,아이폰13 프로 256 그래파이트,550000,https://m.bunjang.co.kr/products/242272794
567,아이폰13프로 실버색상 256용량 무잔상 깨끗한단말기 S급 판매합니다,950000,https://m.bunjang.co.kr/products/217127512
568,아이폰 13프로맥스 256,800000,https://m.bunjang.co.kr/products/242245968
569,아이폰 13 미니 256 핑크,450000,https://m.bunjang.co.kr/products/239592017
570,아이폰13 256 핑크 배터리100프로 새제품입니다,650000,https://m.bunjang.co.kr/products/243427845
571,아이폰13 프로 실버색상 256기가 팝니다,630000,https://m.bunjang.co.kr/products/247848613
572,아이폰13미니 핑크256,450000,https://m.bunjang.co.kr/products/240694501
573,아이폰 13핑크 256 효율 90,600000,https://m.bunjang.co.kr/products/242420719
574,아이폰 13 프로 pro 256 기가 그레이 팝니다,690000,https://m.bunjang.co.kr/products/242756442
575,아이폰 13프로 256,700000,https://m.bunjang.co.kr/products/241919296
576,아이폰13프로맥스 256기가,750000,https://m.bunjang.co.kr/products/247279869
577,아이폰 13pro 그래파이트 256,800000,https://m.bunjang.co.kr/products/241493369
578,아이폰13 256기가 화이트 팔아용!! 풀박스,650000,https://m.bunjang.co.kr/products/239327584
579,아이폰 13 프로 256 시에라블루 풀박,720000,https://m.bunjang.co.kr/products/240784006
580,아이폰13프로맥스 핑크골드 256,900000,https://m.bunjang.co.kr/products/242184519
581,아이폰 13 프로맥스 256기가,1020000,https://m.bunjang.co.kr/products/234856564
582,아이폰13프로256화이트,800000,https://m.bunjang.co.kr/products/239302060
583,아이폰13 핑크 256 (정품 맥세이프 케이스 포함),650000,https://m.bunjang.co.kr/products/242594455
584,아이폰 13 프로맥스 256기가 알파인그린,800000,https://m.bunjang.co.kr/products/242286439
585,아이폰 13프로 256 화이트 S급 팔아요,759000,https://m.bunjang.co.kr/products/240820677
586,아이폰13프로맥스 256 시에라블루,820000,https://m.bunjang.co.kr/products/239657977
587,아이폰13프로 256기가 블랙 초A급 풀박스 판매합니다!,680000,https://m.bunjang.co.kr/products/242693685
588,아이폰13미니 256,460000,https://m.bunjang.co.kr/products/241413218
589,아이폰13미니 핑크색상 256용량 배터리100% 초S급 팝니다,730000,https://m.bunjang.co.kr/products/227332902
590,아이폰13 프로 256,800000,https://m.bunjang.co.kr/products/241324181
591,맥북에어 m2 13.5인치 256기가 판매합니다!,1150000,https://m.bunjang.co.kr/products/242719935
592,아이폰 13 프로맥스 256 시에라블루,680000,https://m.bunjang.co.kr/products/241709350
593,아이폰 13프로 256 골드 팔아요!,700000,https://m.bunjang.co.kr/products/240398951
594,아이폰13프로맥스 256기가,780000,https://m.bunjang.co.kr/products/241385932
595,아이폰13 256기가,600000,https://m.bunjang.co.kr/products/241175232
596,아이폰13프로맥스 256 실버 화이트,900000,https://m.bunjang.co.kr/products/240584185
597,아이폰13프로맥스256스그 후면파손팝니다,600000,https://m.bunjang.co.kr/products/241988936
598,아이폰 13프로 그래파이트 256기가 새제품,850000,https://m.bunjang.co.kr/products/241484380
599,아이폰 13 미니(mini) 화이트 256,480000,https://m.bunjang.co.kr/products/241489467
600,아이폰13 화이트 256기가,620000,https://m.bunjang.co.kr/products/240994408
601,아이폰13프로 256기가,750000,https://m.bunjang.co.kr/products/241195444
602,아이폰13미니 핑크 256 sss급,550000,https://m.bunjang.co.kr/products/245464904
603,아이폰13pro 256기가,850000,https://m.bunjang.co.kr/products/241125094
604,아이폰 13 pro 256 시에라블루,750000,https://m.bunjang.co.kr/products/239521725
605,아이폰13미니 256,500000,https://m.bunjang.co.kr/products/240887281
606,아이폰 13프로 맥스 256 시에라블루 새상품 후면 파손,350000,https://m.bunjang.co.kr/products/242121478
607,아이폰13 256기가 스타라이트 화이트,650000,https://m.bunjang.co.kr/products/241494983
608,아이폰13. 91% 256,680000,https://m.bunjang.co.kr/products/240800113
609,(256) 아이폰 13 프로 그라파이트 256기가 배터리 86%,800000,https://m.bunjang.co.kr/products/238110315
610,아이폰13프로 시에라블루 256기가판매합니다,700000,https://m.bunjang.co.kr/products/241905590
611,아이폰13미니256 화이트,470000,https://m.bunjang.co.kr/products/245563865
612,아이폰 13 256기가,590000,https://m.bunjang.co.kr/products/240763793
613,아이폰 13 프로맥스 256기가,983000,https://m.bunjang.co.kr/products/240950777
614,아이폰13미니 256기가팝니다,549000,https://m.bunjang.co.kr/products/241151373
615,아이폰 13핑크 256기가 풀박,480000,https://m.bunjang.co.kr/products/246357485
616,아이폰13미니 핑크 256 sss급 풀박스,550000,https://m.bunjang.co.kr/products/246036525
617,아이폰 13 핑크 256기가,600000,https://m.bunjang.co.kr/products/238494373
618,아이폰13 256기가,590000,https://m.bunjang.co.kr/products/240694723
619,아이폰13 핑크 256기가,500000,https://m.bunjang.co.kr/products/240811217
620,아이폰 13프로 256기가,680000,https://m.bunjang.co.kr/products/240777344
621,아이폰 13 256기가,530000,https://m.bunjang.co.kr/products/239903891
622,아이폰 13프로 256,750000,https://m.bunjang.co.kr/products/239510203
623,아이폰 13pro 256,780000,https://m.bunjang.co.kr/products/240445227
624,아이폰13프로 256 (시에라블루),730000,https://m.bunjang.co.kr/products/240869246
625,아이폰 13 프로맥스 256 판매,785000,https://m.bunjang.co.kr/products/240648866
626,아이폰 13 프로맥스 실버 256,800000,https://m.bunjang.co.kr/products/240638230
627,아이폰 13 핑크 256기가 팝니다,600000,https://m.bunjang.co.kr/products/240636683
628,아이폰13 프로 256,730000,https://m.bunjang.co.kr/products/240388339
629,아이폰13 S급 256기가 배터리100퍼,750000,https://m.bunjang.co.kr/products/239866663
630,아이폰13프로 256기가,700000,https://m.bunjang.co.kr/products/240588690
631,아이폰13 256 스타라이트,600000,https://m.bunjang.co.kr/products/240572657
632,아이폰 13 프로 시에라블루 256기가,700000,https://m.bunjang.co.kr/products/240947336
633,아이폰 13promax 256시에라블루,870000,https://m.bunjang.co.kr/products/240366028
634,아이폰 13프로 256 사설 배터리 교체,580000,https://m.bunjang.co.kr/products/246143564
635,13프로맥스256,820000,https://m.bunjang.co.kr/products/240099933
636,아이폰 13프로 256기가 실버,680000,https://m.bunjang.co.kr/products/240699559
637,아이폰13 256기가 팔아요~,700000,https://m.bunjang.co.kr/products/240704337
638,아이폰 13미니 256 핑크,500000,https://m.bunjang.co.kr/products/240458667
639,아이폰13 스타라이트 화이트 256기가,630000,https://m.bunjang.co.kr/products/240552484
640,아이폰13프로 256기가 자급제(박스있음),700000,https://m.bunjang.co.kr/products/241211810
641,아이폰 13프로 256기가 팝니다. 13pro 256,650000,https://m.bunjang.co.kr/products/240111223
642,아이폰13미니256핑크 거의새것,530000,https://m.bunjang.co.kr/products/245606287
643,아이폰13프로 256,850000,https://m.bunjang.co.kr/products/239063001
644,아이폰 13프로맥스 256 시에나블루 배터리85,829000,https://m.bunjang.co.kr/products/241187309
645,아이폰 13프로 256 S급,750000,https://m.bunjang.co.kr/products/240199733
646,아이폰13pro 256 시에라블루,700000,https://m.bunjang.co.kr/products/240556104
647,아이폰13프로맥스 256 실버 베터리94퍼,890000,https://m.bunjang.co.kr/products/236751577
648,아이폰 13프로맥스(pro max) 256기가 그래파이트,720000,https://m.bunjang.co.kr/products/240848709
649,"아이폰 13pro 256, 골드 판매합니다",650000,https://m.bunjang.co.kr/products/239611747
650,아이폰13프로 자급제 256 그라파이트,700000,https://m.bunjang.co.kr/products/239821834
651,SS+아이폰 13미니 핑크 256 (마지막가격조정),500000,https://m.bunjang.co.kr/products/239781824
652,(풀박)맥북에어13 m1 16기가 256기가 골드 + 벨킨 허브,1000000,https://m.bunjang.co.kr/products/241061075
653,아이폰13미니 스타라이트 256기가 배터리성능97,570000,https://m.bunjang.co.kr/products/241183545
654,(애플공홈판)아이폰13프로맥스256 골드,850000,https://m.bunjang.co.kr/products/240781707
655,아이폰13미니 핑크 256기가,550000,https://m.bunjang.co.kr/products/240350650
656,아이폰 13프로 256기가 실버 판매합니다,800000,https://m.bunjang.co.kr/products/239958198
657,아이폰 13pro 그라파이트 256,700000,https://m.bunjang.co.kr/products/239956167
658,아이폰13프로맥스256상태 A배터리87,1050000,https://m.bunjang.co.kr/products/240574341
659,아이폰13미니 핑크 256기가,520000,https://m.bunjang.co.kr/products/240277870
660,아이폰13. 256. 애플 밧데리91% 가격조정가능,680000,https://m.bunjang.co.kr/products/240799255
661,아이폰13프로맥스 256,870000,https://m.bunjang.co.kr/products/239852676
662,아이폰 13미니 블루 256,470000,https://m.bunjang.co.kr/products/239999808
663,아이폰13프로256화이트판매합니다,800000,https://m.bunjang.co.kr/products/239253596
664,아이폰 13 256기가 화이트,450000,https://m.bunjang.co.kr/products/239976004
665,아이폰 13프로 시에라 블루 256,700000,https://m.bunjang.co.kr/products/240133341
666,아이폰 13프로 256 그라파이트,690000,https://m.bunjang.co.kr/products/239940231
667,아이폰13미니 256기가,450000,https://m.bunjang.co.kr/products/239954399
668,아이폰13프로 시에라블루 256기가 판매합니다,700000,https://m.bunjang.co.kr/products/240906392
669,아이폰13 256 스타라이트 풀박 a급 팜,670000,https://m.bunjang.co.kr/products/240541669
670,아이폰13프로 256 팝니다!!,800000,https://m.bunjang.co.kr/products/239905598
671,아이폰13promax 256 시에라블루,1000000,https://m.bunjang.co.kr/products/240323023
672,아이폰13 256,600000,https://m.bunjang.co.kr/products/239323129
673,아이폰13프로 256기가 블루 공기계,650000,https://m.bunjang.co.kr/products/239592791
674,아이폰 13 프로 256 그래파이트 풀박,700000,https://m.bunjang.co.kr/products/239809954
675,아이폰13프로 256 실버,850000,https://m.bunjang.co.kr/products/239801083
676,아이폰 13프로256+ 케이스티파이 정품 맥세이프 케이스,650000,https://m.bunjang.co.kr/products/240182881
677,아이폰13 256기가 스타라이트 상태A급,660000,https://m.bunjang.co.kr/products/239118260
678,아이폰 13프로 맥스 256기가 실버,880000,https://m.bunjang.co.kr/products/239999447
679,아이폰13프로 256,690000,https://m.bunjang.co.kr/products/239505952
680,아이폰13pro 256기가,780000,https://m.bunjang.co.kr/products/239667644
681,아이폰13 256기가 스타라이트 정상해지폰,690000,https://m.bunjang.co.kr/products/240486325
682,아이폰 13 pro 256,540000,https://m.bunjang.co.kr/products/242567326
683,아이폰12프로 아이폰13프로맥스 둘다256 상태 a급팝니다,1600000,https://m.bunjang.co.kr/products/240549323
684,아이폰 13 핑크 256기가,550000,https://m.bunjang.co.kr/products/239622903
685,애플 아이폰13프로 256기가,950000,https://m.bunjang.co.kr/products/239826373
686,아이폰 13pro 골드 256기가,700000,https://m.bunjang.co.kr/products/239781078
687,아이폰13프로 256 골드 판매 아이폰14프로 추금 드리고 교환 해봅니다,670000,https://m.bunjang.co.kr/products/246350910
688,아이폰 13프로 256 그레이,770000,https://m.bunjang.co.kr/products/239538133
689,아이폰 13 pro 256 시에라 블루 판매,780000,https://m.bunjang.co.kr/products/239967708
690,아이폰13pro 256기가 팝니다,850000,https://m.bunjang.co.kr/products/239755939
691,아이폰13 화이트 256기가 풀박스,560000,https://m.bunjang.co.kr/products/239741439
692,아이폰13프로맥스256기가 시애라블루바로삽니다!!!ㅜㅜ,700000,https://m.bunjang.co.kr/products/240542393
693,아이폰 13 프로맥스 256 자급제,990000,https://m.bunjang.co.kr/products/234938344
694,아이폰13프로 256기가,800000,https://m.bunjang.co.kr/products/239503709
695,아이폰13프로 256기가!!,750000,https://m.bunjang.co.kr/products/239497386
696,아이폰13 프로맥스 256 시에라블루,900000,https://m.bunjang.co.kr/products/239658110
697,아이폰13 프로맥스 256 시에라블루,900000,https://m.bunjang.co.kr/products/239654617
698,아이폰13프로 실버 256,650000,https://m.bunjang.co.kr/products/239059100
699,아이폰13 256기가 핑크,580000,https://m.bunjang.co.kr/products/239417317
700,아이폰13미니 256기가 제일쌈ㅁ,400000,https://m.bunjang.co.kr/products/239422640
701,아이폰13미니 256기가 블루,850000,https://m.bunjang.co.kr/products/239608864
702,아이폰13(256GB),900000,https://m.bunjang.co.kr/products/231469242
703,아이폰13프로맥스 256기가,850000,https://m.bunjang.co.kr/products/239340567
704,아이폰13pro 256기가 실버,780000,https://m.bunjang.co.kr/products/239359288
705,아아폰 13 프로 256 기가 골드 팝니다,800000,https://m.bunjang.co.kr/products/239978320
706,아이폰 13프로 256기가 시에라블루 s급 풀박,700000,https://m.bunjang.co.kr/products/240030637
707,아이폰13프로 256 화이트 판매,880000,https://m.bunjang.co.kr/products/239477845
708,아이폰13프로 256 배터리 85%,650000,https://m.bunjang.co.kr/products/239459162
709,아이폰13미니 256 팝니다,680000,https://m.bunjang.co.kr/products/235350974
710,아이폰 13프로 256기가 시에라블루(89%),750000,https://m.bunjang.co.kr/products/239075873
711,아이폰 13프로 256 시에라블루,830000,https://m.bunjang.co.kr/products/239308622
712,아이폰 13 pro max 256기가 (상태좋음),900000,https://m.bunjang.co.kr/products/240005135
713,아이폰13 256그라파이트 애플케어적용중,850000,https://m.bunjang.co.kr/products/239534028
714,(미개봉) 맥북에어 13.6 M2 8코어 8GPU SSD 256,1400000,https://m.bunjang.co.kr/products/240562086
715,아이폰13미니 256기가 정상해지,550000,https://m.bunjang.co.kr/products/239698449
716,아이폰 13미니 256 팝니다. 애플케어 가능,600000,https://m.bunjang.co.kr/products/236781389
717,아이폰13프로 256 블루 리퍼 미사용,900000,https://m.bunjang.co.kr/products/239768184
718,아이폰 13 프로맥스(pro max) 그래파이트 256,850000,https://m.bunjang.co.kr/products/239583578
719,아이폰 13 256 판매합니다,630000,https://m.bunjang.co.kr/products/239304888
720,"아이폰 13미니 256 (풀박스,A급) + 정품 케이스 2개",600000,https://m.bunjang.co.kr/products/239765568
721,아이폰 13 프로맥스 256기가 시에라블루,850000,https://m.bunjang.co.kr/products/239499999
722,아이폰13프로256 리퍼미사용,900000,https://m.bunjang.co.kr/products/239460918
723,아이폰 13 핑크 256 기가 + 에어팟,1000000,https://m.bunjang.co.kr/products/239243566
724,아이폰13 프로맥스 256 그라파이트,880000,https://m.bunjang.co.kr/products/239036734
725,아이폰 13미니 256기가 새상품급 판매합니다(당일구매 - 70에 급처),850000,https://m.bunjang.co.kr/products/240935424
726,아이폰13프로맥스 256기가 A급. 시에라 블루. 애플케어플러스(202,900000,https://m.bunjang.co.kr/products/240400268
727,아이폰13프로맥스 256 실버 (스크래치없음),1000000,https://m.bunjang.co.kr/products/239408087
728,아이폰 13 프로 맥스 화이트 실버 256 자급제,890000,https://m.bunjang.co.kr/products/239566377
729,아이폰13pro 256기가 시에라블루,850000,https://m.bunjang.co.kr/products/239393726
730,*급처*아이폰13pro256 시에라블루,850000,https://m.bunjang.co.kr/products/239570196
731,아이폰13프로 256기가 A급,800000,https://m.bunjang.co.kr/products/239181422
732,아이폰 13프로 256 풀박스 S급 팝니다,899000,https://m.bunjang.co.kr/products/239355778
733,아이폰 13미니 256기가 스타라이트,550000,https://m.bunjang.co.kr/products/239326057
734,아이폰13프로 256 시에라 블루 팝니다.,820000,https://m.bunjang.co.kr/products/239312431
735,아이폰13프로 시에라블루 256,800000,https://m.bunjang.co.kr/products/239111528
736,아이폰13미니 핑크 256기가 판매합니다.,600000,https://m.bunjang.co.kr/products/239684452
737,아이폰13 256 미드나이트 풀박,650000,https://m.bunjang.co.kr/products/239013397
738,아이폰13프로 256 시에라블루 박스풀 판매합니다,800000,https://m.bunjang.co.kr/products/239910489
739,아이폰13프로 256기가 블랙 공기계,740000,https://m.bunjang.co.kr/products/239245718
740,아이폰13프로맥스 256 블루 리퍼 신제품 바로수령,1150000,https://m.bunjang.co.kr/products/239679594
741,아이폰 13 프로 256기가 시에라블루 풀박스,750000,https://m.bunjang.co.kr/products/239299112
742,아이폰13프로맥스256 자급제+애케플 상태SSS급 팝니다,1050000,https://m.bunjang.co.kr/products/240399403
743,아이폰13프로-256 /정상해지/ 75만원,750000,https://m.bunjang.co.kr/products/240016824
744,아이폰 13프로 256 (애케플 적용),790000,https://m.bunjang.co.kr/products/239624096
745,아이폰13프로 시에라블루 256기가 판매합니다,700000,https://m.bunjang.co.kr/products/239571735
746,아이폰 13 핑크 256/ 아이폰12프로 128 팔아요,650000,https://m.bunjang.co.kr/products/239380347
747,미개봉 자급제 아이폰 13미니 256기가,900000,https://m.bunjang.co.kr/products/238919089
748,(S급)무잔상 아이폰 13미니 256기가 화이트 부산,660000,https://m.bunjang.co.kr/products/236745572
749,아이폰13 256 블루 A급 애플케어 24년 3월,610000,https://m.bunjang.co.kr/products/244756473
750,"배터리98%, 애플케어플러스 아이폰13 프로맥스 256기가",1200000,https://m.bunjang.co.kr/products/239395516
751,아이폰 13 pro 256 실버 자급제 ss급 풀박스 직거래우선,900000,https://m.bunjang.co.kr/products/239421107
752,아이폰 13프로 256기가 미드나잇,900000,https://m.bunjang.co.kr/products/238461712
753,당일발송 S급 아이폰 13미니 256기가 화이트 무잔상,660000,https://m.bunjang.co.kr/products/236976556
754,S급 아이폰13프로맥스 256기가 판매합니다! 배터리 사이클 94프로,920000,https://m.bunjang.co.kr/products/239651494
755,아이폰 13프로맥스 256 리퍼 시에라블루,1100000,https://m.bunjang.co.kr/products/238509260
756,아이폰 13프로 256기가 시에라블루,860000,https://m.bunjang.co.kr/products/238423738
757,아이폰13프로 스페이스그레이 256기가 판매합니다(가격다운),800000,https://m.bunjang.co.kr/products/239268351
758,아이폰 13프로 실버 256 애케플 0,1000000,https://m.bunjang.co.kr/products/239102678
759,아이폰13pro 256 애케플 판매합니다.,900000,https://m.bunjang.co.kr/products/239077977
760,아이폰13프로 256시에라블루 팝니다,670000,https://m.bunjang.co.kr/products/243357629
761,아이폰 13 프로 시에라블루 256기가 미사용 리퍼폰,1100000,https://m.bunjang.co.kr/products/238787902
762,(급처)(가격내림)아이폰13미니256핑크s급,690000,https://m.bunjang.co.kr/products/238352824
763,아이폰13프로 256,700000,https://m.bunjang.co.kr/products/239223116
764,S급실버색상 아이폰13 pro 256기가 판매합니다,900000,https://m.bunjang.co.kr/products/238487221
765,아이폰 13 블루 256,550000,https://m.bunjang.co.kr/products/241904674
766,아이폰 13프로맥스 256,1050000,https://m.bunjang.co.kr/products/242101531
767,(급처)(가격내림)아이폰13미니 256 핑크 89% s급,690000,https://m.bunjang.co.kr/products/238352145
768,S급)(가격내림70만>68만)아이폰13미니256핑크,680000,https://m.bunjang.co.kr/products/238354857
769,맥북 프로 256 13형 m1,650000,https://m.bunjang.co.kr/products/237442388
770,예약 아이폰13 프로 256기가 예약상품,600000,https://m.bunjang.co.kr/products/237337544
771,아이폰13pro맥스256 스페이스그레이,980000,https://m.bunjang.co.kr/products/236651559
772,아이폰 13프로 실버 256기가,980000,https://m.bunjang.co.kr/products/200321358
773,아이폰 13미니 (256기가) 미드나이트,900000,https://m.bunjang.co.kr/products/236289699
774,(급매) 2015년 맥북프로 13형 256기가 팝니다,280000,https://m.bunjang.co.kr/products/237126054
775,아이폰13 256 스타라이트,580000,https://m.bunjang.co.kr/products/241528024
776,아이폰13 미니 256 판매해요!,560000,https://m.bunjang.co.kr/products/236911836
777,아이폰13프로 256,900000,https://m.bunjang.co.kr/products/236480810
778,아이폰13미니256 특s급,710000,https://m.bunjang.co.kr/products/236611036
779,아이폰 13 pro 256 팜,780000,https://m.bunjang.co.kr/products/241326001
780,아이폰 13 핑크 256기가,680000,https://m.bunjang.co.kr/products/236565720
781,아이폰 13 미드나이트 256,700000,https://m.bunjang.co.kr/products/236528721
782,아이폰 13 핑크 256기가,600000,https://m.bunjang.co.kr/products/241231043
783,아이폰13미니 256 배터리 90 판매,660000,https://m.bunjang.co.kr/products/236569598
784,아이폰 13미니 핑크 256 자급제,450000,https://m.bunjang.co.kr/products/241278731
785,아이폰 13 pro 256 팝니다,800000,https://m.bunjang.co.kr/products/235483090
786,아이폰 13pro 256기가 자급제,900000,https://m.bunjang.co.kr/products/236348219
787,아이폰13프로 256 시애라블루,750000,https://m.bunjang.co.kr/products/240958249
788,아이폰 13 프로맥스 256기가 단순개봉,1320000,https://m.bunjang.co.kr/products/231714154
789,아이폰13미니 256기가 미드나이트 풀박스 SS급 팔아요!,670000,https://m.bunjang.co.kr/products/237282285
790,아이폰 13프로 256 전면 상단부 파손제품 팝니다,550000,https://m.bunjang.co.kr/products/236943189
791,(오늘만이가격) 아이폰13프로 256 sss급 애케플 시에라블루,850000,https://m.bunjang.co.kr/products/236940005
792,아이폰13 256기가 화이트,600000,https://m.bunjang.co.kr/products/240682130
793,아이폰 13 256기가 판매합니다,640000,https://m.bunjang.co.kr/products/236111268
794,아이폰 13 256,650000,https://m.bunjang.co.kr/products/235391700
795,아이폰13프로 256 배터리100 애케플,820000,https://m.bunjang.co.kr/products/241597086
796,아이폰 13프로맥스 256,940000,https://m.bunjang.co.kr/products/239129078
797,아이폰13pro 256기가 시에라블루 S급 풀박,920000,https://m.bunjang.co.kr/products/236122509
798,아이폰13프로 256 그래파이트,700000,https://m.bunjang.co.kr/products/240104373
799,맥북 프로 M1 13형 256기가 스그 SSSSS급 팝니다,1000000,https://m.bunjang.co.kr/products/236102224
800,아이폰 13 프로 256,760000,https://m.bunjang.co.kr/products/239796356
801,아이폰13프로256 상태최상급 팔아요,710000,https://m.bunjang.co.kr/products/240679168
802,아이폰 13 256기가 S급 스타라이트,800000,https://m.bunjang.co.kr/products/235666753
803,아이폰13 256기가 판매합니다,560000,https://m.bunjang.co.kr/products/240350085
804,아이폰13 미니 256 자급제 블루 배터리 96,470000,https://m.bunjang.co.kr/products/240496239
805,블랙 아이폰13 프로 256 베터리85%,900000,https://m.bunjang.co.kr/products/235849725
806,당일발송 SS급 아이폰 13미니 256기가 화이트 무잔상,730000,https://m.bunjang.co.kr/products/234643612
807,아이폰 13프로 시에라블루 256,700000,https://m.bunjang.co.kr/products/239594839
808,아이폰13프로 시에라블루256,850000,https://m.bunjang.co.kr/products/239744224
809,(SS급)배터리96 무잔상 아이폰 13미니 256기가 화이트 부산,730000,https://m.bunjang.co.kr/products/234700937
810,아이폰13프로256기가,750000,https://m.bunjang.co.kr/products/239274564
811,아이폰13프로 256기가 실버 팝니다!,900000,https://m.bunjang.co.kr/products/239535429
812,아이폰13프로256,1000000,https://m.bunjang.co.kr/products/238888472
813,아이폰13프로 256블루 A급,930000,https://m.bunjang.co.kr/products/234609605
814,아이폰13미니256그린+애플워치se44mm 팜<내고가능>,700000,https://m.bunjang.co.kr/products/235710267
815,아이폰 13 프로 맥스 256 그라파이트 + 애플 정품 클리어 케이스,900000,https://m.bunjang.co.kr/products/239114762
816,아이폰 13프로 256 자급제 시에라블루 애케플 판매합니다,790000,https://m.bunjang.co.kr/products/240551264
817,아이폰 13프로 256기가 정상해지폰 판매합니다,400000,https://m.bunjang.co.kr/products/235361510
818,아이폰 13 pro 256 GB,920000,https://m.bunjang.co.kr/products/233998797
819,"2022 m2 맥북 미드나이트 깡통(256/8), 배터리사이클13",950000,https://m.bunjang.co.kr/products/235099587
820,"아이폰13 프로 256 그래파이트, 시에라블루",830000,https://m.bunjang.co.kr/products/238236805
821,아이폰15프로맥스 256기가 블루 13일 도착,1950000,https://m.bunjang.co.kr/products/238994537
822,아이폰13 스타라이트 256기가 미개봉,950000,https://m.bunjang.co.kr/products/234118572
823,아이폰 13미니 256,600000,https://m.bunjang.co.kr/products/233413883
824,아이폰13프로 256기가 시에라블루,900000,https://m.bunjang.co.kr/products/233838362
825,아이폰13프로 256기가,780000,https://m.bunjang.co.kr/products/237932491
826,아이폰13프로 256GB,950000,https://m.bunjang.co.kr/products/233347065
827,아이폰 13pro 자급제 256기가,999000,https://m.bunjang.co.kr/products/227035369
828,아이폰13미니 256GB 블랙 팝니다,465000,https://m.bunjang.co.kr/products/257822836
829,아이폰13프로 256판매합니다,720000,https://m.bunjang.co.kr/products/233164355
830,아이폰 13프로 256 블루 skt 정상공기계 판매합니다.,600000,https://m.bunjang.co.kr/products/234321075
831,아이폰13 프로맥스 256 배터리 효율 95%,980000,https://m.bunjang.co.kr/products/233219121
832,"아이폰 15프로 256 내츄럴티타늄 13일 19시 강남,고터 직거래",1760000,https://m.bunjang.co.kr/products/238983401
833,아이폰 13pro 256기가,790000,https://m.bunjang.co.kr/products/236972982
834,아이폰 13프로 256 시에나블루 팝니다,666666,https://m.bunjang.co.kr/products/233229800
835,아이폰 13미니 스타라이트 256,650000,https://m.bunjang.co.kr/products/232865237
836,아이폰13미니 256기가팝니다,639000,https://m.bunjang.co.kr/products/232835913
837,아이폰 13미니 스타라이트 256,550000,https://m.bunjang.co.kr/products/232825008
838,13미니256풀박스(애케플),630000,https://m.bunjang.co.kr/products/233149076
839,아이폰 13 256,900000,https://m.bunjang.co.kr/products/232183294
840,아이폰13 256 새제품,950000,https://m.bunjang.co.kr/products/229280488
841,아이폰 13프로 256 판매합니가,950000,https://m.bunjang.co.kr/products/232885531
842,아이폰13 256 세재품,950000,https://m.bunjang.co.kr/products/229280398
843,아이폰13 256 미드나이트,950000,https://m.bunjang.co.kr/products/229956335
844,아이폰13 256 미드나이트,950000,https://m.bunjang.co.kr/products/229956233
845,*가벼운 슬림노트북* 13.3인치/램8/SSD 256/윈10/풀HD,249000,https://m.bunjang.co.kr/products/233323314
846,아이폰13미니 256 단품 구성x 3사가능,440000,https://m.bunjang.co.kr/products/233259088
847,아이폰 13pro max 256기가 판매합니다.,1200000,https://m.bunjang.co.kr/products/232712060
848,HP 파빌리온 13.3인치 노트북/256기가,380000,https://m.bunjang.co.kr/products/232377549
849,아이폰 13미니 256 기가 S급 비슷한거 팝니다,630000,https://m.bunjang.co.kr/products/232598542
850,2020 맥북 에어13 256기가 (애플케어가입),900000,https://m.bunjang.co.kr/products/232425802
851,맥북에어13 M1(256) 제조2022.JAN,870000,https://m.bunjang.co.kr/products/230258204
852,13 256기가 화이트 80만원,800000,https://m.bunjang.co.kr/products/231862922
853,아이폰 13 블루 256 무음( 교환도 함),630000,https://m.bunjang.co.kr/products/236114650
854,13 256기가 화이트 80만원,800000,https://m.bunjang.co.kr/products/231863221
855,13 256기가 화이트 80만원,800000,https://m.bunjang.co.kr/products/231862669
856,아이폰 프로13 256기가 시에라블루팝니다.,800000,https://m.bunjang.co.kr/products/205011962
857,아이폰13 256 새제품,950000,https://m.bunjang.co.kr/products/229206753
858,아이폰13 256,800000,https://m.bunjang.co.kr/products/230975437
859,아이폰13프로맥스 256기가 풀박스 A급,1000000,https://m.bunjang.co.kr/products/231648414
860,아이폰13프로 256기가 시에라블루,950000,https://m.bunjang.co.kr/products/231489863
861,아이폰13프로 256기가 팝니다,900000,https://m.bunjang.co.kr/products/231269476
862,아이폰13미니 256 배터리 87 판매,650000,https://m.bunjang.co.kr/products/230977729
863,13 256기가 화이트 80만원,800000,https://m.bunjang.co.kr/products/231259539
864,13 256기가 화이트 80만원,800000,https://m.bunjang.co.kr/products/231259048
865,13 256기가 화이트 80만원,800000,https://m.bunjang.co.kr/products/231259298
866,아이폰13프로 실버 256기가+애플케어플러스,970000,https://m.bunjang.co.kr/products/231509063
867,아이폰 13미니 256,510000,https://m.bunjang.co.kr/products/230657121
868,13 256기가 화이트 80만원,800000,https://m.bunjang.co.kr/products/231151752
869,아이폰13미니 256 풀박스,800000,https://m.bunjang.co.kr/products/225831921
870,아이폰13 256 미드나이트 새폰,950000,https://m.bunjang.co.kr/products/229956391
871,13 256기가 화이트 80만원,800000,https://m.bunjang.co.kr/products/231152312
872,13 256기가 화이트 80만원,800000,https://m.bunjang.co.kr/products/231152047
873,아이폰13프로 256기가 부품용,600000,https://m.bunjang.co.kr/products/232073044
874,아이폰 13미니 256기가 + 애플워치6 스테인리스 실버,1000000,https://m.bunjang.co.kr/products/231564913
875,풀박스)아이폰13프로맥스 256 시에라블루 판매합니다,1100000,https://m.bunjang.co.kr/products/231619241
876,13 256기가 화이트 80만원,800000,https://m.bunjang.co.kr/products/230923652
877,13 256기가 화이트 80만원,800000,https://m.bunjang.co.kr/products/230923347
878,13 256기가 화이트 80만원,800000,https://m.bunjang.co.kr/products/230923056
879,아이폰13 256기가 팔아요!,780000,https://m.bunjang.co.kr/products/230639890
880,아이폰 13미니 스타라이트 256/93%,750000,https://m.bunjang.co.kr/products/230728905
881,아이폰13프로맥스 256 자급제 s급,1100000,https://m.bunjang.co.kr/products/235154835
882,아이폰13 256 기가 박스O 배터리 90%,800000,https://m.bunjang.co.kr/products/230818425
883,13 256기가 화이트 80만원,800000,https://m.bunjang.co.kr/products/230627230
884,13 256기가 화이트 80만원,800000,https://m.bunjang.co.kr/products/230627772
885,13 256기가 화이트 80만원,800000,https://m.bunjang.co.kr/products/230627509
886,13 256기가 화이트 80만원,800000,https://m.bunjang.co.kr/products/230519164
887,13 256기가 화이트 80만원,800000,https://m.bunjang.co.kr/products/230518899
888,13 256기가 화이트 80만원,800000,https://m.bunjang.co.kr/products/230518607
889,13 256기가 화이트 80만원,800000,https://m.bunjang.co.kr/products/230411854
890,13 256기가 화이트 80만원,800000,https://m.bunjang.co.kr/products/230411535
891,아이폰13미니 256 핑크 배터리 91% 팝니다(번개페이환영),650000,https://m.bunjang.co.kr/products/230748114
892,13 256기가 화이트 80만원,800000,https://m.bunjang.co.kr/products/230412136
893,13 256기가 화이트 80만원,800000,https://m.bunjang.co.kr/products/230308102
894,13 256기가 화이트 80만원,800000,https://m.bunjang.co.kr/products/230205974
895,13 256기가 화이트 80만원,800000,https://m.bunjang.co.kr/products/230206206
896,13 256기가 화이트 80만원,800000,https://m.bunjang.co.kr/products/230205724
897,애플 2022 맥북 에어 13 M2 256기가 SSD/ 8기가 메모리 스,1100000,https://m.bunjang.co.kr/products/231115153
898,아이폰13 256 실버(화이트) 배터리성능 87%,750000,https://m.bunjang.co.kr/products/230283593
899,갤럭시Z플립3 크림 256기가 13,355000,https://m.bunjang.co.kr/products/229910276
900,13 256기가 화이트 80만원,800000,https://m.bunjang.co.kr/products/229905308
901,13 256기가 화이트 80만원,800000,https://m.bunjang.co.kr/products/229905756
902,13 256기가 화이트 80만원,800000,https://m.bunjang.co.kr/products/229905533
903,아이폰 13프로 알파인그린 256기가 팝니다,750000,https://m.bunjang.co.kr/products/234737272
904,아이폰13프로맥스 스페이스그레이 256 애케플,1280000,https://m.bunjang.co.kr/products/230176889
905,아이폰13프로맥스 256GB (시에라블루),850000,https://m.bunjang.co.kr/products/258566778
906,S급!! 풀박스 아이폰 13프로 256 골드,970000,https://m.bunjang.co.kr/products/229677798
907,아이폰13프로 256기가(구미중고폰창고),930000,https://m.bunjang.co.kr/products/229729044
908,[개인판매]아이폰13미니 핑크 256,680000,https://m.bunjang.co.kr/products/229280226
909,아이폰 13프로맥스 256,1090000,https://m.bunjang.co.kr/products/227856236
910,아이폰 13프로 256기가,970000,https://m.bunjang.co.kr/products/228807225
911,아이폰 13 프로 시에라블루 256기가,700000,https://m.bunjang.co.kr/products/232013370
912,아이폰13 미니 256기가 미드나잇블루 팝니다 (세종),650000,https://m.bunjang.co.kr/products/202711457
913,아이폰13미니 256기가팝니다,689000,https://m.bunjang.co.kr/products/228854676
914,아이폰13미니 256기가팝니다,689000,https://m.bunjang.co.kr/products/228854474
915,아이폰 13 그린 256기가 단순개봉 새상품,950000,https://m.bunjang.co.kr/products/229117625
916,아이폰13미니 256기가 스타라이트 애플센터 리퍼폰 미사용,730000,https://m.bunjang.co.kr/products/229899411
917,깨진 아이폰 13프로맥스 256기가,900000,https://m.bunjang.co.kr/products/228451282
918,아이폰 13프로 256GB 시에라블루,689000,https://m.bunjang.co.kr/products/240659053
919,아이폰13 256 기가 핑크 SSSSSS급 팝니다,849000,https://m.bunjang.co.kr/products/228569581
920,맥북 프로 2019년형 13inch 8GB 터치바 모델 256,500000,https://m.bunjang.co.kr/products/227782918
921,아이폰13 256기가 팝니다,630000,https://m.bunjang.co.kr/products/227852816
922,아이폰 13미니 스타라이트 256기가->아이폰14프로 추금받고교신,500000,https://m.bunjang.co.kr/products/227286049
923,아이폰13프로 256기가,1150000,https://m.bunjang.co.kr/products/227852745
924,아이폰13프로 256기가,770000,https://m.bunjang.co.kr/products/205709683
925,아이폰 13pro 단품 256 베터리 100%,950000,https://m.bunjang.co.kr/products/227988430
926,아이폰 13프로맥스 256기가 시에라블루 팝니다,1100000,https://m.bunjang.co.kr/products/227698751
927,아이폰 13 pro 256,950000,https://m.bunjang.co.kr/products/227228682
928,"아이폰13프로 256 , 애플케어",930000,https://m.bunjang.co.kr/products/226592819
929,아이폰13프로 256 자급제,1050000,https://m.bunjang.co.kr/products/231386878
930,아이폰13프로 맥스 알파인그린 256 팝니다,1000000,https://m.bunjang.co.kr/products/209722183
931,아이폰13프로맥스 256,1150000,https://m.bunjang.co.kr/products/226624622
932,아이폰 13 256기가,750000,https://m.bunjang.co.kr/products/225758096
933,애플13미니 레드 256 자급제,780000,https://m.bunjang.co.kr/products/226857192
934,아이폰13프로맥스골드 256기가 팝니다,1200000,https://m.bunjang.co.kr/products/226672833
935,아이폰 13 미드나잇 256기가 미개봉 새상품 A2633,990000,https://m.bunjang.co.kr/products/227132555
936,아이폰13프로 256기가 알파인그린,1000000,https://m.bunjang.co.kr/products/217857996
937,아이폰13프로 256기가 자급제,950000,https://m.bunjang.co.kr/products/225828331
938,아이폰 13프로 256,970000,https://m.bunjang.co.kr/products/225893873
939,아이폰 13프로맥스 256G 블랙 A급 배터리 91% 팝니다,940000,https://m.bunjang.co.kr/products/258126492
940,아이폰 13프로 256 미개봉 구입 원합니다.,900000,https://m.bunjang.co.kr/products/213786553
941,아이폰13프로256,940000,https://m.bunjang.co.kr/products/225644865
942,아이폰13 256G,775000,https://m.bunjang.co.kr/products/225646678
943,아이폰 15프로 256G 블루 S급 풀박스 133만원에 팝니다,1330000,https://m.bunjang.co.kr/products/257901915
944,아이폰13프로 256,950000,https://m.bunjang.co.kr/products/225597347
945,아이폰 13프로 256 배터리95프로 9개월 블랙 팝니다,990000,https://m.bunjang.co.kr/products/226462432
946,아이폰 13 그린 256기가,900000,https://m.bunjang.co.kr/products/225622536
947,아이폰13프로256,880000,https://m.bunjang.co.kr/products/228891500
948,아이폰 13프로맥스 256 판매해요,1050000,https://m.bunjang.co.kr/products/225546817
949,아이폰13미니 256기가 핑크 AAA급 - 울산중고폰,673000,https://m.bunjang.co.kr/products/223802855
950,아이폰 13pro max 256,1050000,https://m.bunjang.co.kr/products/218804177
951,맥북 에어 2017 256기가 13인치,280000,https://m.bunjang.co.kr/products/258727435
952,아이폰13 스타라이트 256기가 배터리87,855000,https://m.bunjang.co.kr/products/225553754
953,"아이폰 13 미니 미드나이트 256, 애플워치 6 에르메스 느와르",1400000,https://m.bunjang.co.kr/products/230339695
954,깨짐 아이폰 13프로맥스 256 아이폰 14pro 교환 이나 팝니다,800000,https://m.bunjang.co.kr/products/225963879
955,아이폰13미니 핑크 256기가 배터리88,675000,https://m.bunjang.co.kr/products/224897307
956,아이폰13미니 핑크 256기가 배터리89,715000,https://m.bunjang.co.kr/products/224896988
957,아이폰13미니 핑크 256기가 배터리87,685000,https://m.bunjang.co.kr/products/224897486
958,아이폰13미니 핑크 256기가 배터리88,685000,https://m.bunjang.co.kr/products/224897149
959,아이폰13프로맥스256,1250000,https://m.bunjang.co.kr/products/224130156
960,아이폰13 스타라이트 256기가 배터리87,855000,https://m.bunjang.co.kr/products/224797703
961,아이폰13프로맥스 256기가 실버,1200000,https://m.bunjang.co.kr/products/224407904
962,아이폰13미니 스타라이트 256기가 배터리84,655000,https://m.bunjang.co.kr/products/224896565
963,아이폰13 256기가 그래파이트 판매합니자,750000,https://m.bunjang.co.kr/products/224779962
964,[S급]아이폰 13프로 256기가,500000,https://m.bunjang.co.kr/products/221641673
965,아이폰13프로 256 그래파이트,950000,https://m.bunjang.co.kr/products/223893333
966,아이폰 13프로 그래파이트 256 기가 판매해요,820000,https://m.bunjang.co.kr/products/224390128
967,아이폰 13 블루 256기가,760000,https://m.bunjang.co.kr/products/228071816
968,아이폰13미니 256 핑크 액정무기스 배터리87 판매,615000,https://m.bunjang.co.kr/products/222255028
969,S급 아이폰 13 스타라이트 256,780000,https://m.bunjang.co.kr/products/223271783
970,아이폰13 스타라이트 256GB 배터리 82% 박스있음,600000,https://m.bunjang.co.kr/products/257390227
971,아이폰 13 프로 256+애플케어,990000,https://m.bunjang.co.kr/products/223335458
