,Title,Price,Link
0,"아이폰 13미니 256,512기가 스타라이트 미개봉 삽니다",1000000,https://m.bunjang.co.kr/products/258796313
1,아이폰 13미니 화이트 512 판매합니다,650000,https://m.bunjang.co.kr/products/258930262
2,아이폰 13 미니 512 그린 배터리 100,1100000,https://m.bunjang.co.kr/products/258919899
3,아이폰 미니 13 512기가 화이트 풀박,900000,https://m.bunjang.co.kr/products/258884020
4,아이폰13mini 미드나이트 512기가(배터리100퍼)자급제 싸게팔아요,800000,https://m.bunjang.co.kr/products/250015176
5,아이폰13미니512,400000,https://m.bunjang.co.kr/products/258779087
6,아이폰13미니 512기가,600000,https://m.bunjang.co.kr/products/258743094
7,아이폰 13 미니 512 미드나이트 자급제,700000,https://m.bunjang.co.kr/products/258655028
8,아이폰13미니 512기가 화이트색상 판매,570000,https://m.bunjang.co.kr/products/258125031
9,아이폰13미니 512 삽니다,700000,https://m.bunjang.co.kr/products/258613006
10,아이폰13 미니 핑크 512기가,650000,https://m.bunjang.co.kr/products/257604719
11,(구매글)아이폰13미니 512기가 미드나이트 삽니다!!!!,500000,https://m.bunjang.co.kr/products/257903537
12,아이폰13미니 512기가 팝니다,730000,https://m.bunjang.co.kr/products/257368055
13,아이폰13미니 그린 512 sss급,850000,https://m.bunjang.co.kr/products/246035938
14,아이폰13프로 512기가 리퍼폰 아이폰13미니 512기가와 교환,900000,https://m.bunjang.co.kr/products/257099578
15,13미니 512기,550000,https://m.bunjang.co.kr/products/252791860
16,아이폰 13 mini 512 스타라이트,430000,https://m.bunjang.co.kr/products/253070105
17,아이폰 13미니 512기가 55에 팝니다 네고가능,550000,https://m.bunjang.co.kr/products/250263140
18,아이폰13미니 512기가 그린 팝니다,790000,https://m.bunjang.co.kr/products/251944484
19,"아이폰 13미니 512기가 스타라이트,미드나잇 중고 기기단품",795000,https://m.bunjang.co.kr/products/239012546
20,23년5월29일쿠팡에서구매아이폰13미니 512 미드나잇블루 팔아요(내용필,1000000,https://m.bunjang.co.kr/products/226080157
21,아이폰13 미니 512기가 미드나이트,850000,https://m.bunjang.co.kr/products/203820878
22,아이폰 13 미니 512GB,650000,https://m.bunjang.co.kr/products/244646990
23,"[중고품] 아이폰 13 미니 자급제 512GB 블랙 (760,000원)",760000,https://m.bunjang.co.kr/products/239202095
24,아이폰13미니 512g 판매합니다.[S급],850000,https://m.bunjang.co.kr/products/258937285
25,아이폰 13미니 스타라이트 512gb,900000,https://m.bunjang.co.kr/products/258036301
26,아이폰 13미니 512GB 86% 풀박스,700000,https://m.bunjang.co.kr/products/254673947
27,아이폰13미니 미드나잇 512G 판매합니다.,540000,https://m.bunjang.co.kr/products/253712114
28,아이폰 미니13 512GB,550000,https://m.bunjang.co.kr/products/245492462
29,아이폰 13미니 512GB 판매해요! (저렴),550000,https://m.bunjang.co.kr/products/242934889
30,아이폰13 미니 512G 핑크 자급제,700000,https://m.bunjang.co.kr/products/238312793
31,아이폰 미니13 512기가,600000,https://m.bunjang.co.kr/products/258607414
32,아이폰13미니 512기가 블랙색상 판매,570000,https://m.bunjang.co.kr/products/258129979
33,아이폰 13 미니 512기가,500000,https://m.bunjang.co.kr/products/258242504
34,아이폰13 미니 512 핑크 팝니다,630000,https://m.bunjang.co.kr/products/257540126
35,아이폰 13 미니 512기가,550000,https://m.bunjang.co.kr/products/256716775
36,[sss급] 아이폰13미니 512기가(배터리 100),850000,https://m.bunjang.co.kr/products/258073195
37,아이폰13 미니 스타라이트 512 자급제,600000,https://m.bunjang.co.kr/products/257406661
38,아이폰13미니 512,430000,https://m.bunjang.co.kr/products/257533125
39,아이폰 미니13 512기가 팔아요,540000,https://m.bunjang.co.kr/products/257161438
40,아이폰13미니 512,470000,https://m.bunjang.co.kr/products/256462065
41,자급제 아이폰 13 미니 512기가 미드나이트 팔아요,590000,https://m.bunjang.co.kr/products/248617305
42,아이폰13미니 핑크 512,590000,https://m.bunjang.co.kr/products/256134651
43,(리퍼 미사용) 아이폰13미니 512기가 블루 판매,870000,https://m.bunjang.co.kr/products/255264741
44,카메라 무음) 아이폰13미니 핑크 512기가,780000,https://m.bunjang.co.kr/products/256674877
45,아이폰13미니 512팜,570000,https://m.bunjang.co.kr/products/255048669
46,아이폰13미니 512,570000,https://m.bunjang.co.kr/products/254422865
47,아이폰13미니 512 화이트,620000,https://m.bunjang.co.kr/products/254285818
48,13미니 512기가 실버,450000,https://m.bunjang.co.kr/products/252929266
49,아이폰 13 미니 그린 512기가 판매합니더,650000,https://m.bunjang.co.kr/products/254587473
50,(개인) 아이폰13미니 512기가 13mini 512GB 배터리84%,550000,https://m.bunjang.co.kr/products/251486259
51,아이폰13미니 512화이트,460000,https://m.bunjang.co.kr/products/251400148
52,"아이폰 13 미니 512 핑크 (자급제, 풀박스)",520000,https://m.bunjang.co.kr/products/245829616
53,아이폰13미니 512기가 팝니다,580000,https://m.bunjang.co.kr/products/242035816
54,아이폰13 미니 512기가 레드색상 A급 팝니다,600000,https://m.bunjang.co.kr/products/252234302
55,아이폰 13미니 512,500000,https://m.bunjang.co.kr/products/251222106
56,아이폰 13 미니 512기가 화이트 배터리 100%(사설교체),520000,https://m.bunjang.co.kr/products/252578082
57,아이폰13미니 512 화이트 판매,480000,https://m.bunjang.co.kr/products/252289936
58,아이폰13미니 512기가 화이트 애케플 25년2월10일,750000,https://m.bunjang.co.kr/products/254420065
59,아이폰13미니 미드나이트 512,400000,https://m.bunjang.co.kr/products/251973186
60,아이폰13미니 그린 512기가,600000,https://m.bunjang.co.kr/products/251370250
61,아이폰 13미니 핑크 512기가,700000,https://m.bunjang.co.kr/products/256544060
62,아이폰13미니 512,560000,https://m.bunjang.co.kr/products/251043937
63,아이폰13미니 핑크 512기가,550000,https://m.bunjang.co.kr/products/249499530
64,아이폰 13 미니 512 기가 화이트 중고폰 판매,450000,https://m.bunjang.co.kr/products/251527988
65,이이폰13미니512배터리100%,600000,https://m.bunjang.co.kr/products/250884360
66,아이폰 13 미니 스타라이트 512 (자급제),550000,https://m.bunjang.co.kr/products/251092708
67,아이폰13 미니 512기가 로즈골드 핑크 판매합니다,550000,https://m.bunjang.co.kr/products/251848537
68,아이폰 13미니 512기가 핑크,580000,https://m.bunjang.co.kr/products/250647382
69,아이폰13미니 핑크 512기가,580000,https://m.bunjang.co.kr/products/250647657
70,아이폰13미니 512기가,400000,https://m.bunjang.co.kr/products/250260802
71,아이폰 13 미니 512 자급제 실버ㅍ,510000,https://m.bunjang.co.kr/products/250377336
72,아이폰 13미니 512기가,450000,https://m.bunjang.co.kr/products/249956353
73,아이폰 13미니 512 미드나이트 S급 애케플,850000,https://m.bunjang.co.kr/products/251404028
74,갤럭시 S23 블랙 512 아이폰 13미니와 교환원합니다.(내용 유),200000,https://m.bunjang.co.kr/products/251538663
75,아이폰 13 미니 그린 512 팝니다 + 애케플,750000,https://m.bunjang.co.kr/products/255942300
76,아이폰13미니 512기가 핑크 완전좋음!!,600000,https://m.bunjang.co.kr/products/249698405
77,아이폰13 미니 512(급처),750000,https://m.bunjang.co.kr/products/239169435
78,아이폰 13 미니 512기가,650000,https://m.bunjang.co.kr/products/254412845
79,아이폰 13 미니 512기가,530000,https://m.bunjang.co.kr/products/248705596
80,(할인가58)아이폰13미니 512기가 미국판 핑크 SS급 6490,660000,https://m.bunjang.co.kr/products/250189946
81,아이폰 13 미니 512기가 풀박 상태 A급 판매합니다!,550000,https://m.bunjang.co.kr/products/240288205
82,아이폰 13 미니 512 미드나이트 + 애플케어플러스 24년 5월,740000,https://m.bunjang.co.kr/products/240347980
83,SSS급 아이폰13 미니 블루 512기가 배터리100,650000,https://m.bunjang.co.kr/products/252462223
84,아이폰 미니 13 512기가 미국판 무음카메라 그린,800000,https://m.bunjang.co.kr/products/248152820
85,아이폰13 미니 512 스타라이트 배터리100,850000,https://m.bunjang.co.kr/products/246947097
86,[급처] 아이폰 13 미니 512 미드나이트 애케플,880000,https://m.bunjang.co.kr/products/242955028
87,아이폰 13 미니 512 미드나이트,655000,https://m.bunjang.co.kr/products/243002355
88,아이폰 13 미니 512 기가 그린 거의 새것,600000,https://m.bunjang.co.kr/products/248688060
89,아이폰13 미니 512g 자급제,600000,https://m.bunjang.co.kr/products/253036937
90,아이폰 13 미니 512GB 미드나이트 블랙 가격내림 60->50,495000,https://m.bunjang.co.kr/products/247483350
91,아이폰13미니 512g,600000,https://m.bunjang.co.kr/products/253013448
92,아이폰 13 미니 512g 핑크,900000,https://m.bunjang.co.kr/products/251009839
93,아이폰 13미니 스타라이트 512GB,600000,https://m.bunjang.co.kr/products/253000949
94,아이폰13 미니 512gb,550000,https://m.bunjang.co.kr/products/251090798
95,아이폰 13 미니 화이트 512GB,600000,https://m.bunjang.co.kr/products/249695537
96,아이폰 13 미니 512GB,600000,https://m.bunjang.co.kr/products/248788739
97,아이폰13 미니 512gb 그린 애플케어 플러스,750000,https://m.bunjang.co.kr/products/254341428
98,아이폰 13미니 스타라이트 512gb 배터리성능 100%,800000,https://m.bunjang.co.kr/products/249745979
99,아이폰13미니 512GB 블랙 46.9만원 [51023],469000,https://m.bunjang.co.kr/products/251054951
100,아이폰 13미니 그린 512GB,590000,https://m.bunjang.co.kr/products/252283777
101,아이폰13미니 512g 핑크 풀박스 + 케이스 필름 케이블 등,620000,https://m.bunjang.co.kr/products/244281290
102,"512GB 아이폰13미니 핑크 2023.3월개통 순천,여수,광양,중고폰",640000,https://m.bunjang.co.kr/products/250186584
103,배터리92 S급 아이폰13미니 512G 그린 (496),520000,https://m.bunjang.co.kr/products/249808895
104,배터리92 S급 아이폰13미니 512G 그린 (496),520000,https://m.bunjang.co.kr/products/249797564
105,아이폰 13 미니 512GB 스타라이트,510000,https://m.bunjang.co.kr/products/246086975
106,배터리92 S급 아이폰13미니 512G 그린 (496),520000,https://m.bunjang.co.kr/products/249725123
107,배터리92 S급 아이폰13미니 512G 그린 (496),520000,https://m.bunjang.co.kr/products/249724997
108,[512gb] 아이폰 13미니 미드나잇 자급제,570000,https://m.bunjang.co.kr/products/253822709
109,아이폰 13 미니 512g 새상품 미드나이트,800000,https://m.bunjang.co.kr/products/252307702
110,"13미니 512GB 미드나이트. (보증O, 효율 100%)",750000,https://m.bunjang.co.kr/products/248527158
111,[SS급/배터리85] 아이폰13미니 512G 스타라이트 #액정깨끗,548000,https://m.bunjang.co.kr/products/250175974
112,아이폰13미니 512g 팝니다,520000,https://m.bunjang.co.kr/products/252097865
113,(대용량폰) 13미니 512G 화이트 배터리91% 액정무기스 58만팝니다,580000,https://m.bunjang.co.kr/products/250063682
114,[S급/배터리85] 아이폰13미니 512G 미드나잇 #액정깨끗,537000,https://m.bunjang.co.kr/products/248851581
115,[A급/배터리81] 아이폰13미니 512G 스타라이트,495000,https://m.bunjang.co.kr/products/248875065
116,무잔상/외관깨끗 아이폰13미니 배터리성능87% 블루 512GB 01126,594000,https://m.bunjang.co.kr/products/249796615
117,레노버 미니PC Lenovo Tiny 13세대 P3 16G/512G,700000,https://m.bunjang.co.kr/products/248016483
118,13미니 512GB,900000,https://m.bunjang.co.kr/products/241314391
119,아이폰13미니 스타라이트 512GB,650000,https://m.bunjang.co.kr/products/248319597
120,아이폰13미니 핑크 512G,600000,https://m.bunjang.co.kr/products/244476017
121,아이폰13 미니 그린 색상 512GB삽니다,850000,https://m.bunjang.co.kr/products/238405636
