,Title,Price,Link
0,미개봉 맥북프로 13 m2/8g/512/스그,1300000,https://m.bunjang.co.kr/products/258988469
1,아이폰 13프로 시에나 블루 512기가,740000,https://m.bunjang.co.kr/products/251473762
2,삼성 갤럭시북3 프로360 16인치 13세대 !7/램16/SSD512 풀,1500000,https://m.bunjang.co.kr/products/258856219
3,아이폰 13 프로 골드 512,780000,https://m.bunjang.co.kr/products/258745971
4,갤럭시북3 프로 16인치 13세대 i7 / 16 / 512 실버 팝니다,1390000,https://m.bunjang.co.kr/products/254839928
5,아이폰13프로맥스512기가 팝니다 베터리86프로 시에라 정상해지,880000,https://m.bunjang.co.kr/products/258490507
6,갤럭시북3프로 360 16인치 13세대 i7/ 16 /512 윈11정품포,1590000,https://m.bunjang.co.kr/products/258016282
7,미사용 구버전 자급제 아이폰13프로 512기가 골드 풀박스,1250000,https://m.bunjang.co.kr/products/237933805
8,아이폰13프로 512,830000,https://m.bunjang.co.kr/products/258745984
9,아이폰 13프로 512,830000,https://m.bunjang.co.kr/products/241683453
10,아이폰13프로 무음 512기가 애케플 판매합니다,950000,https://m.bunjang.co.kr/products/258795437
11,아이폰13프로 512기가 골드 배터리86% 15322,620000,https://m.bunjang.co.kr/products/254935898
12,13프로 512 단품 팝니다.평택 안중 직거래 배터리 86,780000,https://m.bunjang.co.kr/products/257056874
13,아이폰13프로 512 그린,670000,https://m.bunjang.co.kr/products/258309264
14,아이폰13프로 512 시에라블루,850000,https://m.bunjang.co.kr/products/258305190
15,아이폰13 프로pro 512기가 팝니다.,870000,https://m.bunjang.co.kr/products/257734167
16,아이폰13프로 512기가,760000,https://m.bunjang.co.kr/products/258047597
17,아이폰 13pro 512 기가 실버,880000,https://m.bunjang.co.kr/products/258208873
18,아이폰13프로 512기가 액정 문제,700000,https://m.bunjang.co.kr/products/257996153
19,아이폰 13프로 512기가 S급,780000,https://m.bunjang.co.kr/products/257078110
20,아이폰13프로 512기가 리퍼폰 아이폰13미니 512기가와 교환,900000,https://m.bunjang.co.kr/products/257099578
21,아이폰 13 프로 512 S급 블루,900000,https://m.bunjang.co.kr/products/255185308
22,아이폰 13 프로 512 애캐플 포함,900000,https://m.bunjang.co.kr/products/255261058
23,아이폰 13프로 512기가 1테라 삽니다 구매,700000,https://m.bunjang.co.kr/products/255003997
24,애플 맥북 프로13 실버 512기가 노트북,1800000,https://m.bunjang.co.kr/products/254342677
25,아이폰13프로 블랙 512기가,805000,https://m.bunjang.co.kr/products/251605546
26,(무배)아이폰13프로 512기가 판매합니다,693000,https://m.bunjang.co.kr/products/257087756
27,(무배)아이폰13프로 512기가 판매합니다,693000,https://m.bunjang.co.kr/products/257097360
28,아이폰13 프로 512 애플케어24.9.29,850000,https://m.bunjang.co.kr/products/251106899
29,아이폰 13 프로 512기가,750000,https://m.bunjang.co.kr/products/238664696
30,(네고가능) 초sSs급! 아이폰13프로 512 골드 88%,795000,https://m.bunjang.co.kr/products/248956088
31,아이폰13프로 512 S급 그래파이트 팝니다,750000,https://m.bunjang.co.kr/products/251918269
32,아이폰13프로 그린 512기가,650000,https://m.bunjang.co.kr/products/240286707
33,아이폰 13프로 512 시에라블루,700000,https://m.bunjang.co.kr/products/246053100
34,아이폰 13프로 맥스 512기가 팝니다.,780000,https://m.bunjang.co.kr/products/246123254
35,아이폰 13 프로 그래파이트 512 + 애플워치 나이키 에디션 3 블랙,820000,https://m.bunjang.co.kr/products/251408551
36,아이폰13프로 512기가 실버 애케플24.07.12.,850000,https://m.bunjang.co.kr/products/241090290
37,애플 아이폰13프로 512기가 골드 A급 판매합니다.(우체국무료택배),690000,https://m.bunjang.co.kr/products/243428138
38,"아이폰 13 프로 맥스 시에라 블루 (생활기스 없음, 512KB) 팝니다",800000,https://m.bunjang.co.kr/products/246540718
39,아이폰 13프로 리퍼 미사용 512기가 시에라블루,800000,https://m.bunjang.co.kr/products/245849560
40,아이폰13프로 512 실버 풀박스,820000,https://m.bunjang.co.kr/products/244675199
41,아이폰 13프로 512기가,650000,https://m.bunjang.co.kr/products/241660878
42,아이폰 13pro max 512기가 싸게 팝니다,820000,https://m.bunjang.co.kr/products/242434146
43,아이폰 13프로 512 골드,850000,https://m.bunjang.co.kr/products/239932138
44,아이폰 13pro 512(S급/골드/84퍼/wildflower케이스 포함,1090000,https://m.bunjang.co.kr/products/239524425
45,아이폰13pro512프로,930000,https://m.bunjang.co.kr/products/239106620
46,아이폰13프로 그래파이트 512기가,830000,https://m.bunjang.co.kr/products/240199524
47,아이폰13 pro max 512기가,1100000,https://m.bunjang.co.kr/products/239685910
48,아이폰13pro 512 골드,850000,https://m.bunjang.co.kr/products/239253149
49,아이폰 13 프로 512 골드,700000,https://m.bunjang.co.kr/products/240469371
50,아이폰 13프로 512 그래파이트 판매합니다,950000,https://m.bunjang.co.kr/products/239519576
51,아이폰13프로 512기가 골드 애플케어플러스 리퍼미사용 아이폰13PRO,1150000,https://m.bunjang.co.kr/products/237079828
52,아이폰 13 프로 512 삽니다,800000,https://m.bunjang.co.kr/products/236428070
53,맥북 프로 13 m2 512기가 / 메모리 24기가 스페이스그레이,1750000,https://m.bunjang.co.kr/products/235389183
54,듀얼유심 아이폰13프로512,1200000,https://m.bunjang.co.kr/products/234047077
55,아이폰 13pro 512기가 시에라블루 급처,1100000,https://m.bunjang.co.kr/products/232488922
56,아이폰 13pro 512 시에라블루,1100000,https://m.bunjang.co.kr/products/231795929
57,아이폰13프로 512기가 그린,1100000,https://m.bunjang.co.kr/products/231678129
58,아이폰13프로 pro 512기가 GB 그래파이트,1000000,https://m.bunjang.co.kr/products/229979701
59,아이폰 13프로 512 배터리 85%,1100000,https://m.bunjang.co.kr/products/229971493
60,아이폰 13 프로 512 애플케어 플러스,1050000,https://m.bunjang.co.kr/products/227117900
61,아이폰13프로 512기가 자급제,1650000,https://m.bunjang.co.kr/products/224232480
62,아이폰13프로 512 듀얼심 시에라블루 팝니다 (풀박),1090000,https://m.bunjang.co.kr/products/220626183
63,맥북 m1 pro 13인치 16gb 512,1400000,https://m.bunjang.co.kr/products/258822041
64,아이폰13프로 512g 자급제 [92%]판매합니다.,900000,https://m.bunjang.co.kr/products/258254153
65,맥북 프로 13인치 M1 ssd512 팝니다,710000,https://m.bunjang.co.kr/products/257526545
66,"인텔 맥북프로(13인치, 2020, 16램, 512) 풀박스 판매합니다.",810000,https://m.bunjang.co.kr/products/257885664
67,(급처 상옵션)2019 맥북 프로 13인치 16램 512GB,530000,https://m.bunjang.co.kr/products/257833807
68,아이폰13프로맥스128로 s23울트라 512 교환,777777,https://m.bunjang.co.kr/products/244052724
69,(미개봉)맥북프로 m2 13인치 램8/512SSD 스그 팝니다,1590000,https://m.bunjang.co.kr/products/257548645
70,2020년 맥북 프로 13인치 8GB 512GB,790000,https://m.bunjang.co.kr/products/255681264
71,맥북프로 13인치 터치바 고급형 2019년형,590000,https://m.bunjang.co.kr/products/255003738
72,프로맥스 아이폰13 512,950000,https://m.bunjang.co.kr/products/258188331
73,맥북 프로 M2 13인치 SSD 512GB / RAM 8GB 2022,1450000,https://m.bunjang.co.kr/products/258593313
74,2013년도 맥북프로 레티나 13인치 i5 512g 판매,400000,https://m.bunjang.co.kr/products/258893457
75,아이폰 13 프로 512GB A급 풀박스,850000,https://m.bunjang.co.kr/products/252911507
76,"삼성 갤럭시북 프로 노트북,셀룰러,13인치,512GB,한컴설치",500000,https://m.bunjang.co.kr/products/258935121
77,아이폰 13 pro 512g 블루,700000,https://m.bunjang.co.kr/products/253428053
78,맥북프로 2020 512기가 i5 16램 터치바 13인치,650000,https://m.bunjang.co.kr/products/258597011
79,2020맥북프로 13인치 512/16G 팝니다,720000,https://m.bunjang.co.kr/products/255335219
80,맥북 프로 M1 13인치 8gb 512ssd 스그,850000,https://m.bunjang.co.kr/products/257303933
81,폰고 | 07 맥북프로 15 2013 i7 / 16GB / 512SSD,499000,https://m.bunjang.co.kr/products/213431239
82,"새상품급 파이널컷,로직프로0)맥북에어m1 512기가 13인치 램8 풀박",1040000,https://m.bunjang.co.kr/products/258934597
83,맥북프로 13 M2 8gb 512gb 미개봉 스페이스그레이,1550000,https://m.bunjang.co.kr/products/257857445
84,맥북프로 13인치 2020 i5 16GB 512GB,780000,https://m.bunjang.co.kr/products/258263377
85,아이폰 13 프로 맥스,800000,https://m.bunjang.co.kr/products/239565631
86,맥북프로13인치 m1 16GB 512GM,1400000,https://m.bunjang.co.kr/products/258686780
87,맥북프로터치바 13인치 i5 램8기가 ssd512기가 + 매직마우스2 풀,550000,https://m.bunjang.co.kr/products/255619772
88,맥북프로 13인치 A1708 2017 (i5/8g/512g ssd),430000,https://m.bunjang.co.kr/products/236513013
89,[애플] 맥북 프로 실버 2020 13인치 i5/16GB/512GB 터치,1200000,https://m.bunjang.co.kr/products/238234214
90,아이폰13프로 512GB,830000,https://m.bunjang.co.kr/products/258235727
91,아이폰 13 프로 맥스 max 512g,870000,https://m.bunjang.co.kr/products/254156051
92,맥북프로 13인치 M1 512G,709000,https://m.bunjang.co.kr/products/251576310
93,A1398 CTO 맥북프로 2013 15인치 맥북프로 i7/16G/512,300000,https://m.bunjang.co.kr/products/253280224
94,맥북 프로 2020 13인치 512GB,1400000,https://m.bunjang.co.kr/products/232951480
95,맥북프로 13인치 2014 8기가 512,260000,https://m.bunjang.co.kr/products/247967466
96,맥북프로 19년 13인치 i5 ram16gb ssd512g,600000,https://m.bunjang.co.kr/products/257094422
97,아이폰13프로맥스 512,300000,https://m.bunjang.co.kr/products/254934036
98,아이폰13프로 512G(배터리85%) 화이트 정상해지 된 공기계 팝니다,758000,https://m.bunjang.co.kr/products/258830994
99,미개봉 맥북프로 13인치 m2 512모델...최저가150만,1500000,https://m.bunjang.co.kr/products/252187353
100,초s급 홍미노트 13 프로 16g + 512g 중국 직구 풀박스 팝니다,480000,https://m.bunjang.co.kr/products/250862393
101,맥북프로 터치바 2020 i5 16g 512gb 13인치 매직마우스1,850000,https://m.bunjang.co.kr/products/228177096
102,2020 맥북 프로 512기가 13인치 팝니다,700000,https://m.bunjang.co.kr/products/256473015
103,맥북 프로 m1 13인치 512gb 판매합니다,890000,https://m.bunjang.co.kr/products/257901041
104,소노마 최신 OS i5/16G/512G 맥북프로 CTO 13형,550000,https://m.bunjang.co.kr/products/257571679
105,맥북프로 13인치 512gb,1000000,https://m.bunjang.co.kr/products/257897601
106,아이폰13프로맥스 512기가 상태 S급,880000,https://m.bunjang.co.kr/products/258070457
107,맥북프로 실버 13인치 2016 512G 터치바(풀박스) + 파우치 증정,800000,https://m.bunjang.co.kr/products/243520711
108,[삼성] 갤럭시북3 프로 i5-13세대/16GB/512GB,1300000,https://m.bunjang.co.kr/products/237421534
109,애플 맥북 프로 2020 13인치 512G,960000,https://m.bunjang.co.kr/products/256259882
110,아이폰 13pro / 512GB,1050000,https://m.bunjang.co.kr/products/235928559
111,맥북 프로13 스페이스 그레이 M1 512GB 16GB,1500000,https://m.bunjang.co.kr/products/215737768
112,아이폰 13 프로맥스 512G 그라파이트 iPhone 13 pro max,970000,https://m.bunjang.co.kr/products/230875550
113,아이폰 13프로 512GB,890000,https://m.bunjang.co.kr/products/258271198
114,맥북프로터이바A2251/i7-1068NG7/16G/512G/13.3인치,1099000,https://m.bunjang.co.kr/products/258697374
115,"M1 맥북 프로 13인치 512GB / 8GB 고급형 풀 박스, 풀 패키",1100000,https://m.bunjang.co.kr/products/257989609
116,2020 인텔 맥북 프로 13인치 512G / 16G,750000,https://m.bunjang.co.kr/products/245336453
117,아이폰13프로맥스512,1030000,https://m.bunjang.co.kr/products/258285533
118,맥북 프로 2014 mid 13인차 512GB배터리사이클 98,270000,https://m.bunjang.co.kr/products/258389405
119,아이폰13프로 맥스 512g 그린,800000,https://m.bunjang.co.kr/products/257914035
120,맥북 프로 13인치 512기가 액정 파손 판매합니다,550000,https://m.bunjang.co.kr/products/257809955
121,맥북프로 2019 13인치 터치바 512g,600000,https://m.bunjang.co.kr/products/256680332
122,맥북프로 2020 m1 8gb 512 13인치,780000,https://m.bunjang.co.kr/products/257087215
123,미개봉 맥북 프로 13인치 m2 8gb 512gb 실버,1600000,https://m.bunjang.co.kr/products/248625420
124,"2020 맥북 프로 13 스페이스그레이 M1, 512GB, 16GB",1600000,https://m.bunjang.co.kr/products/236428615
125,맥북프로2018 13인치 터치바 i7 512gb ram16,750000,https://m.bunjang.co.kr/products/258255549
126,배터리효율94애플 아이패드프로13셀러론 5세대 13인치 512gb 박스셋,1200000,https://m.bunjang.co.kr/products/257704437
127,맥북 프로 13인치 512GB 터치바 2016 cto 스그 판매,600000,https://m.bunjang.co.kr/products/214719983
128,맥북 프로 13인치 터치바 512기가 스페이스그레이,670000,https://m.bunjang.co.kr/products/257027228
129,M1맥북프로 13인치 16g 512m 애플케어플러스,1400000,https://m.bunjang.co.kr/products/221040585
130,2016 맥북pro 터치바 13인치 512g,530000,https://m.bunjang.co.kr/products/228317371
131,아이폰13프로 블루 512GB 상태좋은 중고76만팝니다,760000,https://m.bunjang.co.kr/products/257931221
132,아이폰 13 프로맥스 512,780000,https://m.bunjang.co.kr/products/252164398
133,아이폰13 프로맥스 512GB 판매합니다.,800000,https://m.bunjang.co.kr/products/256388280
134,아이폰13프로 512G/애플워치 풀셋,700000,https://m.bunjang.co.kr/products/256182059
135,2019 맥북 프로 13인치 512gb 8GB 팝니다.,520000,https://m.bunjang.co.kr/products/257341990
136,맥북프로 2020 (13.3) 판매 / 저장용량 512GB / 터치바 O,1000000,https://m.bunjang.co.kr/products/256567499
137,애플 맥북프로 13인치 2017 i5 16GB SSD 512GB,590000,https://m.bunjang.co.kr/products/257079578
138,맥북프로 최고급형 13인치 2017 터치바 512GB,700000,https://m.bunjang.co.kr/products/222724097
139,아이폰 13프로 사파이어블루 512GB,700000,https://m.bunjang.co.kr/products/254459798
140,{S급/풀박스} 맥북프로 13인치 M1 터치바 512GB A2338 스그,895000,https://m.bunjang.co.kr/products/257171456
141,"맥북프로 13"" M2 8cpu 10gpu 24GB 512G",1800000,https://m.bunjang.co.kr/products/257338295
142,애플 맥북 프로 터치바 2019 13인치 512g,900000,https://m.bunjang.co.kr/products/248639487
143,[삼성] 갤럭시북3 프로 i7-13세대/16GB/512GB+1TB,1200000,https://m.bunjang.co.kr/products/242539443
144,맥북 프로 13인치(인텔 i5) 512GB 16G,747000,https://m.bunjang.co.kr/products/255404855
145,A1502 CTO 맥북 프로 2015년형 13인치 i5/8G/512G,250000,https://m.bunjang.co.kr/products/253278098
146,아이폰13 프로맥스 512 팔아요.,850000,https://m.bunjang.co.kr/products/252049723
147,풀박스 애플 맥북프로 13인치 2022 512g,1300000,https://m.bunjang.co.kr/products/248166668
148,아이폰13 프로맥스 실버 512 (리퍼 미사용),1020000,https://m.bunjang.co.kr/products/248085076
149,아이폰13프로 512G 스페이스그레이 배터리82%,790000,https://m.bunjang.co.kr/products/253445202
150,맥북프로 M1 13인치 512g 메모리 8g 팝니다.,850000,https://m.bunjang.co.kr/products/247434539
151,아이폰13 pro max 512GB 시에라 블루 에눌가능,902500,https://m.bunjang.co.kr/products/253637680
152,맥북프로 2018 13인치 스그 / A1989 / 16GB / 512GB,550000,https://m.bunjang.co.kr/products/248966911
153,맥북프로 m1 13인치 (8/512) 급처 상태새상품급,890000,https://m.bunjang.co.kr/products/252400714
154,맥북프로 m1 2020년형 13인치 8gb 512gb,770000,https://m.bunjang.co.kr/products/252039786
155,아이폰13Pro 512G 골드,650000,https://m.bunjang.co.kr/products/254955246
156,아이폰 13 pro 512g,800000,https://m.bunjang.co.kr/products/249033240
157,맥북 프로 M1 13인치 램8GB 저장공간512GB SSD S급,990000,https://m.bunjang.co.kr/products/256200047
158,맥북프로 2017 논터치바 13인치 512gb 풀박스,380000,https://m.bunjang.co.kr/products/250392943
159,아이폰 13프로 512GB,700000,https://m.bunjang.co.kr/products/247813187
160,아이폰 13pro 512G 시에라 블루,730000,https://m.bunjang.co.kr/products/243036930
161,아이폰14프로맥스 딥퍼플 512GB 배터리90%상태좋은 중고130만9천팜,1309000,https://m.bunjang.co.kr/products/257376623
162,2020 맥북프로 13인치 i5 / 512G / 8G램,700000,https://m.bunjang.co.kr/products/243307341
163,아이폰 13 프로맥스 512gb 팝니다.,750000,https://m.bunjang.co.kr/products/242767792
164,인텔 맥북프로 13인치 고급형 i7 512G 32G RAM,1100000,https://m.bunjang.co.kr/products/248510101
165,"맥북 m1 프로 13인치 배터리,키보드 교체 512, 8램 애플케어있음",800000,https://m.bunjang.co.kr/products/243636187
166,맥북 프로 13인치 M1 16G 512G,1200000,https://m.bunjang.co.kr/products/246195067
167,아이폰13프로 512GB,800000,https://m.bunjang.co.kr/products/250736385
168,아이폰14 프로 512기가 화이트 판매 130만원본품케이스 정품,1300000,https://m.bunjang.co.kr/products/248001607
169,맥북프로 스페이스그레이 2020 13인치 i5/16gb/512gb,700000,https://m.bunjang.co.kr/products/249953983
170,아이폰 13프로 512G 그래파이트 SKT,800000,https://m.bunjang.co.kr/products/245629473
171,아이폰 13 Pro 512gb 시에라블루,600000,https://m.bunjang.co.kr/products/244448290
172,아이폰 13프로 맥스 512GB 정품 리퍼폰,1100000,https://m.bunjang.co.kr/products/244810373
173,아이폰13프로 512gb 시에라블루,760000,https://m.bunjang.co.kr/products/239913430
174,아이폰 13 프로맥스 512 리퍼 완료 S급,1100000,https://m.bunjang.co.kr/products/243181901
175,아이폰 13프로 512GB 자급제,800000,https://m.bunjang.co.kr/products/243426292
176,맥북 프로 2018 13인치 i5 512 터치바,480000,https://m.bunjang.co.kr/products/243036308
177,아이폰13프로맥스512기가 시에나블루a급,880000,https://m.bunjang.co.kr/products/244824493
178,2020맥북프로m1 13인치 512G,1300000,https://m.bunjang.co.kr/products/244904054
179,아이폰13프로 512GB 그래파이트 (미국 직구 무음카메라),800000,https://m.bunjang.co.kr/products/244735338
180,맥북 프로 레티나 13인치 512g 8g램 2015 부트캠프 설치완료,400000,https://m.bunjang.co.kr/products/239126508
181,맥북프로 2020 13인치 / 16GB / 512GB,1200000,https://m.bunjang.co.kr/products/196790249
182,아이폰13pro 512GB,700000,https://m.bunjang.co.kr/products/243708156
183,M1 맥북프로 13인치 (2020) 512gb/8ram,900000,https://m.bunjang.co.kr/products/245751142
184,아이폰13프로맥스 512 블루 풀박스,850000,https://m.bunjang.co.kr/products/241303503
185,아이폰13프로맥스 시에라블루 512,1000000,https://m.bunjang.co.kr/products/240727646
186,아이폰13프로맥스 512,1000000,https://m.bunjang.co.kr/products/239775577
187,직거래)아이폰13프로 시에라블루 512gb 풀박스 (11/14 리퍼),850000,https://m.bunjang.co.kr/products/244003736
188,macbook pro 13형 8gb 512gb ssd myd92kh/,1400000,https://m.bunjang.co.kr/products/208505131
189,아이폰13프로맥스 512 시에라블루,960000,https://m.bunjang.co.kr/products/239693038
190,아이폰 13 프로 맥스 512GB 시에라블루 자급제 s급 풀박,990000,https://m.bunjang.co.kr/products/241347158
191,아이폰13 프로맥스 512기가,950000,https://m.bunjang.co.kr/products/239877162
192,맥북프로 20년형 A2251 13인치 16gb/512gb 스페이스그레이,700000,https://m.bunjang.co.kr/products/243921435
193,아이폰13프로 실버 512gb 자급제 87퍼,850000,https://m.bunjang.co.kr/products/239730452
194,아이폰13 프로맥스 512기가 시에라블루,950000,https://m.bunjang.co.kr/products/239882075
195,맥북 프로 M1 13인치 램8GB SSD 512G 배터리효율 100,850000,https://m.bunjang.co.kr/products/247463437
196,아이폰13프로/512GB/시에라블루/풀박스/자급제,950000,https://m.bunjang.co.kr/products/240324418
197,(급매)2105년 13인치맥북프로 512기가 팝니다,300000,https://m.bunjang.co.kr/products/236207614
198,아이폰 130 프로맥스 512GB 팝니다,1050000,https://m.bunjang.co.kr/products/239293990
199,아이폰 13프로맥스 512GB 시에라 블루,1100000,https://m.bunjang.co.kr/products/239336018
200,아이폰13프로맥스512기가 시에라블루,1000000,https://m.bunjang.co.kr/products/239686659
201,맥북프로 2013late 15인치 고급형 램16 ssd512,360000,https://m.bunjang.co.kr/products/217457473
202,맥북 프로 2020년/ 13인치/ i5/ 램 16/ 용량 512 기가,650000,https://m.bunjang.co.kr/products/239414718
203,아이폰13프로 그래파이트 512gb 배터리효율 92%,900000,https://m.bunjang.co.kr/products/239846686
204,맥북 프로 m1 13인치 16GB/512GB,1100000,https://m.bunjang.co.kr/products/240211667
205,13프로맥스 512기가 팝니다,840000,https://m.bunjang.co.kr/products/237531671
206,맥북프로 m2 13인치 512 / 8 팝니다.,1250000,https://m.bunjang.co.kr/products/235152832
207,아이폰13프로맥스512 시에라블루,1050000,https://m.bunjang.co.kr/products/238012319
208,아이폰 13 promax 골드 512gb 풀박스,1000000,https://m.bunjang.co.kr/products/198748674
209,2019년형 맥북프로 13인치 새제품(리퍼) 고급형 512g,1800000,https://m.bunjang.co.kr/products/239599287
210,맥북 프로 13인치 A1989(512gb/16gb),500000,https://m.bunjang.co.kr/products/241717111
211,미사용 아이폰 13 pro max 512gb 시에라블루,1031000,https://m.bunjang.co.kr/products/242466535
212,맥북 프로 13인치 최고급형 16 512 (Early 2015),400000,https://m.bunjang.co.kr/products/214373990
213,(급매)2015년 13인치 맥북프로 512기가 팝니다,280000,https://m.bunjang.co.kr/products/236302971
214,맥북 프로 13인치 512G,1100000,https://m.bunjang.co.kr/products/233643215
215,2020맥북프로 13인치 512GB (영문자판),1000000,https://m.bunjang.co.kr/products/237766749
216,아이폰13프로맥스 블루 512GB 배터리87% 상태좋은 중고101만1천팜,1011000,https://m.bunjang.co.kr/products/240391774
217,맥북 프로 13인치 512GB 풀박스,600000,https://m.bunjang.co.kr/products/234555100
218,"아이폰13프로 512GB, 애플워치7 45mm, 에어팟프로",740000,https://m.bunjang.co.kr/products/237144019
219,15인치 레티나 맥북프로 2013년 (i7램16기가512기가),300000,https://m.bunjang.co.kr/products/237584345
220,<네고가능> 아이폰13프로맥스 512GB sSs급!,1130000,https://m.bunjang.co.kr/products/233791342
221,2013년 맥북프로 15인치 (레티나)512기가 팝니다,270000,https://m.bunjang.co.kr/products/234964112
222,맥불프로 2020 13인치 512 m1,1000000,https://m.bunjang.co.kr/products/232471780
223,A+급 아이폰13프로맥스 512G 시애라블루 (222),1120000,https://m.bunjang.co.kr/products/236945056
224,아이폰13 프로맥스 512GB 시에라블루,1000000,https://m.bunjang.co.kr/products/234618457
225,2022 맥북프로 m2 13인치 8GB 512GB 실버,1500000,https://m.bunjang.co.kr/products/235523932
226,아이폰14프로맥스 블랙 512GB 배터리91% 상태좋은 중고134만9천팜,1349000,https://m.bunjang.co.kr/products/240506711
227,미게봉 갤럭시북3 프로 360 i5-13세대 16GB 512GB,1600000,https://m.bunjang.co.kr/products/235793647
228,2020 맥북프로13 스그 M1 512GB 애플케어플러스,1650000,https://m.bunjang.co.kr/products/218806623
229,아이폰13프로맥스 512GB 애케플 배터리96% 풀박스,1300000,https://m.bunjang.co.kr/products/220669404
230,맥북프로 13 레티나 2015 512GB,290000,https://m.bunjang.co.kr/products/230986020
231,맥북 프로 13인치 16코어 512GB,900000,https://m.bunjang.co.kr/products/230901151
232,아이폰13프로 512G 배터리 91% 팝니다,1040000,https://m.bunjang.co.kr/products/231772933
233,2020 M1칩 맥북 프로 13인치 512GB 노트북 팔아요,1200000,https://m.bunjang.co.kr/products/230117203
234,아이폰13 프로맥스 512G,1150000,https://m.bunjang.co.kr/products/227091451
235,맥북 프로 20년식 13인치 512GB 16GB 판매합니다,700000,https://m.bunjang.co.kr/products/233249891
236,맥북프로 2020 13인치 고급형 팔아요(스그/16gb/512),890000,https://m.bunjang.co.kr/products/233091561
237,아이폰13프로 512G 미개봉 새제품 판매합니다.,1380000,https://m.bunjang.co.kr/products/231262922
238,아이폰13 프로맥스 512(구미중고폰창고),1060000,https://m.bunjang.co.kr/products/230634364
239,아이폰13pro 512G 자급제 풀구성,975000,https://m.bunjang.co.kr/products/230916334
240,아이폰13pro 512G 자급제 풀구성,975000,https://m.bunjang.co.kr/products/230924212
241,맥북프로M1 13인치 (램/SSG8512)실버,1000000,https://m.bunjang.co.kr/products/230402893
242,(풀박스) 맥북프로 13 M2 512GB 16GB + 애플케어 판매합니다,1850000,https://m.bunjang.co.kr/products/227650894
243,아이폰13프로맥스512G,1150000,https://m.bunjang.co.kr/products/227679440
244,아이폰13프로 512G 미개봉 새제품 판매합니다.,1400000,https://m.bunjang.co.kr/products/228453113
245,아이폰13프로 512G 미개봉 새제품 판매합니다.,1400000,https://m.bunjang.co.kr/products/228333945
246,2020 맥북 프로 13 터치바 512g,750000,https://m.bunjang.co.kr/products/225461136
247,아이폰13프로 512G 미개봉 새제품 판매합니다.,1400000,https://m.bunjang.co.kr/products/227292648
248,아이폰13프로 512G 미개봉 새제품 판매합니다.,1400000,https://m.bunjang.co.kr/products/227105423
249,아이폰13프로 512G 미개봉 새제품 판매합니다.,1400000,https://m.bunjang.co.kr/products/227007230
250,2020맥북프로 13인치 고급형 i7 512GB,1190000,https://m.bunjang.co.kr/products/179946378
251,아이폰13프로 512G 미개봉 새제품 판매합니다.,1400000,https://m.bunjang.co.kr/products/226903856
252,아이폰14프로 512 스블 135(판매,1350000,https://m.bunjang.co.kr/products/230204639
253,"맥북 프로 M2 13인치 SSD 512GB, RAM 24GB 팝니다.",1700000,https://m.bunjang.co.kr/products/228062290
254,맥북프로 13인치 512기가,1500000,https://m.bunjang.co.kr/products/223901402
255,아이폰13프로 512G 미개봉 새제품 판매합니다.,1420000,https://m.bunjang.co.kr/products/225925993
256,맥북 프로 2017 13인치 터치바 16gb 512gb,740000,https://m.bunjang.co.kr/products/185884082
257,맥북프로 17년형 13인치 512GB 팝니다,500000,https://m.bunjang.co.kr/products/204087985
258,아이폰13프로맥스 512,1250000,https://m.bunjang.co.kr/products/223337560
259,싸이클30 맥북프로13인치(2012) 2.5G 8G 128G (512),220000,https://m.bunjang.co.kr/products/220897008
260,맥북프로 M1 13인치 2020년형 512GB 판매합니다.,1400000,https://m.bunjang.co.kr/products/222913825
261,[새상품] 2022 맥북 프로 13 M2 512GB 실버 판매합니다,1650000,https://m.bunjang.co.kr/products/221356778
262,(230주고 산) 맥북 프로 m1 13인치 램16 ssd512,1500000,https://m.bunjang.co.kr/products/217617551
263,아이폰13프로맥스 블루 512GB 배터리95% 상태좋은 중고127만7천팜,1277000,https://m.bunjang.co.kr/products/224591684
264,S급 스그 맥북Pro 고급형 13인치 m1 512GB Ram16,1550000,https://m.bunjang.co.kr/products/220842703
265,"[판매중]맥북 프로 M1 13인치 512, 16GB 스그",1500000,https://m.bunjang.co.kr/products/220384597
266,거의 새상품 맥북프로13 터치바 20년형 i5/2.0GHz 16/512G,913000,https://m.bunjang.co.kr/products/221392206
267,아이폰13프로 맥스 512,850000,https://m.bunjang.co.kr/products/258827037
268,아이폰13프로 512기가 시에라블루,770000,https://m.bunjang.co.kr/products/257619953
269,삼성 갤럭시북3 프로360 16인치 13세대 !5/램16/SSD512 풀,1350000,https://m.bunjang.co.kr/products/257895763
270,아이폰13pro 512 그래파이트 풀박,750000,https://m.bunjang.co.kr/products/258332160
271,아이폰 13프로 512기가,600000,https://m.bunjang.co.kr/products/258600649
272,아이폰13프로 512골드,690000,https://m.bunjang.co.kr/products/257227546
273,아이폰 13pro 512 로즈골드 판매해요(박스있음),800000,https://m.bunjang.co.kr/products/255285300
274,아이폰13프로512 시에라블루 풀박스풀구성 팝니다,700000,https://m.bunjang.co.kr/products/241434789
275,아이폰13프로 512,700000,https://m.bunjang.co.kr/products/258113843
276,아이폰 13 프로 맥스 512기가 S급 / 판매 or 교환,850000,https://m.bunjang.co.kr/products/257273086
277,아이폰 13프로 512기가 실버(화이트),680000,https://m.bunjang.co.kr/products/256859933
278,아이폰 13프로 512기가,700000,https://m.bunjang.co.kr/products/255666157
279,샤오미 홍미노트13 프로 플러스 12/512 화이트 구경할분,396000,https://m.bunjang.co.kr/products/256641647
280,아이폰13프로 블랙 512기가,790000,https://m.bunjang.co.kr/products/256044554
281,아이폰 13프로맥스 pro max 512,830000,https://m.bunjang.co.kr/products/255655896
282,아이폰13 프로 맥스 512 실버 s급,800000,https://m.bunjang.co.kr/products/256265760
283,아이폰13프로멕스 512,900000,https://m.bunjang.co.kr/products/255648636
284,아이폰13프로 512기가 그라파이트,790000,https://m.bunjang.co.kr/products/253813793
285,삼성 갤럭시북3 프로360 16인치 13세대 !5/램16/SSD512,1300000,https://m.bunjang.co.kr/products/257288736
286,아이폰13프로 512 실버 리퍼 미사용,890000,https://m.bunjang.co.kr/products/255716910
287,맥북 프로 m1 13 16/512,1150000,https://m.bunjang.co.kr/products/255600899
288,아이폰 13 pro 시에라 블루 512 판매해요,650000,https://m.bunjang.co.kr/products/255055834
289,아이폰 13프로 512기가(미국구매/촬영소리x)+투명케이스3개,760000,https://m.bunjang.co.kr/products/256018145
290,아이폰 13 pro max 512 시에라블루,850000,https://m.bunjang.co.kr/products/253218692
291,삼성전자 갤럭시북3 프로 14인치 13세대 !5/램16/SSD512,900000,https://m.bunjang.co.kr/products/255818534
292,아이폰 13프로 512기가 초S급,780000,https://m.bunjang.co.kr/products/253685469
293,아이폰13pro 512기가 리퍼폰 정상해지 시에라블루,750000,https://m.bunjang.co.kr/products/254326171
294,아이폰13프로 512기가 (애케플+풀박),870000,https://m.bunjang.co.kr/products/254013232
295,아이폰13프로 실버 512 자급제,870000,https://m.bunjang.co.kr/products/238601703
296,아이폰 13프로 512 그래파이트 판매합니다.,800000,https://m.bunjang.co.kr/products/249604835
297,아이폰 13프로 512기가,580000,https://m.bunjang.co.kr/products/250775329
298,s23울트라자급제512 구캐플로 s23이나13.14프로교환,250000,https://m.bunjang.co.kr/products/253857054
299,아이폰 13 pro max 512 풀박스,456321,https://m.bunjang.co.kr/products/257527519
300,아이폰 13프로 그린 512 팔아요,400000,https://m.bunjang.co.kr/products/247199110
301,아이폰13프로 512 그라파이트,550000,https://m.bunjang.co.kr/products/250166512
302,애플 아이폰13pro 시에라블루 512 / 아이폰13프로,750000,https://m.bunjang.co.kr/products/251088305
303,2022형 스페이스그레이 맥북 프로 13 M2 512기가 메모리 16기가,1450000,https://m.bunjang.co.kr/products/253224115
304,아이폰 13프로 512기가,720000,https://m.bunjang.co.kr/products/251842026
305,아이폰13프로 블랙 512 풀박스A급,710000,https://m.bunjang.co.kr/products/241549648
306,아이폰13프로 512기가 그라파이트 풀박,660000,https://m.bunjang.co.kr/products/251318333
307,아이폰13프로 시에라블루 512기가,500000,https://m.bunjang.co.kr/products/255404116
308,아이폰13프로 듀얼심 홍콩폰 512기가,850000,https://m.bunjang.co.kr/products/257538925
309,아이폰13pro 512기가 실버 풀박스,730000,https://m.bunjang.co.kr/products/243964535
310,아이폰13프로 512 시에라블루 팝니다,755000,https://m.bunjang.co.kr/products/251572099
311,아이폰13프로 512,650000,https://m.bunjang.co.kr/products/250568975
312,아이폰13프로 스페이스그레이 512기가,790000,https://m.bunjang.co.kr/products/256757527
313,아이폰 13 프로 512기가 시에라 블루,730000,https://m.bunjang.co.kr/products/251417970
314,아이폰13프로 맥스 512기가,620000,https://m.bunjang.co.kr/products/251258745
315,"아이폰 13프로 맥스 512기가, 84%",850000,https://m.bunjang.co.kr/products/250507552
316,삼성 갤럭시북3 프로 14인치 13세대 !5/램16/SSD512,900000,https://m.bunjang.co.kr/products/252673849
317,아이폰 13pro 512기가 (이어폰+케이스 함께 드립니다),700000,https://m.bunjang.co.kr/products/246053527
318,아이폰 13프로 512기가 블루색상 공기기 판매합니다,670000,https://m.bunjang.co.kr/products/252293198
319,아이폰13pro 512,700000,https://m.bunjang.co.kr/products/255201560
320,아이폰 13 프로 512기가 팔아요 돈이 급해서 급처 합니다,690000,https://m.bunjang.co.kr/products/252463345
321,아이폰 13프로 512 그라파이트(번개페이 가능),670000,https://m.bunjang.co.kr/products/249710351
322,13프로 512골드 1테라블랙 미사용 리퍼폰,1950000,https://m.bunjang.co.kr/products/251499806
323,아이폰 13프로 512기가 시에라블루,750000,https://m.bunjang.co.kr/products/250772616
324,아이폰 13 pro 512기가 시에라블루,750000,https://m.bunjang.co.kr/products/250594850
325,아이폰 13프로 512 팝니다,780000,https://m.bunjang.co.kr/products/250864332
326,아이폰 13프로 실버 512기가 | 아이폰 13pro 512GB,700000,https://m.bunjang.co.kr/products/249400814
327,풀박스 아이폰13프로 화이트 512기가 88%,785000,https://m.bunjang.co.kr/products/249804759
328,아이폰 13 프로 512기가,750000,https://m.bunjang.co.kr/products/250011734
329,아이폰13프로 시에라 블루 512기가 폰단품 팝니다,750000,https://m.bunjang.co.kr/products/244392590
330,아이폰13프로맥스 512기가 아이폰12프로 512기가 일괄판매,1850000,https://m.bunjang.co.kr/products/250779786
331,아이폰13프로 화이트 512,800000,https://m.bunjang.co.kr/products/247050741
332,아이폰13프로 512기가블랙,670000,https://m.bunjang.co.kr/products/249867965
333,아이폰13프로 화이트 512,800000,https://m.bunjang.co.kr/products/249027270
334,아이폰13프로 512 실버 애플케어 팝니다 자급제,850000,https://m.bunjang.co.kr/products/250289603
335,아이폰13프로 512,750000,https://m.bunjang.co.kr/products/248959235
336,"아이폰13프로 512 시에라블루 부품용 (전면,후면파손)",250000,https://m.bunjang.co.kr/products/250770039
337,인텔 맥북 프로 2020 13 16/512 팝니다,640000,https://m.bunjang.co.kr/products/249037004
338,아이폰13 프로 골드 512 G,690000,https://m.bunjang.co.kr/products/249008939
339,아이폰 13 프로 512기가 실버(자급제),730000,https://m.bunjang.co.kr/products/247797815
340,아이폰13pro 512 그라파이트 (블랙) 자급제 (+정품케이스 2종),730000,https://m.bunjang.co.kr/products/249774921
341,아이폰13프로 512 판매합니다,710000,https://m.bunjang.co.kr/products/243528111
342,아이폰 13프로 512 풀박스 상태좋음!,480000,https://m.bunjang.co.kr/products/248941580
343,아이폰13PRO 512기가 시에라블루 판매합니다,650000,https://m.bunjang.co.kr/products/248215324
344,아이폰 13프로 512 실버 리퍼 미사용제품,900000,https://m.bunjang.co.kr/products/250487494
345,아이폰 13 프로 맥스 512 시에라블루 북미형,900000,https://m.bunjang.co.kr/products/246578261
346,아이폰 13 Pro 512 시에나블루 판매해요,630000,https://m.bunjang.co.kr/products/248635923
347,부산 아이폰13 pro max 512 팝니다.,750000,https://m.bunjang.co.kr/products/240355229
348,아이폰 13프로 맥스 실버 512기가,950000,https://m.bunjang.co.kr/products/244426262
349,아이폰13프로 그라파이트 512 보증남은 신품급 배터리 98퍼 자급제,800000,https://m.bunjang.co.kr/products/239866171
350,아이폰 13프로 512 시에라블루,790000,https://m.bunjang.co.kr/products/246677279
351,아이폰13프로 512,730000,https://m.bunjang.co.kr/products/250836262
352,아이폰13프로512,800000,https://m.bunjang.co.kr/products/243852695
353,아이폰13프로 512기가 그라파이트,600000,https://m.bunjang.co.kr/products/249104912
354,아이폰13 프로 맥스 (자급제)(512),900000,https://m.bunjang.co.kr/products/249611602
355,아이폰13프로 512 풀박 새상품급,800000,https://m.bunjang.co.kr/products/241633416
356,아이폰13프로 512기가 시에라블루 S급,720000,https://m.bunjang.co.kr/products/243916184
357,아이폰 13프로 512,800000,https://m.bunjang.co.kr/products/242744566
358,아이폰 13 pro 512 시에라 블루,690000,https://m.bunjang.co.kr/products/241858922
359,아이폰13프로 시에라블루 512기가 팝니다.,750000,https://m.bunjang.co.kr/products/239420485
360,맥북 프로 13 m1 16/512 팝니다,950000,https://m.bunjang.co.kr/products/247707096
361,아이폰13pro 512 시에라블루 [자급제],720000,https://m.bunjang.co.kr/products/241568642
362,(리퍼 새것) 아이폰 13pro 512 그래파이트 자급제,900000,https://m.bunjang.co.kr/products/240712803
363,아이폰13프로 그래파이트 512기가,1000000,https://m.bunjang.co.kr/products/239903339
364,아이폰13프로 512 (블루/블랙),800000,https://m.bunjang.co.kr/products/239442795
365,아이폰 13프로맥스 512기가 배터리 87프로이구요 수리내역없어요,800000,https://m.bunjang.co.kr/products/245501855
366,아이폰13pro max 512 시에라블루,950000,https://m.bunjang.co.kr/products/232044174
367,아이폰13프로 512기가,765000,https://m.bunjang.co.kr/products/218817558
368,아이폰 13 프로 맥스 512 골드,1300000,https://m.bunjang.co.kr/products/205580575
369,맥북 프로 13 m1 512 16,1500000,https://m.bunjang.co.kr/products/202765843
370,아이폰 13pro 그린 512gb 미국,500000,https://m.bunjang.co.kr/products/252470081
371,S급 맥북프로 m1 13인치 16/512 스그 팝니다!!,1320000,https://m.bunjang.co.kr/products/257457261
372,아이폰13프로맥스512,800000,https://m.bunjang.co.kr/products/258822441
373,맥북프로 M1 13인치 16g 512 배터리100 안전결제스수료무료,1120000,https://m.bunjang.co.kr/products/258798208
374,홍미노트 13프로 12 램 512g 블랙,350000,https://m.bunjang.co.kr/products/258229895
375,맥북프로 13인치 2017 터치바 8G 512GB,390000,https://m.bunjang.co.kr/products/256364142
376,아이폰13프로맥스 512팝니다(밧데리100),890000,https://m.bunjang.co.kr/products/258488181
377,맥북 프로 m1 13인치 2022년 512기가 s급,1250000,https://m.bunjang.co.kr/products/255251214
378,2019 맥북프로 13인치 터치바 512기가 모델,500000,https://m.bunjang.co.kr/products/257623256
379,맥북프로 2016년형 13인치 512GB 터치바,380000,https://m.bunjang.co.kr/products/256611068
380,애플 아이폰13프로 512GB 그래파이트 팝니다 울산중고폰 중고폰,943000,https://m.bunjang.co.kr/products/243090617
381,맥북프로 2019 13인치 i7/16/512,520000,https://m.bunjang.co.kr/products/255130459
382,아이폰13프로 512G / 자급제 / 그래파이트/ 배터리 87%,690000,https://m.bunjang.co.kr/products/255271747
383,아이폰 13프로 512gb 실버,768000,https://m.bunjang.co.kr/products/241416889
384,맥북 프로 m1 13인치 512 97%,900000,https://m.bunjang.co.kr/products/256738987
385,1시간 사용 맥북프로m2 16g/512g 스그 13인치,1700000,https://m.bunjang.co.kr/products/256866303
386,맥북프로 2013년 13인치 512기가,200000,https://m.bunjang.co.kr/products/256728086
387,맥북프로 터치바 13인치 512g,350000,https://m.bunjang.co.kr/products/256424912
388,맥북 프로 13 M2 실버 512GB RAM16 매직마우스,1400000,https://m.bunjang.co.kr/products/256732368
389,M1 맥북 프로 13인치 512/16 스페이스그레이,1100000,https://m.bunjang.co.kr/products/258047817
390,아이폰13프로맥스 512 기스X,900000,https://m.bunjang.co.kr/products/251228258
391,맥북 프로 m1 13인치 8gb 512gb,780000,https://m.bunjang.co.kr/products/257342027
392,맥북프로 13인치 M1 16/512 풀박스,1370000,https://m.bunjang.co.kr/products/253631483
393,맥북 프로 m1 13인치 16gb 512gb,1350000,https://m.bunjang.co.kr/products/250641307
394,아이폰13프로맥스 512,800000,https://m.bunjang.co.kr/products/256250511
395,(박스있음)아이폰 13프로 512g 화이트,700000,https://m.bunjang.co.kr/products/253905727
396,"(S급) 아이폰13 프로맥스 512기가, 박스(충전케이블) 포함",900000,https://m.bunjang.co.kr/products/254655053
397,맥북프로 M2 13형 8G/512G 미개봉,1450000,https://m.bunjang.co.kr/products/242477821
398,2020 맥북 프로 13인치 터치바 i5 16gb. 512gb,750000,https://m.bunjang.co.kr/products/257130903
399,아이폰프로맥스13 512기가 화이트,850000,https://m.bunjang.co.kr/products/256162195
400,[미개봉] Macbook M2 Pro 13 스페이스그레이 / 512GB,1400000,https://m.bunjang.co.kr/products/257026631
401,맥북프로 13인치 터치바 m1 16g 512gb 팝니다,1000000,https://m.bunjang.co.kr/products/257435493
402,2017 맥북 프로 터치바O 13인치 ssd 512g,200000,https://m.bunjang.co.kr/products/258012046
403,맥북프로 m1 13인치 스그 16/512 (2020),1100000,https://m.bunjang.co.kr/products/256548022
404,아이폰13프로 512GB,850000,https://m.bunjang.co.kr/products/255186418
405,맥북m2 프로 / 스그 / 13인치 / 512 / 매직마우스,1200000,https://m.bunjang.co.kr/products/255434581
406,아이폰 13프로 512GB 그래파이트,820000,https://m.bunjang.co.kr/products/254930398
407,맥북프로터치바M1/A2338/16G/512G/13.3인치/8coreGPU,899000,https://m.bunjang.co.kr/products/258358005
408,아이폰 13프로 pro 512GB 실버,830000,https://m.bunjang.co.kr/products/252226584
409,맥북프로 m1 13인치 16gb 512,1000000,https://m.bunjang.co.kr/products/255614192
410,(개인)아이폰 13프로맥스 512,700000,https://m.bunjang.co.kr/products/252932513
411,맥북프로 2017 13 터치바 모델 팝니다 (i5/16g/512g ssd,390000,https://m.bunjang.co.kr/products/256452638
412,8g/512g 맥북 프로 13인치 터치바 스페이스그레이 2017,490000,https://m.bunjang.co.kr/products/257987123
413,아이폰13프로맥스 512기가 신품급 홍콩판 팝니다,950000,https://m.bunjang.co.kr/products/254804429
414,맥북프로 2017 터치바 13인치 512 판매,480000,https://m.bunjang.co.kr/products/247776648
415,맥북프로13 m2 8GB 512GB 2022년식 급처,1150000,https://m.bunjang.co.kr/products/258111855
416,아이폰13프로 512g 화이트 s급,750000,https://m.bunjang.co.kr/products/254525041
417,맥북프로15 2014 i7 16G 512G A1398 배터리 상태좋음,250000,https://m.bunjang.co.kr/products/258168981
418,2017 맥북 프로 13인치 코어 i5 RAM 16GB SSD 512G,370000,https://m.bunjang.co.kr/products/257645462
419,아이폰 13 프로맥스 512G 팝니다,830000,https://m.bunjang.co.kr/products/253316093
420,갤럭시북3프로360 16인치(13세대 i7/16g/512g/윈포) 최상급,1600000,https://m.bunjang.co.kr/products/258224471
421,맥북프로 13인치 2013년형 512기가,209000,https://m.bunjang.co.kr/products/253728002
422,아이폰 13프로 512GB 시에라블루 자급제 A급 배터리성능 89%,780000,https://m.bunjang.co.kr/products/255726066
423,아이폰 13 프로맥스 512기가 그라파이트 자급제 판매합니다,850000,https://m.bunjang.co.kr/products/255689992
424,맥북프로 M1 13인치 8GB 512G A급 풀박스,820000,https://m.bunjang.co.kr/products/254726425
425,맥북프로 m1칩 13인치 램8기가 ssd512기가 팔아요,900000,https://m.bunjang.co.kr/products/236183554
426,아이폰 13 프로맥스 512,830000,https://m.bunjang.co.kr/products/250680584
427,맥북프로 m2 13인치 8GB/512GB 실버 팝니다.,1320000,https://m.bunjang.co.kr/products/256533957
428,아이폰13pro / 512GB / 91% / S급,780000,https://m.bunjang.co.kr/products/254464177
429,"맥북프로 13, m1 스페이스그레이. 512GB. 16GB(SS급)",1250000,https://m.bunjang.co.kr/products/256512172
430,아이폰 13PRO 512GB 카메라 무음,780000,https://m.bunjang.co.kr/products/253385607
431,맥북프로13/16gb/512gb,1400000,https://m.bunjang.co.kr/products/230831874
432,"맥북 프로 M1, 13인치, 램16GB, 512GB 실버 판매합니다",1350000,https://m.bunjang.co.kr/products/255988311
433,2013 맥북프로 15인치 cpu i7 ssd512,320000,https://m.bunjang.co.kr/products/254183286
434,아이폰13프로 512gb실버 자급제(81프로),710000,https://m.bunjang.co.kr/products/254297596
435,아이폰13프로맥스 512기가,780000,https://m.bunjang.co.kr/products/253570901
436,미개봉 맥북프로 M2 13인치 512G 맥북프로 M2 13,1450000,https://m.bunjang.co.kr/products/241452538
437,"#당일발송,직거래 가능# 아이폰13PRO/512GB/실버/A급",750000,https://m.bunjang.co.kr/products/238761766
438,맥북 m1 13인치프로 8G 512G,650000,https://m.bunjang.co.kr/products/253505359
439,맥북프로 M1 13인치 풀박스 8/512,850000,https://m.bunjang.co.kr/products/252521386
440,[애플] 맥북프로 2020 13인치 M1/16GB/512GB/풀박스,800000,https://m.bunjang.co.kr/products/258257599
441,맥북프로m1 13인치 512기가,990000,https://m.bunjang.co.kr/products/253276006
442,"맥북 프로 13인치 (M1, 터치바, 램 8g, ssd 512g)",850000,https://m.bunjang.co.kr/products/255812575
443,아이폰13프로맥스 512GB 시에라블루,850000,https://m.bunjang.co.kr/products/254228577
444,배터리 100% 맥북 프로 m1 13인치 8 512 스페이스그레이,1030000,https://m.bunjang.co.kr/products/253646265
445,맥북프로 m2 13인치 16렘 512기가 단순개봉s급 박스풀셋,1555000,https://m.bunjang.co.kr/products/255019945
446,아이폰 13프로 512G 실버 96%,820000,https://m.bunjang.co.kr/products/241666102
447,아이폰13프로 512gb 실버 자급제,750000,https://m.bunjang.co.kr/products/253247250
448,애플 맥북 프로 2020년형 M1 13인치 터치바 512G 실버,1250000,https://m.bunjang.co.kr/products/248985352
449,아이폰13프로 512G 블루 S급!,830000,https://m.bunjang.co.kr/products/252839486
450,2020 맥북프로 13인치 m1 16ram 512gb,1100000,https://m.bunjang.co.kr/products/253381291
451,애플 A2338 13인치 맥북프로 M1 16G SSD512GB,850000,https://m.bunjang.co.kr/products/255590170
452,맥북프로 실버색상 M1 13인치 8gb 512ssd,930000,https://m.bunjang.co.kr/products/253222357
453,리퍼후미사용 애플 아이폰13 프로 512G 시에라블루,850000,https://m.bunjang.co.kr/products/254366454
454,아이폰13프로맥스 512G 실버 S급!,890000,https://m.bunjang.co.kr/products/253455208
455,맥북프로 2019 13인치 512기가 팝니다.,450000,https://m.bunjang.co.kr/products/251162190
456,아이폰 13 Pro 512G,700000,https://m.bunjang.co.kr/products/251800384
457,아이폰 13프로 512GB 배터리 87프로 S급,720000,https://m.bunjang.co.kr/products/252391320
458,맥북 프로 M2 13인치 스그 / 메모리 16GB / SSD 512GB,1600000,https://m.bunjang.co.kr/products/254575751
459,미개봉 맥북프로 22년형 M2 13인치 512G 스그 MNEJ3KH/A,1450000,https://m.bunjang.co.kr/products/255977961
460,맥북프로 m2 13인치 8gb 512gb 실버 판매,1150000,https://m.bunjang.co.kr/products/253975821
461,2020맥북프로 13인치 i7 램16 512,1000000,https://m.bunjang.co.kr/products/253082475
462,아이폰 13프로 512GB 시에라블루,680000,https://m.bunjang.co.kr/products/252569451
463,맥북프로m2 13인치 16gb 512gb,1550000,https://m.bunjang.co.kr/products/253921206
464,맥북프로 13인치 8GB/512GB,890000,https://m.bunjang.co.kr/products/248945163
465,맥북프로 m2 13인치 24g 512g,1780000,https://m.bunjang.co.kr/products/252626162
466,맥북프로 2020 CTO 13인치 인텔칩 / 16GB / 512SSD,675000,https://m.bunjang.co.kr/products/253845189
467,아이폰13프로맥스 512 화이트 풀박과 새제품 정품 충전기 팝니다,850000,https://m.bunjang.co.kr/products/253880421
468,아이폰 13프로 512gb,800000,https://m.bunjang.co.kr/products/250322109
469,"맥북프로 13 a1989(8GB, 512GB)",500000,https://m.bunjang.co.kr/products/251636292
470,아이폰13프로맥스512&아이패드6세대,1050000,https://m.bunjang.co.kr/products/253571627
471,A1706 CTO 맥북프로 2017 13인치 맥북프로 i5/8GB/512,379000,https://m.bunjang.co.kr/products/253945569
472,HP 프로북 635 Aero G8 13인치 16GB 512GB노트북,610000,https://m.bunjang.co.kr/products/239354622
473,i7 맥북프로 13인치 512기가 14년형,209000,https://m.bunjang.co.kr/products/251875152
474,아이폰 13 프로 512G 그라피아트(배터리 86%),700000,https://m.bunjang.co.kr/products/253278840
475,아이폰13프로맥스 512G 실버 S급!,890000,https://m.bunjang.co.kr/products/251044571
476,맥북프로 13 M2 16G/512G 애플케어플러스 25년 11월 2일,1710000,https://m.bunjang.co.kr/products/254178440
477,맥북프로 13인치 512기가 2014년형,209000,https://m.bunjang.co.kr/products/251113477
478,아이폰13PRO 512GB,750000,https://m.bunjang.co.kr/products/252879114
479,2021년 맥북 프로(터치바) m1 13인치 512gb,800000,https://m.bunjang.co.kr/products/253804722
480,맥북프로 M2 13인치 램16 512gb,1300000,https://m.bunjang.co.kr/products/251207023
481,"맥북프로2017년 13인치, i5/16GB/512GB, A1708",350000,https://m.bunjang.co.kr/products/254695900
482,아이폰13프로맥스512기가 팝니다,770000,https://m.bunjang.co.kr/products/244042243
483,맥북프로 m1 13인치(터치바) 16g 512g,1100000,https://m.bunjang.co.kr/products/252090225
484,아이폰13프로맥스 스그 512 애케플,800000,https://m.bunjang.co.kr/products/251523237
485,[삼성] 갤럭시북3 프로360 i5-13세대/16GB/512GB,1200000,https://m.bunjang.co.kr/products/255564366
486,맥북 프로 m1 13 8gb/512gb 풀박 배터리 100%,830000,https://m.bunjang.co.kr/products/250918702
487,아이폰 13 프로맥스 512 팝니다,850000,https://m.bunjang.co.kr/products/247557185
488,(미개봉)애플 맥북 프로13 M2 8GB 512GB 판매합니다,1480000,https://m.bunjang.co.kr/products/247433037
489,맥북프로(13인치) m2 512gb 16gb 저렴하게 판매합니다.,1300000,https://m.bunjang.co.kr/products/256990259
490,급처) 아이폰13 프로맥스 512 실버,600000,https://m.bunjang.co.kr/products/250502819
491,맥북프로13 M1칩 스페이스그레이 16/512G 효율 94%,1100000,https://m.bunjang.co.kr/products/253608883
492,[가격내림]2020 맥북 프로 13인치 m1 8 512 스페이스 그레이,865000,https://m.bunjang.co.kr/products/253265221
493,2020인텔맥북프로 13인치 A2289 램16기가 ssd512기가,670000,https://m.bunjang.co.kr/products/253716273
494,아이폰 13 프로맥스 시에라시에라블루 - 512GB / 상태: SSS급,850000,https://m.bunjang.co.kr/products/252724627
495,(미개봉) 맥북프로13 M2칩 8/512G 그레이 애케플~ 2025,1500000,https://m.bunjang.co.kr/products/253610456
496,아이폰 13 프로 512g 그래파이트 색상,800000,https://m.bunjang.co.kr/products/250452706
497,맥북프로 M2 512gb 16GB 13인치,1580000,https://m.bunjang.co.kr/products/253581568
498,맥북프로 2020 13인치(i7/16/512)cto 터치바 충전기셋 싸이,699000,https://m.bunjang.co.kr/products/254489087
499,아이폰 13프로 512GB 그래파이트/S급 풀박스/배터리효율 100%,850000,https://m.bunjang.co.kr/products/249332203
500,맥북 프로 13 M2 스페이스 그레이 512GB + 정품마우스,1790000,https://m.bunjang.co.kr/products/251828870
501,(풀박ss급)맥북 프로 M2 13인치 램16 512 에캐플(26년),1750000,https://m.bunjang.co.kr/products/253433741
502,(풀박ss급)맥북 프로 M2 13인치 램16 512 에캐플(26년),1750000,https://m.bunjang.co.kr/products/253811951
503,맥북 프로 m2 / 512g 16g / 13인치 스그 상태s급 풀박스,1500000,https://m.bunjang.co.kr/products/252529421
504,M1 맥북 프로 13인치 8G 512GB 애케플,840000,https://m.bunjang.co.kr/products/251010717
505,맥북 M1 프로 13인치 512기가 16램 상태 매우 좋음 배터리 97%,1150000,https://m.bunjang.co.kr/products/252338850
506,맥북 프로 m1 13인치 (16G/512G) 배터리93%,1150000,https://m.bunjang.co.kr/products/254108551
507,맥북프로 13인치 m1 16/512 상태좋음,1100000,https://m.bunjang.co.kr/products/251312045
508,리퍼후미사용 아이폰13프로 512G 시에라블루 판매합니다,820000,https://m.bunjang.co.kr/products/253282219
509,모바일 스튜디오 프로 1세대 13인치 i7 512gb 팝니다.,600000,https://m.bunjang.co.kr/products/252199347
510,아이폰 13 pro 512GB 화이트(풀박스/케이블 새거),620000,https://m.bunjang.co.kr/products/252764987
511,2020년 16gb/512gb 맥북 프로 13인치 M1 판매합니다,1100000,https://m.bunjang.co.kr/products/254337780
512,아이폰 13프로맥스 512 리퍼,900000,https://m.bunjang.co.kr/products/249481185
513,맥북프로2020 M1 13인치 (16G / 512G) 사이클 31 판매,1200000,https://m.bunjang.co.kr/products/252385228
514,2020 맥북프로 m1 13인치 램 16G ssd 512G 파이널컷O,1130000,https://m.bunjang.co.kr/products/253220757
515,맥북프로 2013 15인치 16g 512gb,210000,https://m.bunjang.co.kr/products/256806630
516,아이폰 13프로맥스 시에라블루 512GB 판매,600000,https://m.bunjang.co.kr/products/251548828
517,2020 맥북 프로 13인치 512GB i7 32GB 실버(터치바),600000,https://m.bunjang.co.kr/products/252645921
518,2022 맥북프로 m2 13인치 512gb 8gb ram,500000,https://m.bunjang.co.kr/products/248383535
519,맥북프로 m1 13인치 16/512,970000,https://m.bunjang.co.kr/products/249664912
520,네고가능/ 맥북 프로 M1칩 13인치 512GB 8GB (스그)팝니다.,800000,https://m.bunjang.co.kr/products/254737901
521,#할인가능 아이폰11프로맥스 512GB 블랙 / 0131,390000,https://m.bunjang.co.kr/products/251747315
522,맥북 프로 13인치 m2 2022년형 16gb 512gb,1400000,https://m.bunjang.co.kr/products/257986970
523,아이폰13 프로맥스 512 그래파이트 판매합니다.,800000,https://m.bunjang.co.kr/products/250962589
524,애플맥북프로 터치바 13인치 i5 8기가 512기가,390000,https://m.bunjang.co.kr/products/256361307
525,맥북 프로 2020 13인치 스페이스 그레이 풀박 (16GB / 512,950000,https://m.bunjang.co.kr/products/251085720
526,아이폰13프로 512G(배터리83%) 블랙 정상해지 된 공기계 팝니다,726000,https://m.bunjang.co.kr/products/251514947
527,애플 아이폰13pro/아이폰13프로 시에라블루 512GB 풀박/자급제,808000,https://m.bunjang.co.kr/products/246973788
528,아이폰13프로맥스 512G 블랙색상 정상해지 공기계 팝니다,789000,https://m.bunjang.co.kr/products/253066810
529,샤오미 레드미 노트 13 프로 플러스 램12GB 메모리512GB 자급제,380000,https://m.bunjang.co.kr/products/251936483
530,맥북 프로 13인치(터치바) 512기가,500000,https://m.bunjang.co.kr/products/196671872
531,아이폰13프로 512G 화이트,800000,https://m.bunjang.co.kr/products/255051696
532,맥북 프로 터치바 M1 13인치 512기가 mac pro,1000000,https://m.bunjang.co.kr/products/250389758
533,"맥북 프로 M2 13인치 SSD 512GB, RAM 24GB 팝니다.",1750000,https://m.bunjang.co.kr/products/252250692
534,"2020년형 인텔 맥북 프로 13인치 (8GB, 512GB) 스페이스 그",550000,https://m.bunjang.co.kr/products/252556584
535,#할인가능 아이폰11프로맥스 512GB 블랙 / 0131,390000,https://m.bunjang.co.kr/products/251745489
536,아이폰13프로 512g 그래파이트 자급제폰팝니다,800000,https://m.bunjang.co.kr/products/250123984
537,#할인가능 아이폰11프로맥스 512GB 블랙 / 0131,390000,https://m.bunjang.co.kr/products/251749153
538,맥북프로 m1 13인치 실버 512GB,950000,https://m.bunjang.co.kr/products/248590768
539,아이폰13프로 스그 512g 팝니다,700000,https://m.bunjang.co.kr/products/249479862
540,맥북 프로 13인치 2021년형 8gb 512gb,1000000,https://m.bunjang.co.kr/products/251206951
541,맥북 프로 13인치 램8GB/하드 512GB (거의 새상품),700000,https://m.bunjang.co.kr/products/223643886
542,맥북프로 m1 13인치 512g 배터리 성능99%,800000,https://m.bunjang.co.kr/products/249933372
543,맥북프로 13인치 512G 2013Late,209000,https://m.bunjang.co.kr/products/252347665
544,맥북 프로 M1 13인치 램8/512G SSD A급,850000,https://m.bunjang.co.kr/products/249943227
545,애플 맥북프로 M1 13인치 A2338 512/16,1050000,https://m.bunjang.co.kr/products/249149104
546,[애플케어 25년 풀구성] m1 맥북프로 13 512GB 16GB 판매,1260000,https://m.bunjang.co.kr/products/251887804
547,#할인가능 아이폰11프로맥스 512GB 블랙 / 0131,390000,https://m.bunjang.co.kr/products/251748524
548,#할인가능 아이폰11프로맥스 512GB 블랙 / 0131,390000,https://m.bunjang.co.kr/products/251746520
549,2020맥북프로 i5 16GB메모리 512GB 13인치,620000,https://m.bunjang.co.kr/products/251691689
550,아이폰13프로 512GB 실버 배터리 94%,795000,https://m.bunjang.co.kr/products/249706134
551,#할인가능 아이폰11프로맥스 512GB 블랙 / 0131,390000,https://m.bunjang.co.kr/products/251744675
552,#할인가능 아이폰11프로맥스 512GB 블랙 / 0131,390000,https://m.bunjang.co.kr/products/251745935
553,아이폰13프로맥스 512 배터리100,850000,https://m.bunjang.co.kr/products/249536578
554,맥북 프로 13인치 m1 16g 512gb,1100000,https://m.bunjang.co.kr/products/249312997
555,아이폰13 프로 512g 그라파이트,730000,https://m.bunjang.co.kr/products/241099902
556,S급 아이폰13 프로맥스 512 수리이력X 베터리95 투알택케이스,900000,https://m.bunjang.co.kr/products/250749854
557,"맥북프로 레티나 2014 mid 13인치 <512기가, 최고 사양>",300000,https://m.bunjang.co.kr/products/250582724
558,맥북2022 맥북 프로 M2 13인치 512기가 가격내려용,1280000,https://m.bunjang.co.kr/products/248168447
559,맥북프로 M1 13인치 512g 램 8g 판매 (풀박스),850000,https://m.bunjang.co.kr/products/248490876
560,맥북프로 13인치 2019 i5/16/512 cto 터치바 모델 팝니다,550000,https://m.bunjang.co.kr/products/249324229
561,애플 맥북프로 13인치 M2 8GB 512GB 판매합니다,1400000,https://m.bunjang.co.kr/products/249819505
562,맥북프로 m1 13인치 RAM 8GB SSD 512 급처합니다,700000,https://m.bunjang.co.kr/products/250229226
563,러퍼급배터리100%! 아이폰13프로 512GB 95.9만원 [51309],959000,https://m.bunjang.co.kr/products/251052140
564,[신품급] 맥북 프로 2020 13인치 512GB 팔아요~,700000,https://m.bunjang.co.kr/products/249557531
565,"애플 맥북프로 13인치 M2 8G 512기가 애케플 팝니다. 애플, 맥북",1350000,https://m.bunjang.co.kr/products/249152058
566,맥북프로 2020 16g 512g 13인치,689000,https://m.bunjang.co.kr/products/248690174
567,아이폼 13 프로맥스 512GB 판매합니다.,810000,https://m.bunjang.co.kr/products/253973001
568,맥북프로 m1 13인치 512gb 8gb,950000,https://m.bunjang.co.kr/products/246422769
569,[A급/배터리86] 아이폰13프로 512G 블루 #액정깨끗 #액정정품,716000,https://m.bunjang.co.kr/products/250894468
570,"Apple M1 맥북 프로 13, 16g, 512gb, 스페이스 그레이",900000,https://m.bunjang.co.kr/products/249479499
571,애케플 M1맥북프로 13인치 512 8GB 13인치 판매합니다,750000,https://m.bunjang.co.kr/products/254925231
572,(1352)아이폰15프로 512 판매합니다,1499000,https://m.bunjang.co.kr/products/249454230
573,아이폰13프로맥스 실버 512G,800000,https://m.bunjang.co.kr/products/248082446
574,맥북프로 13인치 2020 16gb램 512기가 i5 팝니다,650000,https://m.bunjang.co.kr/products/248509048
575,2022 맥북프로 m2 13형 16GB 512GB 팝니다,1650000,https://m.bunjang.co.kr/products/247450954
576,맥북프로 m2 13(실버) 8G 512GB 애케플2년남음 마우스,1300000,https://m.bunjang.co.kr/products/250430304
577,M1 맥북 프로 13인치 터치바 2021 8/512 애케플 8gb 512,800000,https://m.bunjang.co.kr/products/249300271
578,맥북 프로 2020 M1 13인치 (16GB - 512GB),980000,https://m.bunjang.co.kr/products/248218463
579,아이폰13프로 512gb 그라파이트,760000,https://m.bunjang.co.kr/products/250714390
580,맥북프로 2019 13인치(i5/16/512)cto 터치바 충전기셋,599000,https://m.bunjang.co.kr/products/244975749
581,아이폰13프로맥스 512GB 새거급 배터리성능100% 팝니다.,930000,https://m.bunjang.co.kr/products/251732108
582,(미개봉)맥북프로 m2 13인치 스그 램8/SSD512 팝니다,1490000,https://m.bunjang.co.kr/products/247907637
583,맥북프로 13인치 2019년 i5/16/512 cto 터치바 모델팝니다,590000,https://m.bunjang.co.kr/products/249324343
584,"맥북프로 CTO 2013, 15인치, I7 2.7, 512G, 16ram",350000,https://m.bunjang.co.kr/products/250158625
585,(AA급) 맥북프로 2013 Late 15인치 512g,270000,https://m.bunjang.co.kr/products/248245348
586,맥북프로 2020 13인치(i7/16/512)cto 터치바 충전기셋,699000,https://m.bunjang.co.kr/products/244938561
587,맥북 m1 프로 13인치(8ram/512ssd) 실버,770000,https://m.bunjang.co.kr/products/247805406
588,2018 맥북프로 13인치 512G 8G 판매합니다,550000,https://m.bunjang.co.kr/products/252675138
589,아이폰13프로 512GB 블루 75만원 팝니다,750000,https://m.bunjang.co.kr/products/252601354
590,아이폰13프로 512G,750000,https://m.bunjang.co.kr/products/239554528
591,"아이폰 13 프로맥스 512G, 애플 정품 투명 케이스 포함",900000,https://m.bunjang.co.kr/products/251204126
592,아이폰13 프로맥스 시에라블루 512 + 정품배터리팩 판매합니다,780000,https://m.bunjang.co.kr/products/240583968
593,아이폰13프로맥스512GB 블루 배터리95%,800000,https://m.bunjang.co.kr/products/249729166
594,맥북 프로 2019 13인치 i5/16GB/512GB 터치바,550000,https://m.bunjang.co.kr/products/249102291
595,맥북 프로 2019 13인치 i5/16GB/512GB 터치바 모델,550000,https://m.bunjang.co.kr/products/249329949
596,아이폰 13 프로맥스 512g 골드 판매합니다,750000,https://m.bunjang.co.kr/products/247970631
597,M1 맥북 프로 스페이스그레이 13인치 512GB 16GB,1220000,https://m.bunjang.co.kr/products/247089424
598,2020 맥북프로 13인치 터치바 CTO I7 32G 512g,800000,https://m.bunjang.co.kr/products/246332244
599,아이폰 13프로맥스 512 듀얼심 (홍콩판. 카메라 무음),930000,https://m.bunjang.co.kr/products/242433715
600,아이폰13프로맥스 512GB 팝니다.,850000,https://m.bunjang.co.kr/products/246938069
601,M1 맥북프로13인치 2020년 512G 스페이스그레이 풀세트,1000000,https://m.bunjang.co.kr/products/248552478
602,2020 맥북 프로 인텔(I5/512Gb/16Gb) 13인치 터치바 판매,650000,https://m.bunjang.co.kr/products/249787601
603,맥북프로 2021 13인치 M1 램 16GB SSD 512GB,1200000,https://m.bunjang.co.kr/products/247326134
604,MacBook Pro 13 M1 (램16GB/용량512GB),1300000,https://m.bunjang.co.kr/products/247491396
605,아이폰13프로맥스 512 골드팝니다,650000,https://m.bunjang.co.kr/products/250615265
606,아이폰13프로 512GB 시에라블루,870000,https://m.bunjang.co.kr/products/245691085
607,맥북프로 13 m2 (메모리 24gb/512gb/사이클19/100%)s급,1800000,https://m.bunjang.co.kr/products/248668433
608,맥북프로레티나 (2013LATE) 512기가 맥프레,220000,https://m.bunjang.co.kr/products/245569165
609,아이폰 13 프로 512GB,700000,https://m.bunjang.co.kr/products/240494135
610,A+급 아이폰13프로맥스 512G 시애라블루 (222),900000,https://m.bunjang.co.kr/products/247643361
611,애플 2020 인텔 맥북프로 13인치 i5/16G/512G 고급형 판매,600000,https://m.bunjang.co.kr/products/248475815
612,[바디S급/해외판]아이폰13프로맥스 512G 그래파이터 카메라무음,700000,https://m.bunjang.co.kr/products/249078906
613,2020 맥북프로m1 13인치 스페이스그레이8gb/512gb,750000,https://m.bunjang.co.kr/products/255454523
614,맥북프로2020 13인치 고급형 cto i7/16g/512g 판매,700000,https://m.bunjang.co.kr/products/254298904
615,S급 맥북프로2016 13인치 터치바 16램 512기가,300000,https://m.bunjang.co.kr/products/195442138
616,맥북프로 13인치 CTO 512ssd 16gb 사이클 수 8,1500000,https://m.bunjang.co.kr/products/212814112
617,맥북프로 2020 13인치(i7/16/512),720000,https://m.bunjang.co.kr/products/250268100
618,"맥북프로 2019 13인치 cto (램 16g,i7,ssd 512g",530000,https://m.bunjang.co.kr/products/253216648
619,가격내림)아이폰13 프로맥스512 화이트 배터리91% 처분해요,890000,https://m.bunjang.co.kr/products/245131311
620,(오늘까지만)아이폰 13pro 512g 풀박스,660000,https://m.bunjang.co.kr/products/244404370
621,"맥북프로 13 스페이스 그레이 M2, 512GB, CPU10코어, 8GB",1200000,https://m.bunjang.co.kr/products/248299628
622,[SSS급] 아이폰 13 프로 512G,1000000,https://m.bunjang.co.kr/products/238280406
623,아이폰13 프로맥스 512G 시에라블루 카메라소음 없고 유심2개 사용가능,1000000,https://m.bunjang.co.kr/products/239700801
624,A+급 아이폰13프로맥스 512G 시애라블루 (222),1100000,https://m.bunjang.co.kr/products/241246454
625,아이폰 13 프로 512GB 시에라블루 미사용 리퍼,950000,https://m.bunjang.co.kr/products/238646117
626,맥북프로 13인치 m2 8g 512gb 2022,1100000,https://m.bunjang.co.kr/products/240539481
627,맥북프로 터치바A2251/i7-1068NG7/16G/512G/13.3인치,899000,https://m.bunjang.co.kr/products/243573655
628,맥북프로 13인치 i7 3.5Ghz(터치바) / 16G / ssd 512,580000,https://m.bunjang.co.kr/products/236741858
629,애플 맥북 프로 m1 13인치 512기가 램8기가,900000,https://m.bunjang.co.kr/products/233399711
630,맥북프로 A1708 13인치/i5-7360 2.3G/16G/512G,699000,https://m.bunjang.co.kr/products/216675789
631,맥북프로 터치바A1989/i7-8559U/16G/512G/13.3인치,799000,https://m.bunjang.co.kr/products/236433272
632,(풀박)2018 맥북프로13인치 터치바 512 i5,320000,https://m.bunjang.co.kr/products/228950518
633,맥북프로 13인치 거의 새거(사이클수:3) M1/8GB/512GB 풀박,950000,https://m.bunjang.co.kr/products/232386740
634,아이폰13프로맥스 512,1170000,https://m.bunjang.co.kr/products/213628247
635,맥북프로A1708/i5-7360 2.3G/16G/512G/13.3인치,499000,https://m.bunjang.co.kr/products/218983765
636,2020 맥북프로 13인치 터치바 512g,800000,https://m.bunjang.co.kr/products/196561390
637,맥북프로 2013 early 램 16gb 용량 512gb,450000,https://m.bunjang.co.kr/products/194509940
638,맥북 프로 2021년형 13인치 8gb 512ssd,1400000,https://m.bunjang.co.kr/products/194905749
639,맥북프로2018 13인치 Touch bar 512G 고급형,1050000,https://m.bunjang.co.kr/products/146940510
640,단말자급제용 미개봉 새상품 아이폰13 프로맥스 512GB 그레파이트,1800000,https://m.bunjang.co.kr/products/175009013
641,단말자급제용 미개봉 새상품 아이폰13 프로 512GB 블루,1600000,https://m.bunjang.co.kr/products/170967352
642,갤럭시북프로 360 13인치 i5 16G ram 512g mvme,1350000,https://m.bunjang.co.kr/products/157763531
643,단말자급제용 미개봉 새상품 아이폰13 프로 512GB 실버,1600000,https://m.bunjang.co.kr/products/170967580
644,미개봉 새상품 아이폰13 프로맥스 512GB 블루,1850000,https://m.bunjang.co.kr/products/168173887
645,맥북프로13 512g 스페이스그레이 미개봉제품 팔아요,1400000,https://m.bunjang.co.kr/products/167563954
646,(풀박스)맥북 프로 m2 13인치 512GB 8GB 2022년형,1200000,https://m.bunjang.co.kr/products/249578281
