,Title,Price,Link
0,"파손폰매입,아이폰11,12,13프로,프로맥스,깨진부품용폰,xs,x",980000,https://m.bunjang.co.kr/products/159660831
1,아이폰 13 프로 맥스 128기가 시에라블루,650000,https://m.bunjang.co.kr/products/258053527
2,아이폰13프로 맥스 128기가,850000,https://m.bunjang.co.kr/products/238851750
3,아이폰 13 pro max 128,750000,https://m.bunjang.co.kr/products/257842275
4,아이폰 13 pro max 128,730000,https://m.bunjang.co.kr/products/252375357
5,아이폰13프로 맥스 128기가,650000,https://m.bunjang.co.kr/products/246393322
6,아이폰13promax (128),750000,https://m.bunjang.co.kr/products/252194965
7,13pro max 128 자급제 풀박,750000,https://m.bunjang.co.kr/products/248837333
8,아이폰13pro max 128기가 시에라블루,650000,https://m.bunjang.co.kr/products/240814022
9,아이폰 13 pro Max 128기가 실버,910000,https://m.bunjang.co.kr/products/239584423
10,아이폰13pro max 스페이스 그레이 128기가 판매합니다,850000,https://m.bunjang.co.kr/products/239233428
11,아이폰 13 프로맥스 95% 실버 풀박스 애플 promax 128 12,925000,https://m.bunjang.co.kr/products/238605763
12,아이폰 13 pro max 128,900000,https://m.bunjang.co.kr/products/234655349
13,아이폰 13pro max 128,1000000,https://m.bunjang.co.kr/products/232581137
14,아이폰 13프로 MAX 128 골드,980000,https://m.bunjang.co.kr/products/228742945
15,아이폰13프로맥스 128G 블루 86% 약간의생활감외 깨끗 정상작동,850000,https://m.bunjang.co.kr/products/245252947
16,아이폰13프로맥스128로 s23울트라 512 교환,777777,https://m.bunjang.co.kr/products/244052724
17,아이폰 13프로맥스 128 실버 ss급,800000,https://m.bunjang.co.kr/products/258966647
18,아이폰 13프로맥스 128기가 시에라 블루,850000,https://m.bunjang.co.kr/products/215189608
19,아이폰 13프로맥스 실버 128기가 새상품급,880000,https://m.bunjang.co.kr/products/258484230
20,아이폰 13 프로맥스 128기가,800000,https://m.bunjang.co.kr/products/258821665
21,아이폰13프로맥스 128G,769000,https://m.bunjang.co.kr/products/258135806
22,대구 아이폰13프로맥스128 베터리85프로 풀박스팝니다,800000,https://m.bunjang.co.kr/products/258826146
23,아이폰 13 pro max 128GB 배터리 85% 풀박 판매 해요,750000,https://m.bunjang.co.kr/products/255168104
24,아이폰13 프로맥스 시에라블루 128g팝니다,800000,https://m.bunjang.co.kr/products/240521886
25,아이폰13프로맥스128GB,750000,https://m.bunjang.co.kr/products/249509529
26,아이폰 13 Pro 맥스 128G,700000,https://m.bunjang.co.kr/products/258776745
27,아이폰 13 프로 맥스 자급제 128GB 시에라 블루 - 1년보증,1199000,https://m.bunjang.co.kr/products/257567654
28,아이폰 13promax 시에라블루 128g 팝니다.,700000,https://m.bunjang.co.kr/products/244404948
29,아이폰13프로맥스 128기가 그린,620000,https://m.bunjang.co.kr/products/258747157
30,13프로맥스 128기가(그라파이트) 갤럭시 교환 구해요.,750000,https://m.bunjang.co.kr/products/258361797
31,아이폰13프로맥스128gb,710000,https://m.bunjang.co.kr/products/257097302
32,아이폰 13promax,800000,https://m.bunjang.co.kr/products/240931429
33,아이폰 13promax 128GB 실버,700000,https://m.bunjang.co.kr/products/239851419
34,아이폰13 프로맥스 128G 시에라블루 자급제,430000,https://m.bunjang.co.kr/products/256738572
35,아이폰 13프로맥스 128G 실버 배터리 87% A급 88만원에 팝니다,880000,https://m.bunjang.co.kr/products/258670548
36,아이폰13 프로맥스 128g,700000,https://m.bunjang.co.kr/products/258445161
37,아이폰 13 프로 맥스 128g,700000,https://m.bunjang.co.kr/products/256424189
38,아이폰 13 프로맥스 128,750000,https://m.bunjang.co.kr/products/257761560
39,아이폰 13 프로 맥스 128g,850000,https://m.bunjang.co.kr/products/257478130
40,아이폰 13 프로맥스 128g,770000,https://m.bunjang.co.kr/products/257639992
41,애플 아이폰13 프로맥스 그라파이트 128g,830000,https://m.bunjang.co.kr/products/256888202
42,아이폰13 프로맥스 128g 실버 배터리 100,870000,https://m.bunjang.co.kr/products/257950827
43,13프로맥스 128,700000,https://m.bunjang.co.kr/products/256653005
44,13 프로맥스 128 기가,810000,https://m.bunjang.co.kr/products/255827984
45,아이폰13 프로맥스 128g,660000,https://m.bunjang.co.kr/products/257332812
46,아이폰 13 프로맥스 시에라블루 128g,600000,https://m.bunjang.co.kr/products/257986277
47,아이폰 13 프로맥스 128 화이트 실버,1100000,https://m.bunjang.co.kr/products/232303890
48,아이폰13 pro max 128g,660000,https://m.bunjang.co.kr/products/257333445
49,아이폰13 프로맥스 실버 128gb,680000,https://m.bunjang.co.kr/products/256318040
50,아이폰13프로맥스 A급 128기가 그래파이트,750000,https://m.bunjang.co.kr/products/258104720
51,아이폰 13프로맥스 128,700000,https://m.bunjang.co.kr/products/255149315
52,아이폰 13 pro max 128GB,850000,https://m.bunjang.co.kr/products/256396813
53,아이폰 13프로맥스 128기가 뒷판 살짝 금,650000,https://m.bunjang.co.kr/products/258425166
54,아이폰 13 프로 맥스 골드 128GB,450000,https://m.bunjang.co.kr/products/253695986
55,아이폰13 프로맥스 128기가 -> 14프로 이상으로 교환원합니다.,800000,https://m.bunjang.co.kr/products/257527509
56,아이폰 13프로맥스 골드 128G s급,777000,https://m.bunjang.co.kr/products/255050111
57,아이폰 13프로맥스 화이트 128,800000,https://m.bunjang.co.kr/products/253921860
58,아이폰 13프로맥스 128기가,800000,https://m.bunjang.co.kr/products/254220289
59,"아이폰13promax팝니다.(풀박, 128gb)",1100000,https://m.bunjang.co.kr/products/256616674
60,아이폰 13프로맥스 128 블루,750000,https://m.bunjang.co.kr/products/252967497
61,아이폰 13 프로맥스 128GB 팝니다!!!,770000,https://m.bunjang.co.kr/products/254648215
62,(긁힘/깨짐X) 아이폰 13프로맥스 골드 128GB (배터리 성능 88%,788000,https://m.bunjang.co.kr/products/240176031
63,아이폰 13프로맥스 128기가,800000,https://m.bunjang.co.kr/products/252889178
64,당일발송 아이폰13프로맥스 128G/256G 등급별 최저가 중고폰 공기계,799000,https://m.bunjang.co.kr/products/237649202
65,아이폰13프로맥스128기가 sss,830000,https://m.bunjang.co.kr/products/255598682
66,아이폰13pro max 128g,720000,https://m.bunjang.co.kr/products/252996510
67,아이폰13프로맥스128,650000,https://m.bunjang.co.kr/products/252975517
68,아이폰 13 프로 맥스 128GB 시에라 블루,750000,https://m.bunjang.co.kr/products/251270932
69,아이폰 13프로맥스 128기가 그래파이트블랙,830000,https://m.bunjang.co.kr/products/252436016
70,아이폰13프로맥스 128기가 풀박스,700000,https://m.bunjang.co.kr/products/257338292
71,아이폰13프로맥스 알파인그린 128GB,700000,https://m.bunjang.co.kr/products/253055622
72,아이폰13프로맥스 128기가 미개봉 새상품(무음카메라),930000,https://m.bunjang.co.kr/products/252919359
73,아이폰13프로맥스 128,700000,https://m.bunjang.co.kr/products/255056386
74,아이폰13 프로맥스 128g 시에라블루 팜,700000,https://m.bunjang.co.kr/products/250176948
75,아이폰13프로맥스 128gb 그래파이트(풀박스),700000,https://m.bunjang.co.kr/products/253459733
76,[수원영통] 아이폰 13프로맥스 128GB 시에라블루 - 05587,950000,https://m.bunjang.co.kr/products/238904555
77,아이폰13프로맥스128기가,1000000,https://m.bunjang.co.kr/products/239263123
78,아이폰 13프로 맥스 128G 시애라블루 배터리 86% 풀박스,700000,https://m.bunjang.co.kr/products/248265310
79,액정 깨진 아이폰 13 프로 맥스 128gb 판매합니다,580000,https://m.bunjang.co.kr/products/248039538
80,아이폰 13 프로 맥스 128GB 그래파이트 B급 자급제 공기계,650000,https://m.bunjang.co.kr/products/236744443
81,아이폰13프로맥스 128G 실버,800000,https://m.bunjang.co.kr/products/247192076
82,아이폰13프로맥스 128G 판매,700000,https://m.bunjang.co.kr/products/236198436
83,아이폰 13프로맥스 128기가 시에라블루(+아더에러 맥세이프 케이스),690000,https://m.bunjang.co.kr/products/247541827
84,[새상품] 아이폰 13 프로맥스 골드 128,900000,https://m.bunjang.co.kr/products/245373160
85,아이폰 13프로맥스 128,750000,https://m.bunjang.co.kr/products/242713389
86,당일발송 S급 아이폰 13프로맥스 128기가 시에나블루,760000,https://m.bunjang.co.kr/products/239781080
87,아이폰13프로맥스 알파인그인 128GB,850000,https://m.bunjang.co.kr/products/246331948
88,아이폰13프로맥스 128GB 팝니다,750000,https://m.bunjang.co.kr/products/245587608
89,아이폰13프로맥스ㅡ128g풀박,790000,https://m.bunjang.co.kr/products/253261875
90,아이폰13프로맥스 128기가 시에라블루,780000,https://m.bunjang.co.kr/products/244248897
91,S급)무잔상 아이폰 13프로맥스 128G 시에나 블루 부산,760000,https://m.bunjang.co.kr/products/239611550
92,아이폰13프로맥스 128 스페이스그레이,900000,https://m.bunjang.co.kr/products/242623536
93,아이폰 13프로맥스 128기가 배터리 100%,850000,https://m.bunjang.co.kr/products/240785818
94,아이폰13프로맥스 실버색상 128용량 깨끗한단말기 S급 판매합니다,1050000,https://m.bunjang.co.kr/products/221489930
95,아이폰 13 Pro Max 128GB S급,800000,https://m.bunjang.co.kr/products/240407442
96,아이폰 13프로맥스 128gb 화이트,850000,https://m.bunjang.co.kr/products/240938266
97,아이폰13프로맥스 128 블루 공기계,800000,https://m.bunjang.co.kr/products/239236060
98,아이폰13프로맥스 128,780000,https://m.bunjang.co.kr/products/240524300
99,아이폰13프로맥스128 팝니디,850000,https://m.bunjang.co.kr/products/241962589
100,아이폰 13 pro max 128GB 시에라블루,850000,https://m.bunjang.co.kr/products/240814844
101,아이폰13프로맥스128기가 상태완전좋음 직거래가능,720000,https://m.bunjang.co.kr/products/248484516
102,아이폰13프로맥스 128기가팝니다,959000,https://m.bunjang.co.kr/products/241618447
103,아이폰 13 프로맥스 128 알파인그린 풀박,900000,https://m.bunjang.co.kr/products/239596251
104,아이폰13프로맥스 128 그래파이트 리퍼 판매합니다,900000,https://m.bunjang.co.kr/products/240823881
105,아이폰 13 프로맥스 128G,1250000,https://m.bunjang.co.kr/products/209366846
106,아이폰 13 프로맥스 128g 실버 판매합니다,800000,https://m.bunjang.co.kr/products/240116068
107,아이폰13 프로 맥스 화이트(128GB),800000,https://m.bunjang.co.kr/products/240082197
108,아이폰13프로맥스 128기가,850000,https://m.bunjang.co.kr/products/240276892
109,아이폰13프로맥스 블루 128기가,850000,https://m.bunjang.co.kr/products/240388001
110,아이폰 13 프로 맥스 128GB 그래파이트,830000,https://m.bunjang.co.kr/products/239301171
111,아이폰13프로맥스 128 골드 리퍼폰,1000000,https://m.bunjang.co.kr/products/240057595
112,아이폰13프로맥스 128G,800000,https://m.bunjang.co.kr/products/240026483
113,아이폰 13 프로맥스 128 시에라 블루,680000,https://m.bunjang.co.kr/products/242870712
114,아이폰13프로맥스 128기가 시에라블루,750000,https://m.bunjang.co.kr/products/240415230
115,아이폰13프로맥스 중국판 물리듀얼심 ios 15.1 용량 128gb,1400000,https://m.bunjang.co.kr/products/240563598
116,아이폰 13 pro max 128gb팝니다,700000,https://m.bunjang.co.kr/products/239659631
117,아이폰13프로맥스 시에라블루 128기가 배터리88,1195000,https://m.bunjang.co.kr/products/225553970
118,아이폰13프로맥스 128 밧데리99%,900000,https://m.bunjang.co.kr/products/239852745
119,아이폰13 프로맥스 시에라블루 128gb,780000,https://m.bunjang.co.kr/products/239495312
120,아이폰 13프로맥스 화이트 128 풀박스 애플케어+,900000,https://m.bunjang.co.kr/products/239512536
121,아이폰13프로맥스128 블루,850000,https://m.bunjang.co.kr/products/239808387
122,아이폰 13프로맥스 128g 그레이 색상 aa++,850000,https://m.bunjang.co.kr/products/238185324
123,아이폰13프로맥스 128기가 86프로 팔아요,900000,https://m.bunjang.co.kr/products/237743357
124,아이폰13프로맥스 128g S급! 풀박스,870000,https://m.bunjang.co.kr/products/239951213
125,아이폰13 프로맥스 128기가 (흠집없음) 신논현역,800000,https://m.bunjang.co.kr/products/239806897
126,리퍼 미사용 아이폰 13 프로 맥스 128gb 시에라 블루,1150000,https://m.bunjang.co.kr/products/234892416
127,아이폰13프로맥스 128기가,650000,https://m.bunjang.co.kr/products/243195023
128,아이폰 13 프로맥스 128GB 시애라블루 판매합니다,810000,https://m.bunjang.co.kr/products/238567564
129,아이폰13프로 맥스 128g,810000,https://m.bunjang.co.kr/products/239287112
130,아이폰13프로맥스 128G 실버 (애케플),800000,https://m.bunjang.co.kr/products/242657131
131,13프로맥스 128 A급,950000,https://m.bunjang.co.kr/products/238212054
132,아이폰13프로맥스 128 스그,910000,https://m.bunjang.co.kr/products/235496116
133,아이폰13프로맥스 128기가 그래파이트 팝니다.,950000,https://m.bunjang.co.kr/products/236241228
134,외관깨끗 아이폰13프로맥스 배터리성능87%시에라블루128GB 000823,990000,https://m.bunjang.co.kr/products/243196264
135,아이폰 13프로 맥스 128GB,900000,https://m.bunjang.co.kr/products/233072123
136,아이폰13 프로맥스 128G 상태 A급 팝니다,950000,https://m.bunjang.co.kr/products/234573633
137,아이폰13프로맥스 128GB 판매,750000,https://m.bunjang.co.kr/products/240176958
138,아이폰 13프로맥스 128g 실버 / 배터리 94%/ 풀박/ 정품케이스,1000000,https://m.bunjang.co.kr/products/236054310
139,외관깨끗 아이폰13프로맥스 배터리성능87%시에라블루128GB 000823,990000,https://m.bunjang.co.kr/products/242023656
140,아이폰13프로맥스 128GB + 케이스티파이,965000,https://m.bunjang.co.kr/products/235836479
141,아이폰13프로맥스 128기가후면파손,690000,https://m.bunjang.co.kr/products/235338394
142,아이폰13 프로맥스 128G,1000000,https://m.bunjang.co.kr/products/232177076
143,외관깨끗 아이폰13프로맥스 배터리성능87%시에라블루128GB 000823,990000,https://m.bunjang.co.kr/products/241141547
144,외관깨끗 아이폰13프로맥스 배터리성능87%시에라블루128GB 000823,990000,https://m.bunjang.co.kr/products/240455298
145,무잔상 아이폰13프로맥스 배터리성능 89%실버 128GB 판매 04595,1078000,https://m.bunjang.co.kr/products/235274725
146,아이폰13프로맥스 128g 그래파이트,800000,https://m.bunjang.co.kr/products/232909819
147,아이폰13프로맥스 실버 128G A급 108만원에 팝니다,1080000,https://m.bunjang.co.kr/products/232487945
148,무잔상 아이폰13프로맥스 배터리성능89% 실버 128GB 판매 04595,1078000,https://m.bunjang.co.kr/products/234872927
149,아이폰13프로맥스 128기가 판매,860000,https://m.bunjang.co.kr/products/230554200
150,아이폰 13 프로 맥스 실버 128GB,910000,https://m.bunjang.co.kr/products/227201995
151,아이폰 13프로맥스 시애라블루 128G 105만원에 싸게 팝니다,1050000,https://m.bunjang.co.kr/products/233315970
152,아이폰 13 프로 맥스 128GB 그래파이트 리퍼 후 새제품 판매 박스x,1100000,https://m.bunjang.co.kr/products/229638542
153,배터리90 A+급 아이폰13프로맥스 128G 골드 (015),1150000,https://m.bunjang.co.kr/products/231272635
154,배터리90이상 아이폰13프로맥스 128G 시에라블루 A급 (030),1150000,https://m.bunjang.co.kr/products/231270915
155,아이폰 13pro max 128gb,1050000,https://m.bunjang.co.kr/products/226904542
156,아이폰13프로맥스실버128기가,1100000,https://m.bunjang.co.kr/products/228758733
157,아이폰 13프로맥스 128g,1150000,https://m.bunjang.co.kr/products/225505047
158,아이폰 13 프로맥스 128gb 리퍼폰,1150000,https://m.bunjang.co.kr/products/224980818
159,아이폰14프로맥스 딥퍼플 128GB 배터리93%상태좋은 중고130만9천팜,1309000,https://m.bunjang.co.kr/products/233135335
160,아이폰13프로맥스 실버 128g 기가 상태 s,1050000,https://m.bunjang.co.kr/products/226728788
161,아이폰 13 프로맥스 128 애케플 가입,1100000,https://m.bunjang.co.kr/products/222456767
162,아이폰13프로맥스 실버 128G 상태 완전 깨끗합니다!,1050000,https://m.bunjang.co.kr/products/226547233
163,아이폰 13프로맥스 스페이스 그레이 128기가,1200000,https://m.bunjang.co.kr/products/223627870
164,아이폰 13 프로 맥스 자급제 128G,1100000,https://m.bunjang.co.kr/products/220468786
165,아이폰13 프로맥스 128기가 풀박스 팝니다.,900000,https://m.bunjang.co.kr/products/222337042
166,아이폰13프로맥스 128,1150000,https://m.bunjang.co.kr/products/221258887
167,아이폰13프로맥스 블루 128GB 상태좋은 중고100만3천팝니다.,1003000,https://m.bunjang.co.kr/products/226158260
168,아이폰13프로맥스 128 시에라블루,1100000,https://m.bunjang.co.kr/products/225505980
169,아이폰13프로맥스 블루 128GB 상태좋은 중고102만4천팝니다.,1024000,https://m.bunjang.co.kr/products/225585493
170,iPhone 13 promax 128gb full box USA 아이폰1,1180000,https://m.bunjang.co.kr/products/221721041
171,아이폰13프로맥스 128기가 배터리 효율 99% +케이스,1170000,https://m.bunjang.co.kr/products/220682877
172,아이폰13프로맥스 128기가~1테라 미개봉자급제새상품입니다,1690000,https://m.bunjang.co.kr/products/204709140
173,119035 아이폰13프로맥스 시에라블루 128GB 배터리99%울산중고폰,1059000,https://m.bunjang.co.kr/products/221408553
174,아이폰13프로맥스 128GB 그라파이트 2차 팝니다,1450000,https://m.bunjang.co.kr/products/165758862
175,아이폰 13 프로 맥스 시에라블루 128기가,670000,https://m.bunjang.co.kr/products/254925541
176,아이폰 13pro max 128 시에라블루 팝니다,700000,https://m.bunjang.co.kr/products/255257873
177,아이폰 13 프로 맥스 128 그라파이트 풀박스,750000,https://m.bunjang.co.kr/products/254136641
178,아이폰 13 프로 맥스 128기가,650000,https://m.bunjang.co.kr/products/251696766
179,스페이스그레이/ 아이폰 13프로 맥스/S급/ 128기가/ 87배터리,730000,https://m.bunjang.co.kr/products/252448208
180,아이폰13 pro max 128,750000,https://m.bunjang.co.kr/products/250896392
181,아이폰 13프로 맥스 128,650000,https://m.bunjang.co.kr/products/250591209
182,아이폰 13 PRO MAX 128 GB,700000,https://m.bunjang.co.kr/products/254368410
183,아이폰 13프로 맥스 화이트 128기가,700000,https://m.bunjang.co.kr/products/249162678
184,아이폰 13프로 맥스 시에라 블루 128기가,500000,https://m.bunjang.co.kr/products/248570207
185,아이폰 13pro max 128,660000,https://m.bunjang.co.kr/products/250916697
186,(급처)아이폰 13 pro max 128기가,750000,https://m.bunjang.co.kr/products/244968102
187,아이폰 13 pro max 시에라블루 128GB,750000,https://m.bunjang.co.kr/products/253894192
188,아이폰13프로맥스 128기가 시에라블루,730000,https://m.bunjang.co.kr/products/248176762
189,아이폰 13 프로맥스 스페이스 그레이 128gb,750000,https://m.bunjang.co.kr/products/238325600
190,아이폰 13프로맥스 128G 시에라블루,700000,https://m.bunjang.co.kr/products/252519903
191,아이폰13프로맥스 128기가 무잔상 상태굿 ^^,790000,https://m.bunjang.co.kr/products/256957668
192,아이폰13프로맥스 128기가 무잔상 상태굿 ^^,790000,https://m.bunjang.co.kr/products/256957352
193,아이폰 13 프로맥스 128GB,750000,https://m.bunjang.co.kr/products/258551306
194,아이폰13프로맥스 128기가 무잔상 상태굿 ^^,790000,https://m.bunjang.co.kr/products/256957010
195,아이폰13프로맥스 128기가 배터리90% S급,780000,https://m.bunjang.co.kr/products/258308225
196,S급) 아이폰13프로맥스 128기가 시에라블루,850000,https://m.bunjang.co.kr/products/258352943
197,아이폰13 프로맥스 128 그린 리퍼 미사용,860000,https://m.bunjang.co.kr/products/257957956
198,아이폰 13 프로맥스 128,680000,https://m.bunjang.co.kr/products/255149876
199,아이폰13프로맥스 128,700000,https://m.bunjang.co.kr/products/257566673
200,아이폰13 프로맥스 128 상태 A급,720000,https://m.bunjang.co.kr/products/256524853
201,아이폰 13프로맥스 128기가,720000,https://m.bunjang.co.kr/products/256525863
202,아이폰 13프로맥스 128기가,730000,https://m.bunjang.co.kr/products/255332897
203,아이폰13프로맥스 128 화이트 팝니드,750000,https://m.bunjang.co.kr/products/257664377
204,아이폰13프로맥스 128기가,730000,https://m.bunjang.co.kr/products/256977353
205,아이폰13 프로맥스 128기가 시에라블루 S급,740000,https://m.bunjang.co.kr/products/256834122
206,아이폰13프로맥스 블루 128G 액정뒷판SS급!배터리성능95%무상보증남음,745000,https://m.bunjang.co.kr/products/236225079
207,아이폰 13 프로맥스 골드128G 팝니다.,780000,https://m.bunjang.co.kr/products/255876931
208,아이폰 13 프로맥스 128기가 알파인 그린 자급제,750000,https://m.bunjang.co.kr/products/243705778
209,아이폰 13 프로맥스 128,650000,https://m.bunjang.co.kr/products/252641277
210,아이폰13프로맥스 128기가 무잔상 상태굿 ^^,860000,https://m.bunjang.co.kr/products/239451045
211,아이폰13프로맥스 128기가 무잔상 상태굿 ^^,860000,https://m.bunjang.co.kr/products/239454262
212,아이폰 13프로맥스 128기가 판매합니다,730000,https://m.bunjang.co.kr/products/254838113
213,아이폰13프로맥스 128기가 무잔상 상태굿 ^^,860000,https://m.bunjang.co.kr/products/239454913
214,아이폰 13 프로맥스 골드 128기가,670000,https://m.bunjang.co.kr/products/251563652
215,아이폰13프로맥스128 그린색,630000,https://m.bunjang.co.kr/products/256516066
216,(급매)아이폰13프로맥스128기가,660000,https://m.bunjang.co.kr/products/257810920
217,아이폰13 프로맥스 자급제 시에라 블루 128gb 팝니다,700000,https://m.bunjang.co.kr/products/254530987
218,아이폰13프로맥스 128기가 그래파이트 풀박,750000,https://m.bunjang.co.kr/products/256104288
219,아이폰13프로맥스 128기가 스페이스그레이 S급중고,750000,https://m.bunjang.co.kr/products/255777260
220,아이폰 13프로맥스 128기가,650000,https://m.bunjang.co.kr/products/253686102
221,A+급아이폰13프로맥스 128 화이트,730000,https://m.bunjang.co.kr/products/254239546
222,아이폰 13프로 맥스 128G 실버,700000,https://m.bunjang.co.kr/products/252284581
223,아이폰 13프로맥스128G 시에라블루 팝니다,750000,https://m.bunjang.co.kr/products/256510483
224,아이폰13 프로맥스 128,530000,https://m.bunjang.co.kr/products/256618742
225,아이폰 13프로맥스 128기가 실버,700000,https://m.bunjang.co.kr/products/253116965
226,아이폰 13pro max 128g,710000,https://m.bunjang.co.kr/products/252441086
227,이이폰 13프로맥스 128,690000,https://m.bunjang.co.kr/products/251687049
228,아이폰13 pro max 128GB,760000,https://m.bunjang.co.kr/products/253258951
229,아이폰 13프로맥스 128기가,700000,https://m.bunjang.co.kr/products/251672026
230,아이폰13 프로맥스 128G 블랙 팔아요,650000,https://m.bunjang.co.kr/products/252807645
231,아이폰 13프로맥스 128팝니다,700000,https://m.bunjang.co.kr/products/252919373
232,아이폰13프로맥스 128gb 판매합니다 케이스다수,690000,https://m.bunjang.co.kr/products/256188279
233,아이폰13프로맥스128 그래파이트 A+급 풀박,790000,https://m.bunjang.co.kr/products/251378849
234,아이폰13프로맥스 128G 실버 S급!,790000,https://m.bunjang.co.kr/products/253459589
235,급처!!))아이폰 13프로맥스 128gb,790000,https://m.bunjang.co.kr/products/255238034
236,아이폰 13프로맥스 시에라블루 128기가 베터리 100퍼,799000,https://m.bunjang.co.kr/products/254085529
237,아이폰13프로맥스 128기가 시에라블루,730000,https://m.bunjang.co.kr/products/253159321
238,아이폰13프로맥스 128gb 기기단품,740000,https://m.bunjang.co.kr/products/253990033
239,아이폰13프로맥스128,880000,https://m.bunjang.co.kr/products/251595155
240,아이폰13프로맥스 128기가 시에라블루,670000,https://m.bunjang.co.kr/products/253476403
241,아이폰 13 프로맥스 애케플 128 시에라블루,760000,https://m.bunjang.co.kr/products/252050280
242,아이폰13프로맥스 128기가 87%,740000,https://m.bunjang.co.kr/products/251459165
243,아이폰 13프로맥스 128기가 S급,700000,https://m.bunjang.co.kr/products/249943716
244,네고가능)아이폰 13 프로맥스 128기가,620000,https://m.bunjang.co.kr/products/257172569
245,아이폰 13 pro max 프로맥스 골드 128gb,700000,https://m.bunjang.co.kr/products/251376963
246,아이폰13 프로맥스 128g 시에라블루 팝니다 !,750000,https://m.bunjang.co.kr/products/252291184
247,아이폰 13 프로맥스 128gb 네고 가능 배터리88%,690000,https://m.bunjang.co.kr/products/252602516
248,아이폰 13프로맥스 128GB,650000,https://m.bunjang.co.kr/products/251019218
249,아이폰13프로맥스 128G 그라파이트,680000,https://m.bunjang.co.kr/products/253326676
250,아이폰13프로맥스 128G 시에라블루,750000,https://m.bunjang.co.kr/products/252442062
251,아이폰 13프로맥스 그래파이트 128,750000,https://m.bunjang.co.kr/products/251371247
252,아이폰13프로맥스 128 블루,730000,https://m.bunjang.co.kr/products/251441173
253,(리퍼폰)아이폰13프로맥스 128기가 시에라블루 팝니다,790000,https://m.bunjang.co.kr/products/254706568
254,아이폰 13pro max 128gb 그래파이트,680000,https://m.bunjang.co.kr/products/251937797
255,아이폰13프로맥스 128 블루,730000,https://m.bunjang.co.kr/products/251440986
256,아이폰 13 프로맥스 골드 128GB 급처로 가격 내립니다,640000,https://m.bunjang.co.kr/products/243685652
257,아이폰 13프로맥스 128팝니다.,690000,https://m.bunjang.co.kr/products/252593032
258,아이폰13프로맥스 128 팝니다,610000,https://m.bunjang.co.kr/products/249385657
259,[미사용] 아이폰13프로맥스 그래파이트 128g 자급제 리퍼,850000,https://m.bunjang.co.kr/products/253471608
260,아이폰 13프로맥스 128,720000,https://m.bunjang.co.kr/products/249680457
261,아이폰 13 pro max 128GB 블루,480000,https://m.bunjang.co.kr/products/251338085
262,아이폰13프로맥스128,704000,https://m.bunjang.co.kr/products/252185677
263,아이폰 13pro max 128GB 골드,400000,https://m.bunjang.co.kr/products/251385458
264,아이폰13프로맥스 128G 블루 판매합니다.,740000,https://m.bunjang.co.kr/products/248571153
265,"아이폰13프로맥스 128기가,배터리98%,풀박스S급",650000,https://m.bunjang.co.kr/products/254932199
266,아이폰13프로맥스 128GB,760000,https://m.bunjang.co.kr/products/251794175
267,아이폰 13 프로맥스 128GB 풀박스 A+급,670000,https://m.bunjang.co.kr/products/254713282
268,아이폰13 프로맥스 128기가 S급,750000,https://m.bunjang.co.kr/products/250194386
269,(S급) 아이폰13 프로 맥스 시에라블루 풀박스 (128GB),700000,https://m.bunjang.co.kr/products/251667139
270,아이폰13프로맥스 128G 마지막 가격,580000,https://m.bunjang.co.kr/products/251853060
271,아이폰13프로맥스 128G 골드 iphone A급,750000,https://m.bunjang.co.kr/products/252786636
272,아이폰13프로맥스 블루 128기가,745000,https://m.bunjang.co.kr/products/251375349
273,아이폰 13 프로맥스 128G 외관 S급 그레파이트 색상 팝니다(직거래),750000,https://m.bunjang.co.kr/products/254040331
274,아이폰13프로맥스 그래파이트 128g (풀박),820000,https://m.bunjang.co.kr/products/251998305
275,아이폰13 프로맥스 128G 시에라 블루,700000,https://m.bunjang.co.kr/products/250356007
276,아이폰13프로맥스 128G 화이트색상 정상해지 공기계 팝니다,789000,https://m.bunjang.co.kr/products/253893866
277,아이폰13프로맥스 128 자급제,720000,https://m.bunjang.co.kr/products/250240934
278,[바디SS급/배터리89] 아이폰13프로맥스 128G 시에라블루,748000,https://m.bunjang.co.kr/products/256759239
279,아이폰13프로맥스 128기가 그래파이트,690000,https://m.bunjang.co.kr/products/241932523
280,(S급)해외판 아이폰13프로맥스 128 블랙 판매해요,800000,https://m.bunjang.co.kr/products/257797310
281,아이폰 13 프로맥스 128기가 그래파이트,750000,https://m.bunjang.co.kr/products/248780504
282,아이폰13프로맥스 128G 실버 특S급,780000,https://m.bunjang.co.kr/products/250201934
283,아이폰13프로맥스 골드 128g S급외관,740000,https://m.bunjang.co.kr/products/251476586
284,아이폰 13 프로맥스 128 블루 정상해지,620000,https://m.bunjang.co.kr/products/247817567
285,아이폰13 프로맥스 128gb,720000,https://m.bunjang.co.kr/products/248947421
286,아이폰13프로맥스 128g 판매해요.,750000,https://m.bunjang.co.kr/products/256106859
287,아이폰 13프로맥스 128gb 화이트 배터리성능99%,790000,https://m.bunjang.co.kr/products/252366251
288,아이폰13프로맥스128 S급,700000,https://m.bunjang.co.kr/products/250643096
289,아이폰 13프로맥스 128gb 시에라블루 + 케이스티파이 케이스,760000,https://m.bunjang.co.kr/products/251774265
290,아이폰13프로맥스 128GB 실버 풀박스 애케플 판매합니다.,720000,https://m.bunjang.co.kr/products/252891347
291,아이폰13프로맥스 블루 128기가,705000,https://m.bunjang.co.kr/products/250038982
292,"아이폰13프로맥스128기가,배터리98%,풀박스,공기계",760000,https://m.bunjang.co.kr/products/254309803
293,아이폰13 프로맥스 128GB 시에라 블루 판매합니다.,999999,https://m.bunjang.co.kr/products/251124561
294,[미사용]아이폰13프로맥스128GB 리퍼,880000,https://m.bunjang.co.kr/products/255089198
295,아이폰13프로맥스 128GB 블루 배터리 86%,719000,https://m.bunjang.co.kr/products/250914422
296,아이폰 13 프로맥스 시에라블루 128gb,630000,https://m.bunjang.co.kr/products/249211305
297,아이폰13프로맥스 128GB (93%),720000,https://m.bunjang.co.kr/products/250764009
298,아이폰13프로맥스 128GB 블루,700000,https://m.bunjang.co.kr/products/243873078
299,아이폰13프로맥스/128GB/블루/83%/깨끗하고 정상작동,790000,https://m.bunjang.co.kr/products/256993947
300,아이폰13프로맥스128기가,630000,https://m.bunjang.co.kr/products/250153831
301,아이폰13프로맥스.128G,680000,https://m.bunjang.co.kr/products/251555197
302,A2643 아이폰13프로맥스 128/컨디션최상/배터리성능97/무상보증남음,776000,https://m.bunjang.co.kr/products/253443008
303,"A2643 아이폰13프로맥스 128,컨디션최상,배터리성능97,무상보증남음",776000,https://m.bunjang.co.kr/products/253443176
304,아이폰13프로맥스 128G 그래파이트,780000,https://m.bunjang.co.kr/products/249917823
305,(배터리100%)아이폰13프로맥스 128기가 골드,820000,https://m.bunjang.co.kr/products/250986163
306,아이폰 13 pro max 블랙 128GB 새상품 (미사용) 판매합니다,900000,https://m.bunjang.co.kr/products/253411574
307,아이폰13프로맥스 128GB 리퍼폰 우렁이님 안전결제,880000,https://m.bunjang.co.kr/products/250530433
308,아이폰13미니 128g 팔아요,350000,https://m.bunjang.co.kr/products/255758888
309,[S급/배터리87] 아이폰13프로맥스 128G 시에라블루 #액정깨끗,737000,https://m.bunjang.co.kr/products/253420900
310,아이폰13프로맥스/128G/블루/외관A급/컨디션최상/배터리성능98%,703000,https://m.bunjang.co.kr/products/258121440
311,아이폰13 프로맥스 128G(시에나블루),700000,https://m.bunjang.co.kr/products/249007213
312,아이폰 13 프로맥스 128g / 그라파이트 / 배터리 81%,680000,https://m.bunjang.co.kr/products/247607321
313,아이폰13프로맥스 128그라파이트 판매합니다~,780000,https://m.bunjang.co.kr/products/248565345
314,아이폰13프로맥스 128 자급제 ss급,650000,https://m.bunjang.co.kr/products/252766221
315,"A2643 아이폰13프로맥스 128G,배터리성능98%,무상보증남음",703000,https://m.bunjang.co.kr/products/254976647
316,A2643 아이폰13프로맥스 128G/배터리성능98%/무상보증남음,703000,https://m.bunjang.co.kr/products/254976524
317,아이폰13프로맥스 128 그래파이트,700000,https://m.bunjang.co.kr/products/247570806
318,[S급/배터리90] 아이폰13프로맥스 128G 실버 #액정깨끗,632000,https://m.bunjang.co.kr/products/251687284
319,아이폰13프로맥스골드128 팝니다,640000,https://m.bunjang.co.kr/products/248469337
320,아이폰13프로맥스 128기가 스페이스그레이 외관 및 배터리 올수리,830000,https://m.bunjang.co.kr/products/249184363
321,초s급)아이폰13 프로맥스 128 골드 판매합니다 (리퍼 후 미사용),880000,https://m.bunjang.co.kr/products/248690763
322,아이폰13프로맥스 128기가 팝니다 알파인 그린 자급제 (배터리87%),800000,https://m.bunjang.co.kr/products/249461491
323,아이폰13프로맥스 128gb 카메라무음(해외직구),670000,https://m.bunjang.co.kr/products/251107861
324,아이폰13프로맥스128G,680000,https://m.bunjang.co.kr/products/248588755
325,[A급/당일배송]13프로맥스/128/블루/128G/84%/아이폰/69#A,735000,https://m.bunjang.co.kr/products/252216397
326,아이폰13프로맥스 블루 128G 특특AAA급!배터리성능99%무상보증남음!,776000,https://m.bunjang.co.kr/products/253810228
327,아이폰13프로맥스.128G,720000,https://m.bunjang.co.kr/products/247252308
328,아이폰13프로맥스 블루 128G 특특AAA급!배터리성능99%무상보증남음!,776000,https://m.bunjang.co.kr/products/253810096
329,아이폰 13프로맥스 128기가 그래파이트,730000,https://m.bunjang.co.kr/products/250537385
330,아이폰13프로맥스/128G/블루/컨디션상/배터리성능98%/무상보증Ok,703000,https://m.bunjang.co.kr/products/255049576
331,아이폰13프로맥스 에케플O,750000,https://m.bunjang.co.kr/products/249179804
332,아이폰13프로맥스promax 시에라블루 128gb,700000,https://m.bunjang.co.kr/products/251232399
333,아이폰13 프로맥스 128 새 핸드폰 + 애플정품 가족케이스,800000,https://m.bunjang.co.kr/products/245270374
334,아이폰13 프로맥스 그래파이트 128기가 A급 풀구성 판매합니다,760000,https://m.bunjang.co.kr/products/242390741
335,아이폰13프로맥스 128 그린 A급!!!,720000,https://m.bunjang.co.kr/products/248968505
336,아이폰13 프로맥스 그레파이트 128g,820000,https://m.bunjang.co.kr/products/248312812
337,아이폰13프로맥스 알파인그린 128,880000,https://m.bunjang.co.kr/products/243800037
338,"A2643 아이폰13프로맥스 128,새상품급,배터리성능99%,무상보증남음",818000,https://m.bunjang.co.kr/products/247179830
339,A2643 아이폰13프로맥스 128/새상품급/배터리성능99%/무상보증남음,818000,https://m.bunjang.co.kr/products/247179679
340,아이폰13프로맥스 블루 128G 액정뒷판SSS급!!배터리성능95%,745000,https://m.bunjang.co.kr/products/242376707
341,"A2643 아이폰13프로맥스 128G,특특AAAAAA급,배터리성능96%",797000,https://m.bunjang.co.kr/products/240950560
342,배터리90 S급 아이폰13프로맥스 128G 시애라블루 (419),1050000,https://m.bunjang.co.kr/products/235717615
343,A 2643 아이폰13프로맥스 128G/액정 뒷판 무기스/배터리성능95%,745000,https://m.bunjang.co.kr/products/245543863
344,A2643 아이폰13프로맥스 128G/특특AAAAA급/배터리성능96%,797000,https://m.bunjang.co.kr/products/240950414
345,아이폰13프로맥스 블루 128G 특특AA급!배터리성능96%무상보증남음!,797000,https://m.bunjang.co.kr/products/245980941
346,아이폰 13 프로맥스 128기가 시에라블루,850000,https://m.bunjang.co.kr/products/240015969
347,아이폰 시에라블루 13프로맥스 128기가 팝니다(박스 ㅇ),800000,https://m.bunjang.co.kr/products/245239177
348,아이폰13프로맥스 128gb 골드 배터리성능 89퍼 S급 팔아요,700000,https://m.bunjang.co.kr/products/243172117
349,아이폰13프로맥스 블루 128G 특특SSS급!배터리성능99%무상보증남음!,818000,https://m.bunjang.co.kr/products/247179725
350,아이폰13프로맥스 128기가 공기계 팝니다,380000,https://m.bunjang.co.kr/products/241140566
351,풀박스 아이폰13 프로맥스 128GB 시에라블루,700000,https://m.bunjang.co.kr/products/240360702
352,이이폰13프로맥스 128 시에라블루 급처,750000,https://m.bunjang.co.kr/products/240732440
353,파격할인배터리100 아이폰13프로맥스 128G 그래파이트 A급 (697),760000,https://m.bunjang.co.kr/products/245267184
354,파격할인배터리100 아이폰13프로맥스 128G 그래파이트 A급 (697),760000,https://m.bunjang.co.kr/products/245141852
355,아이폰13프로맥스 블루 128G 액정뒷판SS급!배터리성능95%,745000,https://m.bunjang.co.kr/products/242376526
356,아이폰13 프로맥스 128,750000,https://m.bunjang.co.kr/products/242273663
357,배터리100 아이폰13프로맥스 128G 그래파이트 A급 (697),940000,https://m.bunjang.co.kr/products/241469616
358,아이폰13프로맥스 128 시에라블루 (생활기스),680000,https://m.bunjang.co.kr/products/240767951
359,아이폰13프로맥스 블루 128G 특특SSS급!배터리성능99%무상보증남음!,818000,https://m.bunjang.co.kr/products/247179844
360,아이폰13프로맥스 애케플(24.5.9) 128기가,950000,https://m.bunjang.co.kr/products/238566775
361,배터리100 아이폰13프로맥스 128G 그래파이트 A급 (697),940000,https://m.bunjang.co.kr/products/241709981
362,아이폰13프로맥스 128gb 시에라블루,750000,https://m.bunjang.co.kr/products/243363480
363,배터리90 A+급 아이폰13프로맥스 128G 시애라블루 (865),1030000,https://m.bunjang.co.kr/products/241363688
364,배터리90 A+급 아이폰13프로맥스 128G 시애라블루 (865),1030000,https://m.bunjang.co.kr/products/241253702
365,배터리100 아이폰13프로맥스 128G 그래파이트 A급 (697),940000,https://m.bunjang.co.kr/products/240689046
366,배터리90 A+급 아이폰13프로맥스 128G 시애라블루 (865),1030000,https://m.bunjang.co.kr/products/240708774
367,배터리93 A+급 아이폰13프로맥스 128G 골드 (696),1050000,https://m.bunjang.co.kr/products/239704503
368,배터리93 A+급 아이폰13프로맥스 128G 골드 (696),1050000,https://m.bunjang.co.kr/products/239680444
369,배터리100 아이폰13프로맥스 128G 그래파이트 A급 (697),990000,https://m.bunjang.co.kr/products/240391455
370,배터리90 A+급 아이폰13프로맥스 128G 시애라블루 (865),1050000,https://m.bunjang.co.kr/products/240377838
371,배터리93 A+급 아이폰13프로맥스 128G 골드 (696),1050000,https://m.bunjang.co.kr/products/239134229
372,배터리93 A+급 아이폰13프로맥스 128G 골드 (696),1050000,https://m.bunjang.co.kr/products/238894560
373,아이폰13프로맥스 시에라블루 128 단순개봉 미사용(배터리100%),1090000,https://m.bunjang.co.kr/products/244036740
374,배터리94 A+급 아이폰13프로맥스 128G 시애라블루 (695),1050000,https://m.bunjang.co.kr/products/239672011
375,배터리94 A+급 아이폰13프로맥스 128G 시애라블루 (695),1050000,https://m.bunjang.co.kr/products/239668289
376,배터리94 A+급 아이폰13프로맥스 128G 시애라블루 (695),1050000,https://m.bunjang.co.kr/products/239113389
377,배터리94 A+급 아이폰13프로맥스 128G 시애라블루 (695),1050000,https://m.bunjang.co.kr/products/238890156
378,아이폰13 프로 맥스 128gb 시에라블루,930000,https://m.bunjang.co.kr/products/234083884
379,배터리90 S급 아이폰13프로맥스 128G 골드 (594),1050000,https://m.bunjang.co.kr/products/235703707
380,배터리90 S급 아이폰13프로맥스 128G 골드 (594),1050000,https://m.bunjang.co.kr/products/235595336
381,배터리90 S급 아이폰13프로맥스 128G 골드 (594),1050000,https://m.bunjang.co.kr/products/235282054
382,배터리90 S급 아이폰13프로맥스 128G 시애라블루 (419),1050000,https://m.bunjang.co.kr/products/235713061
383,배터리100 아이폰13프로맥스 128G 그래파이트 A급 (031),990000,https://m.bunjang.co.kr/products/235391173
384,배터리90 S급 아이폰13프로맥스 128G 시애라블루 (419),1050000,https://m.bunjang.co.kr/products/234972594
385,배터리90이상 아이폰13프로맥스 128G 시에라블루 A급 (030),1000000,https://m.bunjang.co.kr/products/234866637
386,A+급 아이폰13프로맥스 128G 시애라블루 (420),1100000,https://m.bunjang.co.kr/products/233836721
387,A+급 아이폰13프로맥스 128G 시애라블루 (420),1100000,https://m.bunjang.co.kr/products/233412048
388,배터리100 아이폰13프로맥스 128G 그래파이트 A급 (031),1050000,https://m.bunjang.co.kr/products/230310668
389,아이폰13프로맥스 128G 시애라블루,1000000,https://m.bunjang.co.kr/products/224549268
390,배터리90 A+급 아이폰13프로맥스 128G 골드 (015),1150000,https://m.bunjang.co.kr/products/228440169
391,아이폰13프로맥스 128G 시애라블루 A급 (924),1140000,https://m.bunjang.co.kr/products/226934477
392,아이폰13프로맥스 128G 시애라블루 A급 (924),1140000,https://m.bunjang.co.kr/products/226916776
393,아이폰 13프로맥스 128GB 시에라블루 A급,1340000,https://m.bunjang.co.kr/products/197517478
394,아이폰13 프로맥스 128 그린,1180000,https://m.bunjang.co.kr/products/206043888
395,아이폰13 프로맥스 128G 시에라 블루,1000000,https://m.bunjang.co.kr/products/210989741
396,아이폰13프로맥스 그래파이트 128g 자급제(애케플+정품케이스 등 다수,1200000,https://m.bunjang.co.kr/products/210677640
397,[미개봉] 아이폰 13 Pro max 128GB 골드 팝니다!,1300000,https://m.bunjang.co.kr/products/182596013
398,미개봉 새상품 아이폰13 프로맥스 128GB 실버,1460000,https://m.bunjang.co.kr/products/168470369
