,Title,Price,Link
0,"파손폰매입,아이폰11,12,13프로,프로맥스,깨진부품용폰,xs,x",980000,https://m.bunjang.co.kr/products/159660831
1,아이폰 13프로 맥스 512기가 팝니다.,780000,https://m.bunjang.co.kr/products/246123254
2,"아이폰 13 프로 맥스 시에라 블루 (생활기스 없음, 512KB) 팝니다",800000,https://m.bunjang.co.kr/products/246540718
3,아이폰 13pro max 512기가 싸게 팝니다,820000,https://m.bunjang.co.kr/products/242434146
4,아이폰13 pro max 512기가,1100000,https://m.bunjang.co.kr/products/239685910
5,아이폰13프로맥스128로 s23울트라 512 교환,777777,https://m.bunjang.co.kr/products/244052724
6,프로맥스 아이폰13 512,950000,https://m.bunjang.co.kr/products/258188331
7,아이폰 13 프로 맥스,800000,https://m.bunjang.co.kr/products/239565631
8,아이폰13프로맥스512기가 팝니다 베터리86프로 시에라 정상해지,880000,https://m.bunjang.co.kr/products/258490507
9,아이폰 13 프로 맥스 max 512g,870000,https://m.bunjang.co.kr/products/254156051
10,아이폰13프로맥스 512,300000,https://m.bunjang.co.kr/products/254934036
11,아이폰13프로맥스 512기가 상태 S급,880000,https://m.bunjang.co.kr/products/258070457
12,아이폰 13 프로맥스 512G 그라파이트 iPhone 13 pro max,970000,https://m.bunjang.co.kr/products/230875550
13,아이폰13프로맥스512,1030000,https://m.bunjang.co.kr/products/258285533
14,아이폰13프로 맥스 512g 그린,800000,https://m.bunjang.co.kr/products/257914035
15,아이폰 13 프로맥스 512,780000,https://m.bunjang.co.kr/products/252164398
16,아이폰13 프로맥스 512GB 판매합니다.,800000,https://m.bunjang.co.kr/products/256388280
17,아이폰13 프로맥스 512 팔아요.,850000,https://m.bunjang.co.kr/products/252049723
18,아이폰13 프로맥스 실버 512 (리퍼 미사용),1020000,https://m.bunjang.co.kr/products/248085076
19,아이폰13 pro max 512GB 시에라 블루 에눌가능,902500,https://m.bunjang.co.kr/products/253637680
20,아이폰14프로맥스 딥퍼플 512GB 배터리90%상태좋은 중고130만9천팜,1309000,https://m.bunjang.co.kr/products/257376623
21,아이폰 13 프로맥스 512gb 팝니다.,750000,https://m.bunjang.co.kr/products/242767792
22,아이폰 13프로 맥스 512GB 정품 리퍼폰,1100000,https://m.bunjang.co.kr/products/244810373
23,아이폰 13 프로맥스 512 리퍼 완료 S급,1100000,https://m.bunjang.co.kr/products/243181901
24,아이폰 13 프로맥스 512기가 애케플 O 자급제,1000000,https://m.bunjang.co.kr/products/239248354
25,아이폰13프로맥스512기가 시에나블루a급,880000,https://m.bunjang.co.kr/products/244824493
26,아이폰13프로맥스 512 블루 풀박스,850000,https://m.bunjang.co.kr/products/241303503
27,아이폰13프로맥스 블루색상 512용량 깨끗한단말기 꿀매물 팝니다,850000,https://m.bunjang.co.kr/products/244064706
28,아이폰13프로맥스 시에라블루 512,1000000,https://m.bunjang.co.kr/products/240727646
29,아이폰13프로맥스 512,1000000,https://m.bunjang.co.kr/products/239775577
30,아이폰 13 프로 맥스 512GB 시에라블루 자급제 s급 풀박,990000,https://m.bunjang.co.kr/products/241347158
31,아이폰13 프로맥스 512기가,950000,https://m.bunjang.co.kr/products/239877162
32,아이폰13프로맥스 512 시에라블루,960000,https://m.bunjang.co.kr/products/239693038
33,아이폰13 프로맥스 512기가 시에라블루,950000,https://m.bunjang.co.kr/products/239882075
34,아이폰 130 프로맥스 512GB 팝니다,1050000,https://m.bunjang.co.kr/products/239293990
35,아이폰 13프로맥스 512GB 시에라 블루,1100000,https://m.bunjang.co.kr/products/239336018
36,아이폰13프로맥스512기가 시에라블루,1000000,https://m.bunjang.co.kr/products/239686659
37,13프로맥스 512기가 팝니다,840000,https://m.bunjang.co.kr/products/237531671
38,아이폰 13 promax 골드 512gb 풀박스,1000000,https://m.bunjang.co.kr/products/198748674
39,미사용 아이폰 13 pro max 512gb 시에라블루,1031000,https://m.bunjang.co.kr/products/242466535
40,아이폰13프로맥스512 시에라블루,1050000,https://m.bunjang.co.kr/products/238012319
41,아이폰13프로맥스 블루 512GB 배터리87% 상태좋은 중고101만1천팜,1011000,https://m.bunjang.co.kr/products/240391774
42,<네고가능> 아이폰13프로맥스 512GB sSs급!,1130000,https://m.bunjang.co.kr/products/233791342
43,A+급 아이폰13프로맥스 512G 시애라블루 (222),1120000,https://m.bunjang.co.kr/products/236945056
44,아이폰13 프로맥스 512GB 시에라블루,1000000,https://m.bunjang.co.kr/products/234618457
45,아이폰14프로맥스 블랙 512GB 배터리91% 상태좋은 중고134만9천팜,1349000,https://m.bunjang.co.kr/products/240506711
46,아이폰13프로맥스 512GB 애케플 배터리96% 풀박스,1300000,https://m.bunjang.co.kr/products/220669404
47,아이폰13 프로맥스 512G,1150000,https://m.bunjang.co.kr/products/227091451
48,아이폰13 프로맥스 512(구미중고폰창고),1060000,https://m.bunjang.co.kr/products/230634364
49,아이폰13프로맥스512G,1150000,https://m.bunjang.co.kr/products/227679440
50,아이폰13프로맥스 512,1250000,https://m.bunjang.co.kr/products/223337560
51,아이폰13프로맥스 블루 512GB 배터리95% 상태좋은 중고127만7천팜,1277000,https://m.bunjang.co.kr/products/224591684
52,아이폰13프로 맥스 512,850000,https://m.bunjang.co.kr/products/258827037
53,아이폰 13 프로 맥스 512기가 S급 / 판매 or 교환,850000,https://m.bunjang.co.kr/products/257273086
54,아이폰13 프로 맥스 512 실버 s급,800000,https://m.bunjang.co.kr/products/256265760
55,아이폰 13프로맥스 pro max 512,830000,https://m.bunjang.co.kr/products/255655896
56,아이폰 13 pro max 512 시에라블루,850000,https://m.bunjang.co.kr/products/253218692
57,아이폰 13 pro max 512 풀박스,456321,https://m.bunjang.co.kr/products/257527519
58,아이폰13프로 맥스 512기가,620000,https://m.bunjang.co.kr/products/251258745
59,"아이폰 13프로 맥스 512기가, 84%",850000,https://m.bunjang.co.kr/products/250507552
60,아이폰 13 프로 맥스 512 시에라블루 북미형,900000,https://m.bunjang.co.kr/products/246578261
61,부산 아이폰13 pro max 512 팝니다.,750000,https://m.bunjang.co.kr/products/240355229
62,아이폰 13프로 맥스 실버 512기가,950000,https://m.bunjang.co.kr/products/244426262
63,아이폰13 프로 맥스 (자급제)(512),900000,https://m.bunjang.co.kr/products/249611602
64,아이폰13pro max 512 시에라블루,950000,https://m.bunjang.co.kr/products/232044174
65,아이폰 13 프로 맥스 512 골드,1300000,https://m.bunjang.co.kr/products/205580575
66,아이폰13프로맥스 512기가,780000,https://m.bunjang.co.kr/products/253570901
67,아이폰13프로맥스512,800000,https://m.bunjang.co.kr/products/258822441
68,아이폰13프로맥스 512팝니다(밧데리100),890000,https://m.bunjang.co.kr/products/258488181
69,아이폰13프로맥스 512 기스X,900000,https://m.bunjang.co.kr/products/251228258
70,아이폰13프로맥스 512,800000,https://m.bunjang.co.kr/products/256250511
71,"(S급) 아이폰13 프로맥스 512기가, 박스(충전케이블) 포함",900000,https://m.bunjang.co.kr/products/254655053
72,아이폰프로맥스13 512기가 화이트,850000,https://m.bunjang.co.kr/products/256162195
73,(개인)아이폰 13프로맥스 512,700000,https://m.bunjang.co.kr/products/252932513
74,아이폰 13 프로맥스 512G 팝니다,830000,https://m.bunjang.co.kr/products/253316093
75,아이폰13프로맥스 512기가 신품급 홍콩판 팝니다,950000,https://m.bunjang.co.kr/products/254804429
76,아이폰 13 프로맥스 512,830000,https://m.bunjang.co.kr/products/250680584
77,아이폰 13 프로맥스 512기가 그라파이트 자급제 판매합니다,850000,https://m.bunjang.co.kr/products/255689992
78,아이폰13프로맥스 512GB 시에라블루,850000,https://m.bunjang.co.kr/products/254228577
79,아이폰13프로맥스 512G 실버 S급!,890000,https://m.bunjang.co.kr/products/253455208
80,아이폰13프로맥스 512G 실버 S급!,890000,https://m.bunjang.co.kr/products/251044571
81,아이폰13프로맥스 512 화이트 풀박과 새제품 정품 충전기 팝니다,850000,https://m.bunjang.co.kr/products/253880421
82,아이폰13프로맥스 스그 512 애케플,800000,https://m.bunjang.co.kr/products/251523237
83,아이폰 13 프로맥스 512 팝니다,850000,https://m.bunjang.co.kr/products/247557185
84,급처) 아이폰13 프로맥스 512 실버,600000,https://m.bunjang.co.kr/products/250502819
85,아이폰 13 프로맥스 시에라시에라블루 - 512GB / 상태: SSS급,850000,https://m.bunjang.co.kr/products/252724627
86,아이폰13프로맥스512기가 팝니다,770000,https://m.bunjang.co.kr/products/244042243
87,아이폰 13프로맥스 512 리퍼,900000,https://m.bunjang.co.kr/products/249481185
88,아이폰13프로맥스512&아이패드6세대,1050000,https://m.bunjang.co.kr/products/253571627
89,#할인가능 아이폰11프로맥스 512GB 블랙 / 0131,390000,https://m.bunjang.co.kr/products/251748524
90,#할인가능 아이폰11프로맥스 512GB 블랙 / 0131,390000,https://m.bunjang.co.kr/products/251745935
91,#할인가능 아이폰11프로맥스 512GB 블랙 / 0131,390000,https://m.bunjang.co.kr/products/251744675
92,아이폰13프로맥스 512 배터리100,850000,https://m.bunjang.co.kr/products/249536578
93,S급 아이폰13 프로맥스 512 수리이력X 베터리95 투알택케이스,900000,https://m.bunjang.co.kr/products/250749854
94,아이폼 13 프로맥스 512GB 판매합니다.,810000,https://m.bunjang.co.kr/products/253973001
95,아이폰13프로맥스 실버 512G,800000,https://m.bunjang.co.kr/products/248082446
96,아이폰13프로맥스 512GB 새거급 배터리성능100% 팝니다.,930000,https://m.bunjang.co.kr/products/251732108
97,"아이폰 13 프로맥스 512G, 애플 정품 투명 케이스 포함",900000,https://m.bunjang.co.kr/products/251204126
98,아이폰 13 프로맥스 512g 골드 판매합니다,750000,https://m.bunjang.co.kr/products/247970631
99,아이폰13 프로맥스 시에라블루 512 + 정품배터리팩 판매합니다,780000,https://m.bunjang.co.kr/products/240583968
100,아이폰13프로맥스512GB 블루 배터리95%,800000,https://m.bunjang.co.kr/products/249729166
101,아이폰13프로맥스 512GB 팝니다.,850000,https://m.bunjang.co.kr/products/246938069
102,아이폰 13프로맥스 512 듀얼심 (홍콩판. 카메라 무음),930000,https://m.bunjang.co.kr/products/242433715
103,아이폰13프로맥스 512 골드팝니다,650000,https://m.bunjang.co.kr/products/250615265
104,A+급 아이폰13프로맥스 512G 시애라블루 (222),900000,https://m.bunjang.co.kr/products/247643361
105,[바디S급/해외판]아이폰13프로맥스 512G 그래파이터 카메라무음,700000,https://m.bunjang.co.kr/products/249078906
106,가격내림)아이폰13 프로맥스512 화이트 배터리91% 처분해요,890000,https://m.bunjang.co.kr/products/245131311
107,아이폰13 프로맥스 512G 시에라블루 카메라소음 없고 유심2개 사용가능,1000000,https://m.bunjang.co.kr/products/239700801
108,A+급 아이폰13프로맥스 512G 시애라블루 (222),1100000,https://m.bunjang.co.kr/products/241246454
109,아이폰 13프로맥스 512기가 배터리 87프로이구요 수리내역없어요,800000,https://m.bunjang.co.kr/products/245501855
110,아이폰13프로맥스 512,1170000,https://m.bunjang.co.kr/products/213628247
111,단말자급제용 미개봉 새상품 아이폰13 프로맥스 512GB 그레파이트,1800000,https://m.bunjang.co.kr/products/175009013
112,미개봉 새상품 아이폰13 프로맥스 512GB 블루,1850000,https://m.bunjang.co.kr/products/168173887
