,Title,Price,Link
0,아이폰13프로 128기가,685000,https://m.bunjang.co.kr/products/258987276
1,아이폰 13 프로 128 실버 (화이트),600000,https://m.bunjang.co.kr/products/258887071
2,아이폰13프로 알파인 그린 128기가팝니당,630000,https://m.bunjang.co.kr/products/258015435
3,아이폰13프로 128,500000,https://m.bunjang.co.kr/products/258916729
4,아이폰13프로 128기가,680000,https://m.bunjang.co.kr/products/258960017
5,아이폰 13프로 시에라블루 128기가,600000,https://m.bunjang.co.kr/products/258886858
6,아이폰13프로 알파인그린 128기가,830000,https://m.bunjang.co.kr/products/258907398
7,아이폰 13프로 시에라 블루 128기가 S급 팝니다,540000,https://m.bunjang.co.kr/products/258967142
8,아이폰13프로 128 화이트,600000,https://m.bunjang.co.kr/products/258831863
9,아이폰13프로 128기가,610000,https://m.bunjang.co.kr/products/257880912
10,아이폰 13프로 그래파이트 128기가 배터리 성능 100%,960000,https://m.bunjang.co.kr/products/231010443
11,아이폰 13프로 실버 128기가,450000,https://m.bunjang.co.kr/products/258926713
12,아이폰 13프로 128기가 화이트,485000,https://m.bunjang.co.kr/products/258904843
13,대구 아이폰13프로맥스128 베터리85프로 풀박스팝니다,800000,https://m.bunjang.co.kr/products/258826146
14,아이폰 13프로 128기가,650000,https://m.bunjang.co.kr/products/258651950
15,아이폰13프로 128기가 그린,670000,https://m.bunjang.co.kr/products/256445366
16,아이폰 13 프로 128 골드 풀박스,600000,https://m.bunjang.co.kr/products/258668215
17,아이폰13프로 128기가 그래파이트 판매,600000,https://m.bunjang.co.kr/products/240063992
18,아이폰13프로 128기가256기가 무잔상 무찍힘 상태최상 ^^,660000,https://m.bunjang.co.kr/products/257992306
19,아이폰13프로 pro 128기가 팝니다,600000,https://m.bunjang.co.kr/products/258884115
20,아이폰 13pro 시에라블루 128,650000,https://m.bunjang.co.kr/products/258769920
21,아이폰13프로 시에라블루 S급 128기가,640000,https://m.bunjang.co.kr/products/257707542
22,아이폰 13 프로 맥스 128기가 시에라블루,650000,https://m.bunjang.co.kr/products/258053527
23,아이폰13프로 128기가 블루 공기계,630000,https://m.bunjang.co.kr/products/258562242
24,아이폰13프로 그린 SS급 풀박스 128기가,650000,https://m.bunjang.co.kr/products/258615706
25,아이폰13프로 128기가256기가 무잔상 무찍힘 상태최상 ^^,660000,https://m.bunjang.co.kr/products/257992030
26,아이폰13미니 화이트 128기가 배터리90프로 무료배송*인생폰*,488000,https://m.bunjang.co.kr/products/255967094
27,아이폰13 프로 pro 그래파이트 블랙 128 배터리 86%,670000,https://m.bunjang.co.kr/products/239347651
28,아이폰13프로 128,590000,https://m.bunjang.co.kr/products/257925035
29,아이폰13프로 시에라블루128,600000,https://m.bunjang.co.kr/products/258657009
30,아이폰13프로128기가 시에라블루,700000,https://m.bunjang.co.kr/products/256056911
31,아이폰13프로 128기가256기가 무잔상 무찍힘 상태최상 ^^,660000,https://m.bunjang.co.kr/products/257992614
32,아이폰 13프로 128기가,620000,https://m.bunjang.co.kr/products/256872686
33,아이폰 13 프로 128기가 시에라블루,650000,https://m.bunjang.co.kr/products/258616573
34,아이폰13프로 128기가 실버 배터리87 상태S,600000,https://m.bunjang.co.kr/products/258233779
35,아이폰 13프로 시에라 블루 128,650000,https://m.bunjang.co.kr/products/258456716
36,아이폰13프로 맥스 128기가,850000,https://m.bunjang.co.kr/products/238851750
37,아이폰 13프로 128기가,680000,https://m.bunjang.co.kr/products/258022378
38,아이폰 13프로 128기가,570000,https://m.bunjang.co.kr/products/257657299
39,13프로 128기가 블랙 상태 굿 판매합니다,630000,https://m.bunjang.co.kr/products/258286967
40,아이폰 13pro 128기가 스페이스그레이,350000,https://m.bunjang.co.kr/products/242219374
41,아이폰 13프로 128,600000,https://m.bunjang.co.kr/products/258235829
42,아이폰13pro 128 그래파이트 판매,650000,https://m.bunjang.co.kr/products/258259561
43,아이폰 13 프로 128기가 그래파이트 팝니다!,690000,https://m.bunjang.co.kr/products/258312395
44,아이폰 13pro 128,650000,https://m.bunjang.co.kr/products/258173748
45,아이폰13프로 128,650000,https://m.bunjang.co.kr/products/258030612
46,집중!!!!아이폰13프로 128 배터리성능85% 하자없어용@@@,670000,https://m.bunjang.co.kr/products/258199001
47,아이폰 13 pro max 128,750000,https://m.bunjang.co.kr/products/257842275
48,아이폰13프로 128기가 S급,680000,https://m.bunjang.co.kr/products/258056366
49,아이폰 13프로 화이트 128기가,730000,https://m.bunjang.co.kr/products/257505665
50,아이폰 13프로pro 128기가 골드 판매,570000,https://m.bunjang.co.kr/products/257072195
51,아이폰 13pro 128기가,700000,https://m.bunjang.co.kr/products/257561867
52,아이폰 13프로(128)싸게팝니다.그래파이트84%,680000,https://m.bunjang.co.kr/products/258093278
53,아이폰 13프로 128,600000,https://m.bunjang.co.kr/products/251529288
54,아이폰 13 pro 시에라블루 128기가 풀백,630000,https://m.bunjang.co.kr/products/257897379
55,애플 13프로 128 기가 팝니다,550000,https://m.bunjang.co.kr/products/251559381
56,아이폰 13 128기가 애플( ㅅㅊㅇ 15 14 프로,460000,https://m.bunjang.co.kr/products/253723432
57,"아이폰 13 pro 128 , 시에라블루 S급",800000,https://m.bunjang.co.kr/products/248665640
58,"아이폰13프로 128기가 배터리87% 생활기스,케이스 항상착용",600000,https://m.bunjang.co.kr/products/258000609
59,아이폰 13pro 그라파이트 128,650000,https://m.bunjang.co.kr/products/255671591
60,아이폰13프로128기가 급처분,580000,https://m.bunjang.co.kr/products/256598202
61,아이폰13프로 128기가,600000,https://m.bunjang.co.kr/products/255951709
62,아이폰13 프로맥스 128기가 -> 14프로 이상으로 교환원합니다.,800000,https://m.bunjang.co.kr/products/257527509
63,아이폰13pro 128기가,750000,https://m.bunjang.co.kr/products/255551286
64,아이폰 13프로 128기가 배터리성능 85 추금거래,650000,https://m.bunjang.co.kr/products/256734835
65,아이폰13프로 128이가,590000,https://m.bunjang.co.kr/products/255732668
66,아이폰13프로 128기가 시에라블루색상팝니다,560000,https://m.bunjang.co.kr/products/255958424
67,13pro 골드 128기가,650000,https://m.bunjang.co.kr/products/244346329
68,아이폰 13 프로 128,1010000,https://m.bunjang.co.kr/products/255022264
69,아이폰13프로 128,565000,https://m.bunjang.co.kr/products/254989546
70,아이폰 13프로 128 시에라블루 리퍼 후 판매합니다.,800000,https://m.bunjang.co.kr/products/256325508
71,아이폰 13프로 128 판매합니다,520000,https://m.bunjang.co.kr/products/255401845
72,아이폰13프로128,550000,https://m.bunjang.co.kr/products/252477660
73,아이폰 13 프로 시에라 블루 128,540000,https://m.bunjang.co.kr/products/255013528
74,아이폰13프로 시에라블루 128기가,570000,https://m.bunjang.co.kr/products/255199556
75,아이폰13프로 128기가,600000,https://m.bunjang.co.kr/products/254483915
76,아이폰 13프로 128기가 자급제,700000,https://m.bunjang.co.kr/products/254522972
77,A급 13미니 블랙 128용량 88프로 판매,460000,https://m.bunjang.co.kr/products/254364492
78,아이폰 13프로 128기가 실버(화이트),610000,https://m.bunjang.co.kr/products/254296168
79,아이폰13 128기가 배터리 100프로,700000,https://m.bunjang.co.kr/products/241448462
80,최저가 아이폰13미니 블랙 a급128기가 배터리 86프로 케이스증정,470000,https://m.bunjang.co.kr/products/232928277
81,아이폰 13프로 128기가,750000,https://m.bunjang.co.kr/products/253067645
82,아이폰13프로 128기가 S급,660000,https://m.bunjang.co.kr/products/252251678
83,아이폰 13프로 13pro 128기가 그래파이트 판매해용,700000,https://m.bunjang.co.kr/products/252520757
84,아이폰 13프로 128,590000,https://m.bunjang.co.kr/products/252596965
85,아이폰 13프로 128기가 풀박 판매합니다 (A급),650000,https://m.bunjang.co.kr/products/253475586
86,아이폰13pro 128기가,500000,https://m.bunjang.co.kr/products/252450273
87,아이폰13프로 128기가 시에라블루,440000,https://m.bunjang.co.kr/products/252299821
88,아이폰 13프로 시에라블루 128기가,550000,https://m.bunjang.co.kr/products/252239599
89,아이폰 13프로 128기가 애플케어 있음,700000,https://m.bunjang.co.kr/products/251855717
90,아이폰13pro 128 화이트팔아요,650000,https://m.bunjang.co.kr/products/250295002
91,아이폰13 프로 골드 128,500000,https://m.bunjang.co.kr/products/220920343
92,아이폰13프로 128 그린 s급판매합니다!,600000,https://m.bunjang.co.kr/products/257496818
93,아이폰 13 프로 128기가 무음카메라,650000,https://m.bunjang.co.kr/products/251296284
94,아이폰13promax (128),750000,https://m.bunjang.co.kr/products/252194965
95,아이폰13 프로 시에라블루 128기가,569999,https://m.bunjang.co.kr/products/247696008
96,아이폰13프로 128 시에라블루,660000,https://m.bunjang.co.kr/products/249394156
97,아이폰13프로 128기가,622500,https://m.bunjang.co.kr/products/249922500
98,13프로 128기가 시에라블루 팝니다,630000,https://m.bunjang.co.kr/products/250747660
99,아이폰13프로 128기가 ss급블랙(그래파이트),700000,https://m.bunjang.co.kr/products/251298287
100,아이폰 13프로 128기가 판매합니다,580000,https://m.bunjang.co.kr/products/251011183
101,아이폰13프로 시에라블루 128기가 판매,550000,https://m.bunjang.co.kr/products/250628850
102,아이폰 13 프로 128 + 케이스타이파이 케이스 2종,860000,https://m.bunjang.co.kr/products/250632997
103,아이폰13프로 128기가,600000,https://m.bunjang.co.kr/products/254776612
104,아이폰 13 프로 128기가 시에라블루 팝니다,630000,https://m.bunjang.co.kr/products/249745468
105,아이폰 13프로 128 블랙 배터리 성능 90%,650000,https://m.bunjang.co.kr/products/249250145
106,아이폰 13프로 128기가,700000,https://m.bunjang.co.kr/products/249137833
107,아이폰 13프로 128기가,680000,https://m.bunjang.co.kr/products/248815130
108,아이폰13프로 128기가 골드,450000,https://m.bunjang.co.kr/products/254312211
109,13pro max 128 자급제 풀박,750000,https://m.bunjang.co.kr/products/248837333
110,아이폰 13 pro 시에라블루 128기가,550000,https://m.bunjang.co.kr/products/248912873
111,아이폰 프로 13 128기가 그래파이트 판매,630000,https://m.bunjang.co.kr/products/241311291
112,아이폰13프로 128 배터리100 뒷판깨짐 팝니다,500000,https://m.bunjang.co.kr/products/249579518
113,아이폰 13 pro 시에라 블루 128,680000,https://m.bunjang.co.kr/products/241306372
114,아이폰 13프로 128,650000,https://m.bunjang.co.kr/products/252611539
115,아이폰 13프로 128기가 판매 합니다 네고 가능!,500000,https://m.bunjang.co.kr/products/248808215
116,아이폰13프로 128(직거래),700000,https://m.bunjang.co.kr/products/240370979
117,아이폰 화이트 13프로 128기가 판매해요,650000,https://m.bunjang.co.kr/products/248447298
118,아이폰13프로 시에라블루 128 급처,620000,https://m.bunjang.co.kr/products/248194122
119,아이폰13프로 128기가,650000,https://m.bunjang.co.kr/products/247581132
120,(배터리 98/내부액정 파손) 아이폰 13프로 128기가,450000,https://m.bunjang.co.kr/products/247484905
121,아이폰 13 프로 128기가 그래파이트 상태S급,650000,https://m.bunjang.co.kr/products/247935539
122,아이폰13프로 128기가 골드,620000,https://m.bunjang.co.kr/products/247472284
123,아이폰 13프로 그래파이트 128 (애케플->미사용) 풀박스,800000,https://m.bunjang.co.kr/products/232774033
124,아이폰 13프로 128기가,590000,https://m.bunjang.co.kr/products/251970568
125,아이폰13프로 128 블루 팝니다,550000,https://m.bunjang.co.kr/products/246906534
126,아이폰 13pro 128기가,670000,https://m.bunjang.co.kr/products/246480575
127,아이폰13 프로 실버 128기가,630000,https://m.bunjang.co.kr/products/242341383
128,아이폰13프로 128,630000,https://m.bunjang.co.kr/products/241687698
129,아이폰13 프로 128,770000,https://m.bunjang.co.kr/products/239933130
130,아이폰 13 프로 128기가 화이트,660000,https://m.bunjang.co.kr/products/246179105
131,아이폰13pro 128기가,580000,https://m.bunjang.co.kr/products/246171140
132,아이폰13프로 128,600000,https://m.bunjang.co.kr/products/246046048
133,아이폰13프로 128 그파,350000,https://m.bunjang.co.kr/products/214497807
134,(급매)2015년 맥북프로 13형 128기가 팝니다,250000,https://m.bunjang.co.kr/products/236206689
135,아이폰 13프로 128기가 스카이블루,600000,https://m.bunjang.co.kr/products/244531251
136,아이폰 13프로 128기가 그라파이트,600000,https://m.bunjang.co.kr/products/245701122
137,아이폰 13프로 그래파이트 128기가,680000,https://m.bunjang.co.kr/products/240344891
138,아이폰13프로 128기가,650000,https://m.bunjang.co.kr/products/245350465
139,아이폰13프로 128기가,660000,https://m.bunjang.co.kr/products/244737108
140,아이폰 13 프로 128 그래파이트,630000,https://m.bunjang.co.kr/products/244802364
141,아이폰13프로 128 배터리성능 87,600000,https://m.bunjang.co.kr/products/243130101
142,아이폰13프로128기가,700000,https://m.bunjang.co.kr/products/242824372
143,아이폰13프로 128,680000,https://m.bunjang.co.kr/products/244005060
144,아이폰 13 pro 128기가 그래파이트,700000,https://m.bunjang.co.kr/products/244779443
145,아이폰 13프로 128기가,700000,https://m.bunjang.co.kr/products/244417188
146,아이폰 13프로 128,600000,https://m.bunjang.co.kr/products/244128733
147,아이폰 13프로 128기가 스페이스그레이,600000,https://m.bunjang.co.kr/products/244751308
148,아이폰13프로 128기가 애플케어 팝니다,798000,https://m.bunjang.co.kr/products/244710948
149,아이폰 13프로 화이트 128기가 상태 S급,610000,https://m.bunjang.co.kr/products/244657676
150,"아이폰13프로 시에라 블루 128(후면리퍼,배터리100) 구성품x",690000,https://m.bunjang.co.kr/products/244775002
151,아이폰 13프로 128기가 시에라블루,650000,https://m.bunjang.co.kr/products/243020192
152,[A급]아이폰13프로 128기가 시에라블루,650000,https://m.bunjang.co.kr/products/244318363
153,아이폰 13pro 128 스페이스블랙,500000,https://m.bunjang.co.kr/products/243863204
154,아이폰 13 프로 실버 128 새상품,900000,https://m.bunjang.co.kr/products/243602007
155,아이폰 13프로 실버 128,650000,https://m.bunjang.co.kr/products/243444080
156,아이폰13프로 시에라블루 128리퍼,700000,https://m.bunjang.co.kr/products/243387595
157,아이폰13프로 128 판매합니다,610000,https://m.bunjang.co.kr/products/241893145
158,아이폰13프로 128기가 시에라블루,650000,https://m.bunjang.co.kr/products/243771488
159,아이폰 13PRO 128 판매합니다,610000,https://m.bunjang.co.kr/products/241893060
160,아이폰 13프로 -128,600000,https://m.bunjang.co.kr/products/243128717
161,아이폰 13프로 128 시에라 블루,620000,https://m.bunjang.co.kr/products/240220376
162,아이폰13프로 시에라블루 128기가 미국판 카메라,680000,https://m.bunjang.co.kr/products/240334516
163,아이폰13프로 시에라블루 128,780000,https://m.bunjang.co.kr/products/243447042
164,아이폰13프로 128,640000,https://m.bunjang.co.kr/products/242941344
165,아이폰 13pro / 128기가,700000,https://m.bunjang.co.kr/products/242631474
166,아이폰 13프로 128,860000,https://m.bunjang.co.kr/products/242637950
167,아이폰13프로 128기가 블루,650000,https://m.bunjang.co.kr/products/240722801
168,아이폰 13프로 128기가,660000,https://m.bunjang.co.kr/products/241043526
169,아이폰13프로 128기가,670000,https://m.bunjang.co.kr/products/242401496
170,아이폰 13프로 128기가 그래파이트,520000,https://m.bunjang.co.kr/products/239853159
171,아이폰13프로 128 시에라블루 애케플+케이스 필름,850000,https://m.bunjang.co.kr/products/243444207
172,아이폰 13 프로 실버 128기가,590000,https://m.bunjang.co.kr/products/240440594
173,아이폰13프로 128 풀박스 + 애플케어(24년1월) 판매합니다!!,700000,https://m.bunjang.co.kr/products/243963542
174,아이폰13프로 128,650000,https://m.bunjang.co.kr/products/242018948
175,아이폰 13프로 알파인그린 128기가 판매,680000,https://m.bunjang.co.kr/products/242442947
176,아이폰13프로 128기가 (실버화이트),580000,https://m.bunjang.co.kr/products/242578212
177,아이폰13프로 128기가 골드 팔아요,750000,https://m.bunjang.co.kr/products/240029382
178,아이폰 13프로 128기가,650000,https://m.bunjang.co.kr/products/241881463
179,아이폰13프로 시에라블루 128기가(미세파손으로 싸게팔아요),630000,https://m.bunjang.co.kr/products/243649297
180,아이폰13PRO 128 판매합니다,670000,https://m.bunjang.co.kr/products/241892891
181,아이폰 13 프로 128기가 그래파이트,650000,https://m.bunjang.co.kr/products/241582726
182,아이폰 13 프로 128기가,600000,https://m.bunjang.co.kr/products/246289280
183,아이폰13pro 128(블루),550000,https://m.bunjang.co.kr/products/241292072
184,아이폰 13 pro 128기가 시에라 블루,700000,https://m.bunjang.co.kr/products/241679299
185,아이폰 13pro 시에라블루 128기가 s급팝니다!,700000,https://m.bunjang.co.kr/products/241712096
186,아이폰13PRO128 골드,670000,https://m.bunjang.co.kr/products/241137972
187,아이폰 13프로 시에라블루 128기가,500000,https://m.bunjang.co.kr/products/241481464
188,아이폰13프로 128 그라파이트,675000,https://m.bunjang.co.kr/products/241031447
189,[새상품] 아이폰13 Pro 128 시에라블루,900000,https://m.bunjang.co.kr/products/241238577
190,아이폰13프로 128기가 골드,560000,https://m.bunjang.co.kr/products/241166351
191,아이폰 13프로 128기가,700000,https://m.bunjang.co.kr/products/240236331
192,아이폰13프로 128,650000,https://m.bunjang.co.kr/products/240693495
193,아이폰 13프로 128,680000,https://m.bunjang.co.kr/products/238685365
194,아이폰13프로 시에라블루 128 팝니다,600000,https://m.bunjang.co.kr/products/240902353
195,아이폰 13 pro 골드 128기가 배터리 90이상 풀박스(가격제안가능),500000,https://m.bunjang.co.kr/products/242343985
196,아이폰13프로 128 시에라블루,650000,https://m.bunjang.co.kr/products/240942391
197,아이폰13프로 128기가 골드 팝니다,550000,https://m.bunjang.co.kr/products/240663884
198,아이폰13pro 시에라블루 128 판매합니다,700000,https://m.bunjang.co.kr/products/241199849
199,아이폰13프로 128 시에라블루,800000,https://m.bunjang.co.kr/products/239723059
200,아이폰13프로 128,600000,https://m.bunjang.co.kr/products/240351644
201,S급) 아이폰13프로 128기가,650000,https://m.bunjang.co.kr/products/240732920
202,아이폰13프로 128기가 팝니다,640000,https://m.bunjang.co.kr/products/216279185
203,아이폰 13프로128기가,650000,https://m.bunjang.co.kr/products/240029607
204,아이폰13pro 골드 128기가,650000,https://m.bunjang.co.kr/products/240516897
205,애플 아이폰 13프로 골드 128기가,680000,https://m.bunjang.co.kr/products/239669444
206,아이폰13pro max 128기가 시에라블루,650000,https://m.bunjang.co.kr/products/240814022
207,아이폰 13pro / 128 / 케이스 / 보조배터리 / 풀박스 구성,750000,https://m.bunjang.co.kr/products/241014748
208,아이폰13프로 그라파이트 128 A급,650000,https://m.bunjang.co.kr/products/240273216
209,아이폰13프로 시에라블루 128기기 팝니다,680000,https://m.bunjang.co.kr/products/240750795
210,아이폰 13프로 실버 128기가,800000,https://m.bunjang.co.kr/products/239116039
211,아이폰13프로 128,650000,https://m.bunjang.co.kr/products/239869962
212,아이폰 13프로 판매!! 급처!! 128기가 배터리 87,650000,https://m.bunjang.co.kr/products/240995454
213,아이폰13프로 128,720000,https://m.bunjang.co.kr/products/239823317
214,아이폰 13프로 128기가 그래파이트,500000,https://m.bunjang.co.kr/products/239811914
215,아이폰13프로 128기가 시에라블루,700000,https://m.bunjang.co.kr/products/240329705
216,아이폰 13 pro 128 그라파이트 S급,800000,https://m.bunjang.co.kr/products/239318351
217,아이폰13프로 128,650000,https://m.bunjang.co.kr/products/239681067
218,아이폰 13pro 128 시에라블루,850000,https://m.bunjang.co.kr/products/238419042
219,아이폰 13프로 128기가,690000,https://m.bunjang.co.kr/products/238958559
220,"아이폰13프로 128 팝니다, 배터리효율(86) 눈물의 급쳐",620000,https://m.bunjang.co.kr/products/241130434
221,아이폰13pro 128 팝니다!,660000,https://m.bunjang.co.kr/products/239655516
222,아이폰13프로 128기가,800000,https://m.bunjang.co.kr/products/239646286
223,아이폰13프로 그래파이트 128기가,700000,https://m.bunjang.co.kr/products/239685379
224,아이폰 13pro 128기가,600000,https://m.bunjang.co.kr/products/239231645
225,아이폰 13프로 128기가,730000,https://m.bunjang.co.kr/products/239598984
226,아이폰 13프로 128기가 시에라블루,620000,https://m.bunjang.co.kr/products/239694004
227,아이폰13프로 128,840000,https://m.bunjang.co.kr/products/239224176
228,아이폰13 pro 128기가,800000,https://m.bunjang.co.kr/products/239413402
229,아이폰13pro골드 128,760000,https://m.bunjang.co.kr/products/239338890
230,아이폰 13 pro 128기가 화이트 팝니다,720000,https://m.bunjang.co.kr/products/238289950
231,아이폰13프로128,650000,https://m.bunjang.co.kr/products/244242656
232,아이폰13프로128기가,750000,https://m.bunjang.co.kr/products/239113851
233,아이폰 13프로 128기가 시에라 블루,730000,https://m.bunjang.co.kr/products/239695930
234,아이폰 13프로 128 실버,810000,https://m.bunjang.co.kr/products/239266053
235,아이폰 13 pro Max 128기가 실버,910000,https://m.bunjang.co.kr/products/239584423
236,아이폰13PRO 128기가 시에라블루 판매합니다.,700000,https://m.bunjang.co.kr/products/240230407
237,아이폰 13 프로 128 실버,700000,https://m.bunjang.co.kr/products/239208702
238,아이폰 13프로 128 (리퍼),850000,https://m.bunjang.co.kr/products/239184690
239,아이폰 13프로 128기가,850000,https://m.bunjang.co.kr/products/239169337
240,아이폰 13프로 시에라블루 128기가,710000,https://m.bunjang.co.kr/products/239502678
241,아이폰13프로 실버 128기가 풀박스,640000,https://m.bunjang.co.kr/products/239168826
242,아이폰13프로 128기가 시에라블루,800000,https://m.bunjang.co.kr/products/239475078
243,아이폰 13 pro 128 시에라블루 팝니다.,880000,https://m.bunjang.co.kr/products/239398769
244,아이폰13프로128기가 시에라블루 팔아요,650000,https://m.bunjang.co.kr/products/239546534
245,"아이폰 13미니 128기가 , 미드나이트 , 배터리효율 96프로",610000,https://m.bunjang.co.kr/products/240018202
246,아이폰13프로 128기가 그래파이트 풀박스,780000,https://m.bunjang.co.kr/products/239237880
247,아이폰13프로 128기가 시에라블루,750000,https://m.bunjang.co.kr/products/238987046
248,아이폰13pro128시에라블루 판매합니다 :),700000,https://m.bunjang.co.kr/products/239727370
249,아이폰 13 프로 128,800000,https://m.bunjang.co.kr/products/238681926
250,아이폰13 프로 128기가 (블루/골드) 2대,680000,https://m.bunjang.co.kr/products/239745752
251,아이폰 13프로 128기가 팝니다,830000,https://m.bunjang.co.kr/products/239076988
252,아이폰13프로 128기가 그래파이트 상태s급 풀박스,770000,https://m.bunjang.co.kr/products/239391968
253,아이폰13프로맥스 128기가 86프로 팔아요,900000,https://m.bunjang.co.kr/products/237743357
254,아이폰 13프로 128기가 그래파이트 s급 판매합니다!,850000,https://m.bunjang.co.kr/products/239613807
255,아이폰 13 핑크 256/ 아이폰12프로 128 팔아요,650000,https://m.bunjang.co.kr/products/239380347
256,아이폰13프로 128기가 실버색상 상태좋아요,690000,https://m.bunjang.co.kr/products/238951635
257,S급 아이폰13프로 시에라블루 128기가,770000,https://m.bunjang.co.kr/products/239128232
258,아이폰 13프로 128기가,750000,https://m.bunjang.co.kr/products/238398477
259,아이폰13미니 128기가 블랙 베터리90프로 풀박스 팔아요,550000,https://m.bunjang.co.kr/products/239819726
260,아이폰 13프로 128 시에라블루,750000,https://m.bunjang.co.kr/products/238345949
261,풀박스 아이폰13pro 128기가 자급제 상태s급!,850000,https://m.bunjang.co.kr/products/238993726
262,아이폰13프로 시에라블루 128기가 S급,790000,https://m.bunjang.co.kr/products/238750093
263,아이폰 13프로 128기가 판매합니다 배터리 86퍼,600000,https://m.bunjang.co.kr/products/241853873
264,아이폰 13 프로 128 스페이스 그레이,800000,https://m.bunjang.co.kr/products/238346015
265,아이폰13pro max 스페이스 그레이 128기가 판매합니다,850000,https://m.bunjang.co.kr/products/239233428
266,아이폰 13프로 128 골드 s급 판매,645000,https://m.bunjang.co.kr/products/243416081
267,아이폰13프로 화이트 128,750000,https://m.bunjang.co.kr/products/237873025
268,아이폰13프로 128기가 거의 새상품,830000,https://m.bunjang.co.kr/products/238297468
269,아이폰 13pro 128기가 그래파이트,820000,https://m.bunjang.co.kr/products/237788403
270,아이폰 13 프로맥스 95% 실버 풀박스 애플 promax 128 12,925000,https://m.bunjang.co.kr/products/238605763
271,아이폰 13 pro 128기가 골드,800000,https://m.bunjang.co.kr/products/237303596
272,아이폰13프로 128기가 블랙 공기계,620000,https://m.bunjang.co.kr/products/237064007
273,아이폰 13프로 128 골드 애케플 팝니다,900000,https://m.bunjang.co.kr/products/237261287
274,아이폰13프로 시에라블루 128,880000,https://m.bunjang.co.kr/products/236644616
275,아이폰 13프로 실버(128기가),800000,https://m.bunjang.co.kr/products/236907946
276,아이폰13프로 128 시에라블루 자급제,800000,https://m.bunjang.co.kr/products/236447915
277,아이폰13프로128,820000,https://m.bunjang.co.kr/products/236038256
278,아이폰13프로 블랙 128기가 s급 공기계,700000,https://m.bunjang.co.kr/products/236928506
279,아이폰 13 프로 128 시블,600000,https://m.bunjang.co.kr/products/239845251
280,"아이폰13프로 실버 128 자급제 액정교체,카메라교체",780000,https://m.bunjang.co.kr/products/236635021
281,아이폰 13프로 128 그래파이트,700000,https://m.bunjang.co.kr/products/240476504
282,아이폰13프로128기가 시에라블루,630000,https://m.bunjang.co.kr/products/239302303
283,아이폰 13 프로 그라파이트 128 기가 풀박,830000,https://m.bunjang.co.kr/products/232619466
284,아이폰13프로 128G 그래파이트 풀새트,770000,https://m.bunjang.co.kr/products/239248281
285,아이폰13프로 128기가 스페이스그레이 판매합니다!,650000,https://m.bunjang.co.kr/products/241175843
286,아이폰13프로 128기가 #AAA급,850000,https://m.bunjang.co.kr/products/215711526
287,아이폰 13pro프로 128 급처분합니다.,640000,https://m.bunjang.co.kr/products/239450736
288,아이폰13pro 그래파이트 128기가 자급제 배터리87%팔아요,800000,https://m.bunjang.co.kr/products/235908808
289,아이폰 13pro 128 시에라블루,700000,https://m.bunjang.co.kr/products/239482107
290,아이폰 13 pro max 128,900000,https://m.bunjang.co.kr/products/234655349
291,아이폰13프로 128 그라파이트 팔아요,770000,https://m.bunjang.co.kr/products/234599606
292,아이폰 13 프로 128기가 시에라블루 자급제,850000,https://m.bunjang.co.kr/products/234552176
293,아이폰 13프로 128 그린 박풀 센터올수리 마지막가격,890000,https://m.bunjang.co.kr/products/232927443
294,아이폰13프로 128기가판매합니다 s급,700000,https://m.bunjang.co.kr/products/239672897
295,아이폰 13pro 128,900000,https://m.bunjang.co.kr/products/234095792
296,(128기가) 아이폰 13 프로 화이트,800000,https://m.bunjang.co.kr/products/236007345
297,아이폰13프로 128기가 실버 판매or교환,710000,https://m.bunjang.co.kr/products/233700462
298,아이폰 13프로 128 88%,800000,https://m.bunjang.co.kr/products/233617351
299,아이폰13프로 128기가,800000,https://m.bunjang.co.kr/products/233529459
300,아이폰 13프로 화이트128 상태S급,780000,https://m.bunjang.co.kr/products/233902341
301,아이폰13프로 128기가,1200000,https://m.bunjang.co.kr/products/233388526
302,아이폰 13프로 128 시에라블루 자급제 (부산),800000,https://m.bunjang.co.kr/products/238501881
303,아이폰13프로 128기가 판매및교환,850000,https://m.bunjang.co.kr/products/233729821
304,아이폰 13미니 128 기가 블랙 배터리100프로 팝니다,600000,https://m.bunjang.co.kr/products/227497242
305,아이폰 13프로128기가,800000,https://m.bunjang.co.kr/products/232627889
306,아이폰 13프로 128기가,850000,https://m.bunjang.co.kr/products/232907904
307,아이폰13 프로 그린 128 판매합니다,780000,https://m.bunjang.co.kr/products/232886564
308,아이폰 13프로 128기가 골드컬러 팝니다,750000,https://m.bunjang.co.kr/products/233373463
309,아이폰 13pro max 128,1000000,https://m.bunjang.co.kr/products/232581137
310,아이폰 13프로/ 128기가 / 그래파이트 색상,900000,https://m.bunjang.co.kr/products/232216438
311,아이폰13 pro 128 색상 그레이 애케플(유)24.06.28까지,900000,https://m.bunjang.co.kr/products/232672826
312,아이폰13프로 128 그린,950000,https://m.bunjang.co.kr/products/228333698
313,아이폰 13프로 128 시에라블루 팝니다,750000,https://m.bunjang.co.kr/products/231529587
314,아이폰 13프로 골드 128기가,750000,https://m.bunjang.co.kr/products/230884636
315,아이폰13프로 128기가 팝니다 배터리 97퍼,840000,https://m.bunjang.co.kr/products/230111485
316,아이폰13프로 128 깨끗,800000,https://m.bunjang.co.kr/products/230447814
317,아이폰 13프로 시에라블루 128기가,730000,https://m.bunjang.co.kr/products/234684171
318,아이폰13프로 그래파이트128,870000,https://m.bunjang.co.kr/products/229566451
319,아이폰13 프로 128 그라파이트 팝니다,750000,https://m.bunjang.co.kr/products/233980588
320,아이폰 13 프로 자급제 128기가 S급 실버,850000,https://m.bunjang.co.kr/products/226023907
321,아이폰13pro 128기가,900000,https://m.bunjang.co.kr/products/227763744
322,아이폰 13프로 MAX 128 골드,980000,https://m.bunjang.co.kr/products/228742945
323,아이폰13프로 128기가 베터리90,850000,https://m.bunjang.co.kr/products/233389542
324,아이폰 13프로 128기가 그래파이트,850000,https://m.bunjang.co.kr/products/232678881
325,아이폰13프로128,840000,https://m.bunjang.co.kr/products/227149309
326,아이폰13프로 시에라 블루 128,1250000,https://m.bunjang.co.kr/products/193086519
327,아이폰13프로 128 98%,400000,https://m.bunjang.co.kr/products/227245799
328,아이폰 12 미니 128-> 아이폰 13 프로128,200000,https://m.bunjang.co.kr/products/227387774
329,아이폰13pro 128,810000,https://m.bunjang.co.kr/products/226666299
330,아이폰 13미니 128 기가 블랙 배터리100프로 팝니다,600000,https://m.bunjang.co.kr/products/227496913
331,아이폰13프로 128기가 팔아요,880000,https://m.bunjang.co.kr/products/226932443
332,아이폰13프로 128기가 실버,850000,https://m.bunjang.co.kr/products/226619744
333,아이폰 13미니 배터리90프로 상태깨끗한 128기가 팝니다,600000,https://m.bunjang.co.kr/products/227504610
334,아이폰13PRO 128기가 배터리 92퍼 a급,1000000,https://m.bunjang.co.kr/products/224834243
335,아이폰 13pro 128,550000,https://m.bunjang.co.kr/products/230251018
336,아이폰 13프로 128 메이시블루,800000,https://m.bunjang.co.kr/products/226334136
337,아이폰 13pro 128,900000,https://m.bunjang.co.kr/products/225724287
338,아이폰13 128기가 화이트 22년 5월구매 배터리89프로 팝니다,650000,https://m.bunjang.co.kr/products/226848125
339,아이폰13프로 128 그린 교신,900000,https://m.bunjang.co.kr/products/225034656
340,"아이폰 14플러스 128 미드나잇 13프로,14프로(추금) 교환",1000000,https://m.bunjang.co.kr/products/225110582
341,아이폰13프로128실버,980000,https://m.bunjang.co.kr/products/223755074
342,[100%]S급 아이폰13프로 128기가 단품,880000,https://m.bunjang.co.kr/products/228675911
343,아이폰13프로 128,780000,https://m.bunjang.co.kr/products/223350913
344,아이폰13프로 시에라블루 128기가 배터리87%,995000,https://m.bunjang.co.kr/products/224213087
345,아이폰 13프로 128기가 블루 S급 무상AS12월 판매합니다,880000,https://m.bunjang.co.kr/products/224988948
346,아이폰 13미니 핑크 128기가 배터리 85프로,670000,https://m.bunjang.co.kr/products/222314293
347,아이폰 13프로 시에라블루 128기가,900000,https://m.bunjang.co.kr/products/221923529
348,아이폰 13 pro 128기가 그래파이트,780000,https://m.bunjang.co.kr/products/221707614
349,아이폰 13프로 128기가 실버,777777,https://m.bunjang.co.kr/products/221250715
350,아이폰13프로 128기가팝니다,899000,https://m.bunjang.co.kr/products/221612084
351,아이폰13프로 128 카메라 정식as센터수리 배터리 92 판매 공기기,870000,https://m.bunjang.co.kr/products/222651598
352,아이폰14 128 미드나이트(아이폰13 프로 랑 교환도 해요),800000,https://m.bunjang.co.kr/products/221093041
353,아이폰 13프로 128기가 그린 단순개봉,990000,https://m.bunjang.co.kr/products/224613172
354,아이폰13프로 128g 화이트(실버),650000,https://m.bunjang.co.kr/products/258894940
355,아이폰 13pro 그라파이트 128g 배터리 87% 상태좋음,640000,https://m.bunjang.co.kr/products/255741675
356,아이폰13pro 그래파이트 128GB 특S급(93%) 판매합니다!,690000,https://m.bunjang.co.kr/products/258117279
357,아이폰13프로맥스 128G 블루 86% 약간의생활감외 깨끗 정상작동,850000,https://m.bunjang.co.kr/products/245252947
358,A급 아이폰13프로 128GB 블랙 중고폰 공기계 13PRO,580000,https://m.bunjang.co.kr/products/254939189
359,아이폰13프로128g 정상해지! 판매~,720000,https://m.bunjang.co.kr/products/254345814
360,아이폰13pro 128gb 골드 공기계 케이스증정,600000,https://m.bunjang.co.kr/products/258276997
361,[초s급]아이폰13프로 128g 배터리성능85% 새폰같은,690000,https://m.bunjang.co.kr/products/258002671
362,아이폰13프로맥스128로 s23울트라 512 교환,777777,https://m.bunjang.co.kr/products/244052724
363,아이폰13PRO 시에라블루 128GB A급 싸게 팝니다.,740000,https://m.bunjang.co.kr/products/240501144
364,아이폰 13프로맥스 128 실버 ss급,800000,https://m.bunjang.co.kr/products/258966647
365,아이폰13프로 128GB 시에라블루,900000,https://m.bunjang.co.kr/products/258806106
366,아이폰13프로 128GB,720000,https://m.bunjang.co.kr/products/227578449
367,아이폰 13pro 판매합니다 :),500000,https://m.bunjang.co.kr/products/258525548
368,아이폰 13미니128g 미드나이트/애플워치se/에어팟프로1세대,400000,https://m.bunjang.co.kr/products/256347877
369,아이폰 13프로맥스 128기가 시에라 블루,850000,https://m.bunjang.co.kr/products/215189608
370,아이폰 13프로맥스 실버 128기가 새상품급,880000,https://m.bunjang.co.kr/products/258484230
371,아이폰13pro 128GB,700000,https://m.bunjang.co.kr/products/258240461
372,아이폰13프로 128g,650000,https://m.bunjang.co.kr/products/258916186
373,아이폰13프로 128g,600000,https://m.bunjang.co.kr/products/258916024
374,아이폰 13 프로맥스 128기가,800000,https://m.bunjang.co.kr/products/258821665
375,아이폰13 pro 그린 128G 판매합니다.,700000,https://m.bunjang.co.kr/products/258879205
376,아이폰 13 pro 실버 128gb,630000,https://m.bunjang.co.kr/products/258457184
377,아이폰 13pro 128gb,650000,https://m.bunjang.co.kr/products/250266043
378,액정/외관깨끗 아이폰13프로 100% 블루 128GB 판매 22394,759000,https://m.bunjang.co.kr/products/258896542
379,액정/외관깨끗 아이폰13프로 100% 블루 128GB 판매 22394,759000,https://m.bunjang.co.kr/products/258896539
380,아이폰 13 pro 128g 시에라블루,600000,https://m.bunjang.co.kr/products/255481863
381,아이폰13프로맥스 128G,769000,https://m.bunjang.co.kr/products/258135806
382,아이폰 13pro 128GB 판매합니다,680000,https://m.bunjang.co.kr/products/244416642
383,아이폰 13 프로 Pro 128GB 골드 리퍼 수리 미사용,950000,https://m.bunjang.co.kr/products/223626517
384,아이폰13 프로맥스 시에라블루 128g팝니다,800000,https://m.bunjang.co.kr/products/240521886
385,아이폰 13pro S급 128g 급쳐!,520000,https://m.bunjang.co.kr/products/251629441
386,아이폰 13 pro max 128GB 배터리 85% 풀박 판매 해요,750000,https://m.bunjang.co.kr/products/255168104
387,아이폰13미니 128g 배터리 100프로 판매합니다.,530000,https://m.bunjang.co.kr/products/258652156
388,아이폰13pro 128gb 그래파이트 후면파손,450000,https://m.bunjang.co.kr/products/254988604
389,아이폰13프로맥스128GB,750000,https://m.bunjang.co.kr/products/249509529
390,아이폰13프로/128G/골드/외관A급/컨디션최상/배터리성능82%,682000,https://m.bunjang.co.kr/products/258893633
391,아이폰13프로 128G 시에라블루 저렴한 한정판매 중고폰 [164352],669000,https://m.bunjang.co.kr/products/258279225
392,아이폰 13pro 그라파이트,810000,https://m.bunjang.co.kr/products/253491492
393,아이폰13프로/128G/그래파이트/외관A급/배터리성능97%/무상보증OK,724000,https://m.bunjang.co.kr/products/258663885
394,아이폰 13 Pro 맥스 128G,700000,https://m.bunjang.co.kr/products/258776745
395,아이폰 13pro 128GB 시에라블루,620000,https://m.bunjang.co.kr/products/246054049
396,아이폰 13 PRO 128GB,570000,https://m.bunjang.co.kr/products/234935403
397,아이폰 13promax 시에라블루 128g 팝니다.,700000,https://m.bunjang.co.kr/products/244404948
398,아이폰 13Pro,450000,https://m.bunjang.co.kr/products/243767764
399,아이폰 13 프로 128GB,680000,https://m.bunjang.co.kr/products/257529537
400,아이폰 13PRO 골드 128G,700000,https://m.bunjang.co.kr/products/240591717
401,아이폰 13 프로 골드 128G,610000,https://m.bunjang.co.kr/products/254229795
402,아이폰 13 프로 화이트 128GB,530000,https://m.bunjang.co.kr/products/242660951
403,아이폰13프로 128GB 팝니다,670000,https://m.bunjang.co.kr/products/258768187
404,아이폰 13pro 128G 화이트,700000,https://m.bunjang.co.kr/products/239827577
405,아이폰 13pro,690000,https://m.bunjang.co.kr/products/241245747
406,아이폰 13pro 골드 128GB 판매 (파손O),600000,https://m.bunjang.co.kr/products/207879398
407,아이폰 13pro 128GB 그래파이트 상태 정말 좋아요 !,700000,https://m.bunjang.co.kr/products/242400119
408,아이폰13프로맥스 128기가 그린,620000,https://m.bunjang.co.kr/products/258747157
409,아이폰 13pro 그래파이트 128gb,700000,https://m.bunjang.co.kr/products/239247567
410,아이폰13프로 블루 128GB 72만 71507 수원,720000,https://m.bunjang.co.kr/products/258769961
411,아이폰13pro 알파인그린 128G,600000,https://m.bunjang.co.kr/products/257992523
412,아이폰 13pro 128gb 시에라블루,700000,https://m.bunjang.co.kr/products/242011923
413,아이폰 13pro 128gb,900000,https://m.bunjang.co.kr/products/240571767
414,아이폰 13pro 128G 시애라블루,680000,https://m.bunjang.co.kr/products/240974427
415,아이폰 13promax,800000,https://m.bunjang.co.kr/products/240931429
416,아이폰 13pro 128g S급,650000,https://m.bunjang.co.kr/products/237449556
417,아이폰 13promax 128GB 실버,700000,https://m.bunjang.co.kr/products/239851419
418,맥북프로 2017 13인치 128g 사용감거의없음,500000,https://m.bunjang.co.kr/products/258482253
419,아이폰13프로 128gb 그래파이트 판매합니다 (하자잇,520000,https://m.bunjang.co.kr/products/258290820
420,"A2638 아이폰13프로 128G,컨디션 좋아요,배터리성능 82%",682000,https://m.bunjang.co.kr/products/258814032
421,"A2638 아이폰13프로 128G,컨디션 좋아요,배터리성능 82%",682000,https://m.bunjang.co.kr/products/258813942
422,13프로맥스 128기가(그라파이트) 갤럭시 교환 구해요.,750000,https://m.bunjang.co.kr/products/258361797
423,아이폰 13pro 시에라블루 126기가,700000,https://m.bunjang.co.kr/products/239992075
424,아이폰 13pro 시에라블루,800000,https://m.bunjang.co.kr/products/240594249
425,아이폰13프로맥스128gb,710000,https://m.bunjang.co.kr/products/257097302
426,아이폰 13pro 블랙판매,650000,https://m.bunjang.co.kr/products/239660104
427,애플 맥북프로 레티나 13인치 Early 2015 128GB,250000,https://m.bunjang.co.kr/products/253810268
428,아이폰13 프로맥스 128G 시에라블루 자급제,430000,https://m.bunjang.co.kr/products/256738572
429,아이폰 13 프로 128g 그래파이트,550000,https://m.bunjang.co.kr/products/258551276
430,아이폰 13pro 128gb 그래파이트,600000,https://m.bunjang.co.kr/products/239301338
431,아이폰13프로 블루 128GB 73만 57699 수원,730000,https://m.bunjang.co.kr/products/258656104
432,아이폰13프로 128gb 그린,599999,https://m.bunjang.co.kr/products/258169276
433,아이폰 13pro max 그래파이트,820000,https://m.bunjang.co.kr/products/238789766
434,아이폰 13프로맥스 128G 실버 배터리 87% A급 88만원에 팝니다,880000,https://m.bunjang.co.kr/products/258670548
435,아이폰 13pro 128gb 시에라블루,810000,https://m.bunjang.co.kr/products/237169474
436,아이폰13 프로맥스 128g,700000,https://m.bunjang.co.kr/products/258445161
437,아이폰 13 PRO 128GB,590000,https://m.bunjang.co.kr/products/258482389
438,애플 아이폰13프로 128GB 그래파이트 팝니다 울산중고폰,763000,https://m.bunjang.co.kr/products/241376628
439,아이폰 13pro 128GB 그린 풀박,860000,https://m.bunjang.co.kr/products/235897645
440,아이폰13pro 시에라블루 128g,650000,https://m.bunjang.co.kr/products/257312241
441,애플 아이폰13프로 128GB 그래파이트 팝니다 울산중고폰,763000,https://m.bunjang.co.kr/products/241359695
442,액정/외관깨끗 아이폰13프로 배터리100 블루 128GB 판매 54277,770000,https://m.bunjang.co.kr/products/258558063
443,액정/외관깨끗 아이폰13프로 배터리100 블루 128GB 판매 54277,770000,https://m.bunjang.co.kr/products/258554908
444,13 pro 시에라블루 128gb,600000,https://m.bunjang.co.kr/products/239242945
445,아이폰 13pro 128GB 화이트,840000,https://m.bunjang.co.kr/products/233414440
446,애플 아이폰13프로 128GB 그래파이트 팝니다 울산중고폰 중고폰,763000,https://m.bunjang.co.kr/products/241372031
447,"A2638 아이폰13프로 128G,특A급,배터리성능97%,무상보증남음",703000,https://m.bunjang.co.kr/products/258584227
448,"A2638 아이폰13프로 128G,특A급,배터리성능97%,무상보증남음",703000,https://m.bunjang.co.kr/products/258584146
449,아이폰 13 프로 맥스 128g,700000,https://m.bunjang.co.kr/products/256424189
450,아이폰 13 프로맥스 128,750000,https://m.bunjang.co.kr/products/257761560
451,아이폰13프로 128gb 팝니다,600000,https://m.bunjang.co.kr/products/257180525
452,아이폰 13 프로 맥스 128g,850000,https://m.bunjang.co.kr/products/257478130
453,애플 아이폰13 프로맥스 그라파이트 128g,830000,https://m.bunjang.co.kr/products/256888202
454,아이폰 13 프로맥스 128g,770000,https://m.bunjang.co.kr/products/257639992
455,아이폰 13pro 128GB A급(효율 86%) 판매,780000,https://m.bunjang.co.kr/products/233591878
456,아이폰 13프로 128gb 팝니다,650000,https://m.bunjang.co.kr/products/238243168
457,아이폰13 프로맥스 128g 실버 배터리 100,870000,https://m.bunjang.co.kr/products/257950827
458,아이폰 13pro,870000,https://m.bunjang.co.kr/products/230614913
459,13프로맥스 128,700000,https://m.bunjang.co.kr/products/256653005
460,아이폰 13pro 그래파이트 128GB 판매합니다,850000,https://m.bunjang.co.kr/products/230323685
461,13 프로맥스 128 기가,810000,https://m.bunjang.co.kr/products/255827984
462,아이폰13 프로맥스 128g,660000,https://m.bunjang.co.kr/products/257332812
463,아이폰 13 프로 128gb 시에라블루,650000,https://m.bunjang.co.kr/products/257866163
464,아이폰13프로 128g 화이트,580000,https://m.bunjang.co.kr/products/256774087
465,아이폰 13프로 128GB 실버 팝니다,950000,https://m.bunjang.co.kr/products/223695546
466,아이폰 13 프로맥스 시에라블루 128g,600000,https://m.bunjang.co.kr/products/257986277
467,아이폰 13프로 128GB 시에라블루,670000,https://m.bunjang.co.kr/products/251441491
468,아이폰 13 프로맥스 128 화이트 실버,1100000,https://m.bunjang.co.kr/products/232303890
469,아이폰 13 프로 128G,680000,https://m.bunjang.co.kr/products/254368977
470,당일발송 아이폰13프로 128G/256G 등급별 최저가 중고폰 공기계,689000,https://m.bunjang.co.kr/products/237648782
471,아이폰13 PRO 128G 화이트 팝니다.,650000,https://m.bunjang.co.kr/products/257991140
472,아이폰13 pro max 128g,660000,https://m.bunjang.co.kr/products/257333445
473,아이폰13프로맥스 A급 128기가 그래파이트,750000,https://m.bunjang.co.kr/products/258104720
474,맥북프로 2017 13인치 스페이스 그레이 8gb 128GB 상태 좋아요,600000,https://m.bunjang.co.kr/products/171026423
475,액정/외관깨끗 아이폰13프로 100% 골드 128GB 판매 21464,737000,https://m.bunjang.co.kr/products/258328844
476,액정/외관깨끗 아이폰13프로 100% 골드 128GB 판매 21464,737000,https://m.bunjang.co.kr/products/258328818
477,아이폰 13 pro 128gb,650000,https://m.bunjang.co.kr/products/256777368
478,아이폰13 프로맥스 실버 128gb,680000,https://m.bunjang.co.kr/products/256318040
479,아이폰13 프로 128G 시에라블루 SS급 풀박,650000,https://m.bunjang.co.kr/products/235849015
480,아이폰 13프로 128GB 그래파이트 색상(배터리 효율 87%),650000,https://m.bunjang.co.kr/products/255079015
481,아이폰 13프로맥스 128,700000,https://m.bunjang.co.kr/products/255149315
482,아이폰 13 프로 맥스 자급제 128GB 시에라 블루 - 1년보증,1199000,https://m.bunjang.co.kr/products/257567654
483,A-급 아이폰13프로 128G 시에라 블루 판매합니다,660000,https://m.bunjang.co.kr/products/256662703
484,아이폰13프로 128GB 실버,650000,https://m.bunjang.co.kr/products/256299197
485,아이폰13프로 골드 128GB 75만 52263 수원,750000,https://m.bunjang.co.kr/products/258000799
486,아이폰 13 pro max 128GB,850000,https://m.bunjang.co.kr/products/256396813
487,"아이폰 13 프로 128g 애케플 보증 애플케어플러스, 13 pro",615000,https://m.bunjang.co.kr/products/249533222
488,아이폰 13프로맥스 128기가 뒷판 살짝 금,650000,https://m.bunjang.co.kr/products/258425166
489,아이폰13PRO 시에라블루 128GB A급 싸게 팝니다.,740000,https://m.bunjang.co.kr/products/241064675
490,맥북 프로 13인치 128gb 2017 구성품 다 드려요,350000,https://m.bunjang.co.kr/products/240200349
491,SS급]아이폰13프로 128G 그레파이트 배99,1090000,https://m.bunjang.co.kr/products/193403160
492,아이폰13프로 128GB 실버,665000,https://m.bunjang.co.kr/products/255673877
493,아이폰 13 프로 맥스 골드 128GB,450000,https://m.bunjang.co.kr/products/253695986
494,아이폰 13pro 128GB 그래파이트,700000,https://m.bunjang.co.kr/products/256447853
495,아이폰13프로 실버 128g,650000,https://m.bunjang.co.kr/products/254979817
496,아이폰13프로 스페이스 그레이 128GB 판매합니다,800000,https://m.bunjang.co.kr/products/254363567
497,아이폰13프로128GB,600000,https://m.bunjang.co.kr/products/255957814
498,아이폰 13프로맥스 골드 128G s급,777000,https://m.bunjang.co.kr/products/255050111
499,액정/외관깨끗 아이폰13프로 100% 골드 128GB 판매 21464,737000,https://m.bunjang.co.kr/products/257582039
500,액정/외관깨끗 아이폰13프로 100% 골드 128GB 판매 21464,737000,https://m.bunjang.co.kr/products/257582035
501,아이폰13프로 128gb 팝니다,600000,https://m.bunjang.co.kr/products/254898032
502,아이폰13프로 그래파이트 128GB,250000,https://m.bunjang.co.kr/products/252254927
503,아이폰 13프로 128G 리퍼 새상품(네고x),780000,https://m.bunjang.co.kr/products/253081775
504,아이폰13프로 128g,650000,https://m.bunjang.co.kr/products/253743667
505,배터리99%! 아이폰13프로 128GB 79.9만원 [89801],799000,https://m.bunjang.co.kr/products/255820732
506,아이폰 13프로맥스 화이트 128,800000,https://m.bunjang.co.kr/products/253921860
507,아이폰 13프로맥스 128기가,800000,https://m.bunjang.co.kr/products/254220289
508,아이폰13프로 블루 128GB 상태좋은 중고75만팝니다,750000,https://m.bunjang.co.kr/products/256870409
509,아이폰 13프로 128G,700000,https://m.bunjang.co.kr/products/251967309
510,맥북 프로 13 인치 2017 128gb,450000,https://m.bunjang.co.kr/products/253103338
511,아이폰13프로 골드 128g 배86 가성비 꿀폰,650000,https://m.bunjang.co.kr/products/240629395
512,A1286 로직용 맥북프로 고용량 - 2013 구매,280000,https://m.bunjang.co.kr/products/128372380
513,아이폰 13 프로맥스 128GB 팝니다!!!,770000,https://m.bunjang.co.kr/products/254648215
514,아이폰13프로맥스128기가 sss,830000,https://m.bunjang.co.kr/products/255598682
515,아이폰 13프로맥스 128 블루,750000,https://m.bunjang.co.kr/products/252967497
516,아이폰13프로 128GB 실버,700000,https://m.bunjang.co.kr/products/253848443
517,아이폰13프로 128gb 깨끗한기기 판매,714000,https://m.bunjang.co.kr/products/254791459
518,(긁힘/깨짐X) 아이폰 13프로맥스 골드 128GB (배터리 성능 88%,788000,https://m.bunjang.co.kr/products/240176031
519,"아이폰13promax팝니다.(풀박, 128gb)",1100000,https://m.bunjang.co.kr/products/256616674
520,아이폰 13프로맥스 128기가,800000,https://m.bunjang.co.kr/products/252889178
521,배터리100%! 아이폰13프로 128GB 79.9만원 [34770],799000,https://m.bunjang.co.kr/products/254841068
522,아이폰 13pro max 128gb,1050000,https://m.bunjang.co.kr/products/226904542
523,아이폰13프로맥스128,650000,https://m.bunjang.co.kr/products/252975517
524,아이폰 13프로 시에라블루 128GB 팝니다,630000,https://m.bunjang.co.kr/products/253432974
525,아이폰13프로 128GB 실버,730000,https://m.bunjang.co.kr/products/252781323
526,아이폰13pro max 128g,720000,https://m.bunjang.co.kr/products/252996510
527,아이폰13pro 128g,530000,https://m.bunjang.co.kr/products/251170442
528,[A급] 아이폰13프로 128gb 스그,600000,https://m.bunjang.co.kr/products/257738435
529,아이폰13프로 시에라블루 128gb,650000,https://m.bunjang.co.kr/products/207128440
530,아이폰13pro 128gb,630000,https://m.bunjang.co.kr/products/251982612
531,아이폰13프로 128GB 그래파이트 팝니다,670000,https://m.bunjang.co.kr/products/252648824
532,아이폰 13 프로 맥스 128GB 시에라 블루,750000,https://m.bunjang.co.kr/products/251270932
533,"(아이폰13그린128GB교환)아이폰프로13,14",999999,https://m.bunjang.co.kr/products/248278852
534,AIP13PRO 128GB 시에라블루,550000,https://m.bunjang.co.kr/products/253396682
535,아이폰 13프로맥스 128기가 그래파이트블랙,830000,https://m.bunjang.co.kr/products/252436016
536,(초S급) 13프로 128G 그레이 액정무기스 배터리88% 76만팝니다@,740000,https://m.bunjang.co.kr/products/253673347
537,아이폰13프로맥스 128기가 풀박스,700000,https://m.bunjang.co.kr/products/257338292
538,액정/외관깨끗 아이폰13프로 100% 그래파이트 128GB 판매14607,748000,https://m.bunjang.co.kr/products/254439039
539,배터리91%! 아이폰13프로 128GB 79.9만원 [44490],799000,https://m.bunjang.co.kr/products/254760919
540,아이폰13프로맥스 알파인그린 128GB,700000,https://m.bunjang.co.kr/products/253055622
541,아이폰13 pro 128g 스페이스그레이,630000,https://m.bunjang.co.kr/products/251981979
542,아이폰13프로맥스 128기가 미개봉 새상품(무음카메라),930000,https://m.bunjang.co.kr/products/252919359
543,아이폰13프로 블루 128GB 82만 57699 수원,820000,https://m.bunjang.co.kr/products/252598780
544,아이폰13pro 128GB,630000,https://m.bunjang.co.kr/products/251688496
545,(네고가능) 아이폰13프로 128GB 블루 88%,625000,https://m.bunjang.co.kr/products/251494924
546,13Pro 128GB 시에라블루 S+급,630000,https://m.bunjang.co.kr/products/251616188
547,아이폰13프로,640000,https://m.bunjang.co.kr/products/254961518
548,아이폰 13pro 128GB,800000,https://m.bunjang.co.kr/products/250633372
549,아이폰 13pro 골드 128GB + applecare plus,950000,https://m.bunjang.co.kr/products/224386620
550,아이폰13 프로 128GB 시에라 블루 판매합니다,590000,https://m.bunjang.co.kr/products/256136665
551,아이폰13프로맥스 128gb 그래파이트(풀박스),700000,https://m.bunjang.co.kr/products/253459733
552,아이폰 12 128gb 파손,250000,https://m.bunjang.co.kr/products/253779500
553,아이폰13프로맥스 128,700000,https://m.bunjang.co.kr/products/255056386
554,아이폰 13프로 128G 골드 판매,570000,https://m.bunjang.co.kr/products/253252097
555,아이폰13 프로맥스 128g 시에라블루 팜,700000,https://m.bunjang.co.kr/products/250176948
556,아이폰 13프로(PRO) 128G 그래파이트,700000,https://m.bunjang.co.kr/products/231739304
557,아이폰 13 pro 실버 128gb,720000,https://m.bunjang.co.kr/products/246700262
558,아이폰13프로 알파인그린 128gb,570000,https://m.bunjang.co.kr/products/249217858
559,아이폰13프로 128G,650000,https://m.bunjang.co.kr/products/248124813
560,맥북프로 2017 13인치 실버 8gb 128GB 상태 좋아요,550000,https://m.bunjang.co.kr/products/171026210
561,(네고가능) 아이폰13프로 128GB 블루 85%,625000,https://m.bunjang.co.kr/products/249983555
562,아이폰13Pro 128G,500000,https://m.bunjang.co.kr/products/249163047
563,아이폰13Pro 128GB S급,720000,https://m.bunjang.co.kr/products/255307241
564,아이폰13프로맥스128기가,1000000,https://m.bunjang.co.kr/products/239263123
565,[수원영통] 아이폰 13프로맥스 128GB 시에라블루 - 05587,950000,https://m.bunjang.co.kr/products/238904555
566,아이폰 13프로 시에라블루 128g,540000,https://m.bunjang.co.kr/products/248010716
567,아이폰13 프로 시에라블루 128G,550000,https://m.bunjang.co.kr/products/247250514
568,아이폰13프로 128GB 골드,700000,https://m.bunjang.co.kr/products/242021680
569,아이폰13프로 _128g 골드,700000,https://m.bunjang.co.kr/products/238897088
570,아이폰13프로 128GB 골드,700000,https://m.bunjang.co.kr/products/239225531
571,아이폰 13프로 128GB,700000,https://m.bunjang.co.kr/products/244256409
572,맥북프로2014 13인치 i5 RAM 8GB SSD 128GB,219000,https://m.bunjang.co.kr/products/188941393
573,아이폰13프로 시에라블루 저렴하게 판매해요 화면 멀쩡 128gb 교환제시,560000,https://m.bunjang.co.kr/products/254227237
574,아이폰13프로 128GB 그래파이트 S급,600000,https://m.bunjang.co.kr/products/247923143
575,아이폰 13 프로 실버 128GB 풀박스,710000,https://m.bunjang.co.kr/products/246492477
576,아이폰 13프로 맥스 128G 시애라블루 배터리 86% 풀박스,700000,https://m.bunjang.co.kr/products/248265310
577,아이폰15프로 블랙 128GB 배터리100% 상태좋은 중고134만9천팜,1349000,https://m.bunjang.co.kr/products/252617825
578,액정 깨진 아이폰 13 프로 맥스 128gb 판매합니다,580000,https://m.bunjang.co.kr/products/248039538
579,아이폰13Pro 128gb 그래파이트,650000,https://m.bunjang.co.kr/products/248077466
580,Apple아이폰13프로 128GB(자급제) 새상품 판매,850000,https://m.bunjang.co.kr/products/249201877
581,아이폰 13프로맥스 128기가 시에라블루(+아더에러 맥세이프 케이스),690000,https://m.bunjang.co.kr/products/247541827
582,아이폰13프로맥스 128G 실버,800000,https://m.bunjang.co.kr/products/247192076
583,아이폰13프로맥스 128G 판매,700000,https://m.bunjang.co.kr/products/236198436
584,아이폰 13 프로 맥스 128GB 그래파이트 B급 자급제 공기계,650000,https://m.bunjang.co.kr/products/236744443
585,아이폰 13 pro 골드 128g 중고 판매,450000,https://m.bunjang.co.kr/products/244435677
586,아이폰13 프로 128G 스페이스 그레이,600000,https://m.bunjang.co.kr/products/245413498
587,아이폰15프로 블루 128GB 배터리100% 상태좋은 풀박스중고138만팜,1380000,https://m.bunjang.co.kr/products/251090977
588,아이폰13프로 128GB 상태 최상,700000,https://m.bunjang.co.kr/products/245653286
589,[새상품] 아이폰 13 프로맥스 골드 128,900000,https://m.bunjang.co.kr/products/245373160
590,아이폰13pro시에라블루 128G,660000,https://m.bunjang.co.kr/products/251823329
591,아이폰13pro시에라블루 128G,680000,https://m.bunjang.co.kr/products/251815124
592,아이폰 13프로 128G,600000,https://m.bunjang.co.kr/products/242557143
593,2015 맥북프로 레티나 A1502 13인치 128GB,200000,https://m.bunjang.co.kr/products/246034113
594,아이폰 13 pro 128g,690000,https://m.bunjang.co.kr/products/244329925
595,Macbook 맥북프로 2017년 13인치 실버 128기가,400000,https://m.bunjang.co.kr/products/246589628
596,아이폰 13 프로 128GB A+급 판매합니다.,780000,https://m.bunjang.co.kr/products/245878126
597,아이폰13pro 128gb 자급제 풀박스,670000,https://m.bunjang.co.kr/products/240903318
598,당일발송 S급 아이폰 13프로맥스 128기가 시에나블루,760000,https://m.bunjang.co.kr/products/239781080
599,아이폰 13 pro 128gb 2주 사용 극미중고 + 맥세이프 케이스,629000,https://m.bunjang.co.kr/products/245485357
600,아이폰13pro 128g 그래파이트 상태좋음,635000,https://m.bunjang.co.kr/products/246595358
601,아이폰 13프로맥스 128,750000,https://m.bunjang.co.kr/products/242713389
602,아이폰13프로맥스ㅡ128g풀박,790000,https://m.bunjang.co.kr/products/253261875
603,아이폰 13프로 그래파이트 128GB,680000,https://m.bunjang.co.kr/products/244250583
604,아이폰13프로맥스 알파인그인 128GB,850000,https://m.bunjang.co.kr/products/246331948
605,아이폰13프로맥스 128GB 팝니다,750000,https://m.bunjang.co.kr/products/245587608
606,아이폰13프로맥스 128기가 시에라블루,780000,https://m.bunjang.co.kr/products/244248897
607,아이폰15프로 블루 128GB 배터리100%상태좋은풀박스중고133만8천팜,1338000,https://m.bunjang.co.kr/products/252441995
608,아이폰13pro 128gb,600000,https://m.bunjang.co.kr/products/244683394
609,아이폰13프로 128gb,680000,https://m.bunjang.co.kr/products/243426102
610,S급)무잔상 아이폰 13프로맥스 128G 시에나 블루 부산,760000,https://m.bunjang.co.kr/products/239611550
611,아이폰 13프로맥스 128GB 시에나블루 S급 부산중고폰,760000,https://m.bunjang.co.kr/products/239901051
612,(S급)무잔상 아이폰 13프로맥스 128기가 시에나블루 부산,760000,https://m.bunjang.co.kr/products/239664280
613,아이폰13pro 128GB 골드,500000,https://m.bunjang.co.kr/products/244702229
614,아이폰13프로 128gb,580000,https://m.bunjang.co.kr/products/242708420
615,아이폰 13pro 128gb 골드색상,600000,https://m.bunjang.co.kr/products/243976036
616,(급처)2014년형 맥북 프로 13인치 128GB 판마 (박스 미포함),200000,https://m.bunjang.co.kr/products/247193894
617,아이폰 13프로 128g 골드,580000,https://m.bunjang.co.kr/products/241197977
618,아이폰 13 프로맥스 128 실버,710000,https://m.bunjang.co.kr/products/239574595
619,아이폰 13 프로맥스 128 실버 팝니다,770000,https://m.bunjang.co.kr/products/241771559
620,아이폰13pro 128GB. 그라파에트,650000,https://m.bunjang.co.kr/products/249529456
621,아이폰 13 프로 128gb 시에라블루,650000,https://m.bunjang.co.kr/products/242528795
622,아이폰 13 프로 128g 실버,700000,https://m.bunjang.co.kr/products/240324759
623,아이폰13프로 128G 골드,680000,https://m.bunjang.co.kr/products/242000855
624,아이폰13프로맥스 128,850000,https://m.bunjang.co.kr/products/240335579
625,아이폰13 프로맥스 128기기,700000,https://m.bunjang.co.kr/products/242036022
626,아이폰 13 프로 맥스 PRO MAX 128G 시에라블루,680000,https://m.bunjang.co.kr/products/243573056
627,아이폰 13 프로 128g 정상해지폰,670000,https://m.bunjang.co.kr/products/241171904
628,아이폰13 프로 시에라블루 128G 판매합니다.,650000,https://m.bunjang.co.kr/products/243216268
629,아이폰13미니 128G화이트 A+급 실사용 3개월 배터리 100프로,510000,https://m.bunjang.co.kr/products/240976754
630,아이폰13프로맥스 128 스페이스그레이,900000,https://m.bunjang.co.kr/products/242623536
631,아이폰 13 PRO 128G 시에라블루 판매합니다,650000,https://m.bunjang.co.kr/products/239485729
632,상태최상) 아이폰13프로 실버 128g 배터리87,630000,https://m.bunjang.co.kr/products/247896358
633,아이폰13프로 블랙 128G 풀박스,660000,https://m.bunjang.co.kr/products/240435839
634,맥북프로 (2018년 구매) 13인치 128GB 스페이스그레이,480000,https://m.bunjang.co.kr/products/244772221
635,아이폰13프로맥스 실버색상 128용량 깨끗한단말기 S급 판매합니다,1050000,https://m.bunjang.co.kr/products/221489930
636,아이폰 13pro 128GB 시에라블루,700000,https://m.bunjang.co.kr/products/239626422
637,아이폰 13 프로맥스 128기가,755000,https://m.bunjang.co.kr/products/240152854
638,아이폰 13pro 128g,500000,https://m.bunjang.co.kr/products/241367220
639,아이폰 13프로맥스 128기가 배터리 100%,850000,https://m.bunjang.co.kr/products/240785818
640,아이폰13프로 실버 128g (22.03구매),570000,https://m.bunjang.co.kr/products/242185246
641,아이폰13프로맥스128기가 상태완전좋음 직거래가능,720000,https://m.bunjang.co.kr/products/248484516
642,아이폰13프로 128g,680000,https://m.bunjang.co.kr/products/240209104
643,아이폰13 pro 시에라블루 128G,700000,https://m.bunjang.co.kr/products/241052256
644,[급처] 아이폰 13 pro 128g 팝니다,760000,https://m.bunjang.co.kr/products/241472434
645,아이폰13프로맥스128 팝니디,850000,https://m.bunjang.co.kr/products/241962589
646,아이폰 13프로맥스 128gb 화이트,850000,https://m.bunjang.co.kr/products/240938266
647,애플 아이폰13프로 128GB,680000,https://m.bunjang.co.kr/products/239623751
648,아이폰13프로맥스 128기가팝니다,959000,https://m.bunjang.co.kr/products/241618447
649,맥북 프로 스페이스 2017 13인치 (a1708) 8g ssd 128g,400000,https://m.bunjang.co.kr/products/230906677
650,아이폰 13 Pro Max 128GB S급,800000,https://m.bunjang.co.kr/products/240407442
651,아이폰13프로맥스 128 블루 공기계,800000,https://m.bunjang.co.kr/products/239236060
652,아이폰13프로맥스 128,780000,https://m.bunjang.co.kr/products/240524300
653,아이폰 13프로 자급제 그래파이트128g,610000,https://m.bunjang.co.kr/products/241111286
654,아이폰13pro 시에라블루 128gb,700000,https://m.bunjang.co.kr/products/240706688
655,아이폰13프로 128GB 그래파이트,700000,https://m.bunjang.co.kr/products/240869369
656,아이폰13프로맥스 128 그래파이트 리퍼 판매합니다,900000,https://m.bunjang.co.kr/products/240823881
657,아이폰13프로 128GB 그래파이트,650000,https://m.bunjang.co.kr/products/240799757
658,아이폰 13프로 시에라블루 128g,670000,https://m.bunjang.co.kr/products/239866140
659,아이폰13프로 128GB,750000,https://m.bunjang.co.kr/products/239382879
660,아이폰13pro 128GB,620000,https://m.bunjang.co.kr/products/240280106
661,아이폰13프로맥스 128기가,850000,https://m.bunjang.co.kr/products/240276892
662,아이폰13프로맥스 블루 128기가,850000,https://m.bunjang.co.kr/products/240388001
663,아이폰13 pro 128G 화이트,750000,https://m.bunjang.co.kr/products/239533533
664,아이폰13프로 풀박스 128gb 애케플,740000,https://m.bunjang.co.kr/products/238240368
665,아이폰13PRO 128GB,670000,https://m.bunjang.co.kr/products/240477624
666,아이폰 13 프로맥스 128 알파인그린 풀박,900000,https://m.bunjang.co.kr/products/239596251
667,아이폰 13 pro max 128GB 시에라블루,850000,https://m.bunjang.co.kr/products/240814844
668,(네고가능) 풀박스 아이폰13프로 128GB AA급! 보증0,710000,https://m.bunjang.co.kr/products/241430940
669,아이폰 13 pro 128g 그레이,730000,https://m.bunjang.co.kr/products/239488735
670,아이폰 13 프로맥스 128G,1250000,https://m.bunjang.co.kr/products/209366846
671,아이폰 13 프로맥스 128g 실버 판매합니다,800000,https://m.bunjang.co.kr/products/240116068
672,아이폰 13프로 128G 그레파이트,730000,https://m.bunjang.co.kr/products/239264158
673,아이폰13프로 128GB 골드 A급 급처,690000,https://m.bunjang.co.kr/products/240138957
674,아이폰13프로 128GB 그래파이트 팝니다,700000,https://m.bunjang.co.kr/products/240253512
675,아이폰13프로맥스 128 골드 리퍼폰,1000000,https://m.bunjang.co.kr/products/240057595
676,아이폰13프로맥스 128기가 시에라블루,750000,https://m.bunjang.co.kr/products/240415230
677,아이폰13 프로 128GB 그래파이트 자급제,1000000,https://m.bunjang.co.kr/products/191605826
678,맥북프로13인치 128gb (2017) + 아이맥 (14년식) 판매합니,680000,https://m.bunjang.co.kr/products/243443811
679,아이폰13 프로 맥스 화이트(128GB),800000,https://m.bunjang.co.kr/products/240082197
680,아이폰13프로맥스 중국판 물리듀얼심 ios 15.1 용량 128gb,1400000,https://m.bunjang.co.kr/products/240563598
681,아이폰 13 프로 맥스 128GB 그래파이트,830000,https://m.bunjang.co.kr/products/239301171
682,아이폰13프로맥스 128G,800000,https://m.bunjang.co.kr/products/240026483
683,(가격내림) 아이폰13프로 시에라블루 128G,680000,https://m.bunjang.co.kr/products/240503025
684,아이폰 13 프로 128GB 그라파이트 풀박스 팔아요!!,700000,https://m.bunjang.co.kr/products/240136549
685,아이폰13 Pro 골드 128GB 팝니다,800000,https://m.bunjang.co.kr/products/239274861
686,아이폰13pro 128g 그래파이트 풀박스,650000,https://m.bunjang.co.kr/products/239594976
687,아이폰13프로맥스 128 밧데리99%,900000,https://m.bunjang.co.kr/products/239852745
688,아이폰13프로맥스128 블루,850000,https://m.bunjang.co.kr/products/239808387
689,아이폰13pro 실버 128GB판매합니다.,630000,https://m.bunjang.co.kr/products/234832336
690,아이폰 13 프로맥스 128 시에라 블루,680000,https://m.bunjang.co.kr/products/242870712
691,풀박스)아이폰 13프로 골드 128G,680000,https://m.bunjang.co.kr/products/243176644
692,아이폰 13프로 무음 128G 미국판 판매합니다,770000,https://m.bunjang.co.kr/products/239489698
693,아이폰 13프로맥스 화이트 128 풀박스 애플케어+,900000,https://m.bunjang.co.kr/products/239512536
694,아이폰13프로 128GB 그래파이트,680000,https://m.bunjang.co.kr/products/239240268
695,아이폰13pro 128gb 10월에 카메라액정 정품교체,680000,https://m.bunjang.co.kr/products/241794630
696,아이폰13 프로맥스 시에라블루 128gb,780000,https://m.bunjang.co.kr/products/239495312
697,아이폰13pro 128GB,550000,https://m.bunjang.co.kr/products/238510413
698,아이폰13 프로맥스 128기가 (흠집없음) 신논현역,800000,https://m.bunjang.co.kr/products/239806897
699,아이폰13프로맥스 128g S급! 풀박스,870000,https://m.bunjang.co.kr/products/239951213
700,아이폰 13 pro max 128gb팝니다,700000,https://m.bunjang.co.kr/products/239659631
701,아이폰 13프로맥스 128g 그레이 색상 aa++,850000,https://m.bunjang.co.kr/products/238185324
702,아이폰13프로 블루 128GB 상태좋은 중고63만2천팝니다.,632000,https://m.bunjang.co.kr/products/241620065
703,아이폰13프로맥스 128기가,650000,https://m.bunjang.co.kr/products/243195023
704,2019 맥북 프로 13인치 | 터치바 | 128GB SSD | 8G,600000,https://m.bunjang.co.kr/products/238836035
705,아이폰13pro 128g 시에라 블루,680000,https://m.bunjang.co.kr/products/239491555
706,액정깨끗 아이폰12프로 배터리성능82% 실버 128GB 011349,528000,https://m.bunjang.co.kr/products/243443578
707,2019 맥북프로 13인치 128gb 16gb,450000,https://m.bunjang.co.kr/products/240045194
708,아이폰13프로 그래파이트 128GB 배터리89% 상태좋은 중고67만5천팜,675000,https://m.bunjang.co.kr/products/241679611
709,리퍼 미사용 아이폰 13 프로 맥스 128gb 시에라 블루,1150000,https://m.bunjang.co.kr/products/234892416
710,아이폰 13pro 128gb 그래파이트 애케플,720000,https://m.bunjang.co.kr/products/244710934
711,아이폰 13 프로맥스 128GB 시애라블루 판매합니다,810000,https://m.bunjang.co.kr/products/238567564
712,아이폰13프로128GB,800000,https://m.bunjang.co.kr/products/237771858
713,아이폰 13프로 128GB,650000,https://m.bunjang.co.kr/products/240908602
714,아이폰13미니 128기가 판매,400000,https://m.bunjang.co.kr/products/241120601
715,아이폰 13프로 풀박스 그래파이트 128g 팝니다,850000,https://m.bunjang.co.kr/products/237689220
716,아이폰13프로 128G,800000,https://m.bunjang.co.kr/products/236726183
717,[13일 수령]아이폰 15 PRO 네추럴 티타늄 128GB,1550000,https://m.bunjang.co.kr/products/238505649
718,아이폰13pro 시에라블루 128gb 배터리성능100%,860000,https://m.bunjang.co.kr/products/239380944
719,아이폰13프로 시에라블루 128GB,700000,https://m.bunjang.co.kr/products/237498405
720,아이폰13프로 골드 128GB 배터리87% 상태좋은 중고71만7천팝니다.,717000,https://m.bunjang.co.kr/products/240396733
721,2014년 레티나 13인치 맥북프로 128기가 팝니다,220000,https://m.bunjang.co.kr/products/237588943
722,아이폰13프로 128g 시에라블루,580000,https://m.bunjang.co.kr/products/241939594
723,아이폰13pro(128GB),650000,https://m.bunjang.co.kr/products/243200550
724,당일발송 아이폰13프로맥스 128G/256G 등급별 최저가 중고폰 공기계,799000,https://m.bunjang.co.kr/products/237649202
725,[Apple Care +] iPhone 13 Pro 시에라블루 128GB,900000,https://m.bunjang.co.kr/products/237891101
726,아이폰13프로 128GB 한정판 알파인그린색상 애플,900000,https://m.bunjang.co.kr/products/237818076
727,아이폰 13프로 128G 시에라블루,630000,https://m.bunjang.co.kr/products/240097265
728,아이폰13프로 블루 128GB 상태좋은 중고86만4천팝니다.,864000,https://m.bunjang.co.kr/products/238781781
729,외관깨끗 아이폰13프로맥스 배터리성능87%시에라블루128GB 000823,990000,https://m.bunjang.co.kr/products/243196264
730,아이폰13pro 시에라블루 128GB,580000,https://m.bunjang.co.kr/products/239234670
731,S급 아이폰13프로 128G 시애라블루 (482),920000,https://m.bunjang.co.kr/products/236850148
732,아이폰13프로맥스 128G 실버 (애케플),800000,https://m.bunjang.co.kr/products/242657131
733,아이폰13프로맥스 128기가 그래파이트 팝니다.,950000,https://m.bunjang.co.kr/products/236241228
734,아이폰13프로 맥스 128g,810000,https://m.bunjang.co.kr/products/239287112
735,아이폰13프로 128G 골드 A급,680000,https://m.bunjang.co.kr/products/240164170
736,아이폰 13프로 128g 시에라블루 S급,700000,https://m.bunjang.co.kr/products/235486417
737,아이폰13프로맥스 128 스그,910000,https://m.bunjang.co.kr/products/235496116
738,급처 맥북프로 2017 13인치 128gb 2018년구매,410000,https://m.bunjang.co.kr/products/242696191
739,아이폰13프로 128G 실버 배터리100%,930000,https://m.bunjang.co.kr/products/236213187
740,13프로맥스 128 A급,950000,https://m.bunjang.co.kr/products/238212054
741,[S급/배터리90] 아이폰13프로 128G 그래파이트 판매합니다,906000,https://m.bunjang.co.kr/products/231748935
742,아이폰13프로 128gb 시에라 블루 급처합니다!!,750000,https://m.bunjang.co.kr/products/236823972
743,외관깨끗 아이폰13프로맥스 배터리성능87%시에라블루128GB 000823,990000,https://m.bunjang.co.kr/products/242023656
744,가격인하 SSS급 맥북 프로 13인치 2018형 128G,480000,https://m.bunjang.co.kr/products/225694606
745,아이폰 13프로 맥스 128GB,900000,https://m.bunjang.co.kr/products/233072123
746,아이폰13프로맥스 128GB 판매,750000,https://m.bunjang.co.kr/products/240176958
747,아이폰13 프로맥스 128G 상태 A급 팝니다,950000,https://m.bunjang.co.kr/products/234573633
748,아이폰13프로맥스 128기가후면파손,690000,https://m.bunjang.co.kr/products/235338394
749,외관깨끗 아이폰13프로맥스 배터리성능87%시에라블루128GB 000823,990000,https://m.bunjang.co.kr/products/241141547
750,아이폰 13프로맥스 128g 실버 / 배터리 94%/ 풀박/ 정품케이스,1000000,https://m.bunjang.co.kr/products/236054310
751,아이폰13프로맥스 128GB + 케이스티파이,965000,https://m.bunjang.co.kr/products/235836479
752,아이폰13프로 128GB 골드,880000,https://m.bunjang.co.kr/products/233708133
753,아이폰13프로 실버 128GB 배터리88% 상태좋은 중고88만6천팝니다.,886000,https://m.bunjang.co.kr/products/237153233
754,외관깨끗 아이폰13프로맥스 배터리성능87%시에라블루128GB 000823,990000,https://m.bunjang.co.kr/products/240455298
755,아이폰13pro 128GB 88%,750000,https://m.bunjang.co.kr/products/239833488
756,아이폰13 프로맥스 128G,1000000,https://m.bunjang.co.kr/products/232177076
757,아이폰13프로 실버 128GB 배터리87% 상태좋은 중고89만6천팝니다.,896000,https://m.bunjang.co.kr/products/236761495
758,아이폰 13 pro 128g 팝니다,490000,https://m.bunjang.co.kr/products/237169305
759,iphone 13pro 128GB,900000,https://m.bunjang.co.kr/products/234244236
760,액정/외관깨끗 아이폰13프로 배터리성능 87% 골드 128GB 04965,968000,https://m.bunjang.co.kr/products/235066290
761,아이폰13프로 그래파이트 128GB 배터리89% 상태좋은 중고86만6천팜,866000,https://m.bunjang.co.kr/products/235315817
762,액정/외관깨끗 아이폰13프로 배터리성능 87% 골드 128GB 04965,968000,https://m.bunjang.co.kr/products/234656373
763,무잔상 아이폰13프로맥스 배터리성능 89%실버 128GB 판매 04595,1078000,https://m.bunjang.co.kr/products/235274725
764,아이폰13프로맥스 128g 그래파이트,800000,https://m.bunjang.co.kr/products/232909819
765,아이폰13프로 128g+에어팟프로1세대,850000,https://m.bunjang.co.kr/products/232784292
766,액정/외관깨끗 아이폰13프로 배터리성능 87% 골드 128GB 04965,968000,https://m.bunjang.co.kr/products/233970559
767,무잔상 아이폰13프로맥스 배터리성능89% 실버 128GB 판매 04595,1078000,https://m.bunjang.co.kr/products/234872927
768,아이폰13프로맥스 실버 128G A급 108만원에 팝니다,1080000,https://m.bunjang.co.kr/products/232487945
769,아이폰 13 pro 128G,900000,https://m.bunjang.co.kr/products/229711348
770,아이폰13프로 128G 블루 S급 92만원에 팝니다,920000,https://m.bunjang.co.kr/products/231667911
771,개인 아이폰 13프로 128GB 그라파이트 상태좋음,780000,https://m.bunjang.co.kr/products/231105637
772,아이폰13프로맥스 128기가 판매,860000,https://m.bunjang.co.kr/products/230554200
773,아이폰 13프로맥스 시애라블루 128G 105만원에 싸게 팝니다,1050000,https://m.bunjang.co.kr/products/233315970
774,아이폰 13프로 128gb 화이트 팝니다,780000,https://m.bunjang.co.kr/products/227012880
775,아이폰 13 프로 맥스 실버 128GB,910000,https://m.bunjang.co.kr/products/227201995
776,배터리95이상 아이폰13프로 128G 그래파이트 A급 (221),960000,https://m.bunjang.co.kr/products/230945066
777,아이폰13프로 블루 128GB 배터리87% 상태좋은 중고84만4천팝니다.,844000,https://m.bunjang.co.kr/products/232612828
778,맥북 프로 13인치 레티나 램8G SSD128GB 2012 late 판매,270000,https://m.bunjang.co.kr/products/187392299
779,아이폰13 레드 128GB 아이폰13프로 화이트 교신 원함,800000,https://m.bunjang.co.kr/products/229689329
780,배터리90 A+급 아이폰13프로맥스 128G 골드 (015),1150000,https://m.bunjang.co.kr/products/231272635
781,아이폰 13 프로 맥스 128GB 그래파이트 리퍼 후 새제품 판매 박스x,1100000,https://m.bunjang.co.kr/products/229638542
782,아이폰13프로 그린 128GB 배터리94% 상태좋은 중고95만팝니다.,950000,https://m.bunjang.co.kr/products/231088050
783,아이폰14프로 퍼플 128GB 외관 S급 공기계 [135만],1350000,https://m.bunjang.co.kr/products/230285260
784,아이폰13프로 그린 128GB 배터리95% 상태좋은 중고92만9천팝니다.,929000,https://m.bunjang.co.kr/products/231393894
785,배터리90이상 아이폰13프로맥스 128G 시에라블루 A급 (030),1150000,https://m.bunjang.co.kr/products/231270915
786,아이폰 13프로 128G 시에라블루 애케플(O) 효율 99퍼,930000,https://m.bunjang.co.kr/products/229449094
787,아이폰13프로 실버 128GB 상태좋은 중고89만7천팝니다.,897000,https://m.bunjang.co.kr/products/230457299
788,아이폰13프로맥스실버128기가,1100000,https://m.bunjang.co.kr/products/228758733
789,아이폰13 128GB 핑크 배터리87프로 무상AS 1월 팝니다,685000,https://m.bunjang.co.kr/products/229319712
790,아이폰 13pro 128g 판매합니다,880000,https://m.bunjang.co.kr/products/227833315
791,아이폰 13프로맥스 128g,1150000,https://m.bunjang.co.kr/products/225505047
792,아이폰 13 프로맥스 128gb 리퍼폰,1150000,https://m.bunjang.co.kr/products/224980818
793,개인 아이폰 13 Pro 128GB 그래파이트 A급 급처,740000,https://m.bunjang.co.kr/products/231279318
794,아이폰13프로 블루 128GB 배터리95% 상태좋은 중고93만8천팝니다.,938000,https://m.bunjang.co.kr/products/228865491
795,iPhone 13 Pro 128GB Silver 배터리는 92% 카메라,880000,https://m.bunjang.co.kr/products/227299586
796,아이폰13프로맥스 실버 128g 기가 상태 s,1050000,https://m.bunjang.co.kr/products/226728788
797,아이폰14프로맥스 딥퍼플 128GB 배터리93%상태좋은 중고130만9천팜,1309000,https://m.bunjang.co.kr/products/233135335
798,맥북 프로 13인치 터치바 128GB,630000,https://m.bunjang.co.kr/products/195118061
799,아이폰13프로맥스 시에라블루 128기가 배터리88,1195000,https://m.bunjang.co.kr/products/225553970
800,아이폰13pro 128g 애캐플 올해말까지,800000,https://m.bunjang.co.kr/products/226390244
801,아이폰 13 프로맥스 128 애케플 가입,1100000,https://m.bunjang.co.kr/products/222456767
802,아이폰13프로맥스 실버 128G 상태 완전 깨끗합니다!,1050000,https://m.bunjang.co.kr/products/226547233
803,아이폰13프로 그래파이트 128gb,800000,https://m.bunjang.co.kr/products/224065359
804,아이폰13프로 그래파이트128GB 배터리88% 상태좋은 중고95만팝니다.,950000,https://m.bunjang.co.kr/products/226949819
805,아이폰13프로 그린 128GB 배터리95% 상태좋은 중고96만1000원팜,961000,https://m.bunjang.co.kr/products/226652932
806,아이폰 13프로맥스 스페이스 그레이 128기가,1200000,https://m.bunjang.co.kr/products/223627870
807,아이폰 13 프로 맥스 자급제 128G,1100000,https://m.bunjang.co.kr/products/220468786
808,아이폰13 프로맥스 128기가 풀박스 팝니다.,900000,https://m.bunjang.co.kr/products/222337042
809,맥북프로 2017년13인치 논터치바 스페이스 그레이 SSD 128GB,350000,https://m.bunjang.co.kr/products/223852822
810,맥북프로 2017 13인치 논터치바 128gb 8g,350000,https://m.bunjang.co.kr/products/227658419
811,아이폰 13 pro 시에라블루 128GB,830000,https://m.bunjang.co.kr/products/221940701
812,아이폰13프로맥스 128,1150000,https://m.bunjang.co.kr/products/221258887
813,아이폰13프로맥스 블루 128GB 상태좋은 중고100만3천팝니다.,1003000,https://m.bunjang.co.kr/products/226158260
814,아이폰13프로 그래파이트 128GB 팝니다.,850000,https://m.bunjang.co.kr/products/221724110
815,아이폰 13프로 128g 그라파이트 팝니다.,920000,https://m.bunjang.co.kr/products/219353061
816,아이폰13프로맥스 블루 128GB 상태좋은 중고102만4천팝니다.,1024000,https://m.bunjang.co.kr/products/225585493
817,아이폰13프로맥스 128 시에라블루,1100000,https://m.bunjang.co.kr/products/225505980
818,아이폰13프로맥스 128기가~1테라 미개봉자급제새상품입니다,1690000,https://m.bunjang.co.kr/products/204709140
819,싸이클30 맥북프로13인치(2012) 2.5G 8G 128G (512),220000,https://m.bunjang.co.kr/products/220897008
820,아이폰13프로맥스 128기가 배터리 효율 99% +케이스,1170000,https://m.bunjang.co.kr/products/220682877
821,iPhone 13 promax 128gb full box USA 아이폰1,1180000,https://m.bunjang.co.kr/products/221721041
822,맥북프로 13인치 i5/렘8/128gb,340000,https://m.bunjang.co.kr/products/225413337
823,아이폰13pro 128GB,790000,https://m.bunjang.co.kr/products/220151254
824,119035 아이폰13프로맥스 시에라블루 128GB 배터리99%울산중고폰,1059000,https://m.bunjang.co.kr/products/221408553
825,아이폰13프로맥스 128GB 그라파이트 2차 팝니다,1450000,https://m.bunjang.co.kr/products/165758862
826,아이폰 13 pro 128 스그 S급,650000,https://m.bunjang.co.kr/products/258888343
827,아이폰13프로 128기가 블랙 팝니다.,640000,https://m.bunjang.co.kr/products/258879227
828,아이폰13프로 128기가,450000,https://m.bunjang.co.kr/products/257029898
829,아이폰 13프로 128기가 팝니다.(가격수정),610000,https://m.bunjang.co.kr/products/258041742
830,아이펀13프로 128기가 화이트 공기계,350000,https://m.bunjang.co.kr/products/256853503
831,아이폰13프로 128,690000,https://m.bunjang.co.kr/products/258877181
832,아이폰 13프로 그레이 128기가,610000,https://m.bunjang.co.kr/products/258842814
833,아이폰13프로128기가 실버,630000,https://m.bunjang.co.kr/products/258777774
834,아이촌13프로 128 그래파이트 팝니다,450000,https://m.bunjang.co.kr/products/258867705
835,아이폰13프로 128기가 배터리성능83,580000,https://m.bunjang.co.kr/products/258834936
836,아이폰 13 프로 128 그래파이트,600000,https://m.bunjang.co.kr/products/257799356
837,아이폰 13프로 128기가 골드,650000,https://m.bunjang.co.kr/products/258591958
838,아이폰 13 pro 128 그래파이트,650000,https://m.bunjang.co.kr/products/257614696
839,아이폰13프로 128기가,500000,https://m.bunjang.co.kr/products/255923820
840,아이폰 13pro 128,350000,https://m.bunjang.co.kr/products/258471353
841,아이폰13pro 128기가,580000,https://m.bunjang.co.kr/products/258527994
842,아이폰13프로 128기가,470000,https://m.bunjang.co.kr/products/258294647
843,아이폰 13 pro 128 시애라 블루,604000,https://m.bunjang.co.kr/products/258390721
844,아이폰13프로 128기가 배터리 100프로팝니다,670000,https://m.bunjang.co.kr/products/258012643
845,아이폰13 Pro 128기가 판매합니다 [S급],670000,https://m.bunjang.co.kr/products/258330038
846,아이폰 13 pro 13프로 128 GB,450000,https://m.bunjang.co.kr/products/254535323
847,아이폰13프로 128기가,650000,https://m.bunjang.co.kr/products/258037586
848,아이폰13프로128기가,500000,https://m.bunjang.co.kr/products/258009957
849,아이폰13프로128,570000,https://m.bunjang.co.kr/products/257837045
850,아이폰 13 프로 128기가 그린,620000,https://m.bunjang.co.kr/products/258152959
851,[급처] 아이폰13프로 그래파이트 128기가,580000,https://m.bunjang.co.kr/products/258162400
852,아이폰13프로 128,590000,https://m.bunjang.co.kr/products/257653345
853,아이폰13프로 골드 128기가,580000,https://m.bunjang.co.kr/products/257993700
854,아이폰13pro 128기가,590000,https://m.bunjang.co.kr/products/257817034
855,아이폰 13 pro 128기가 그래파이트,650000,https://m.bunjang.co.kr/products/257941791
856,아이폰13프로 128기가,650000,https://m.bunjang.co.kr/products/257279093
857,아이폰13프로 128,600000,https://m.bunjang.co.kr/products/257357990
858,아이폰13프로(pro)128기가,660000,https://m.bunjang.co.kr/products/255899231
859,아이폰13프로(pro)128기가,660000,https://m.bunjang.co.kr/products/255899231
860,아이폰13프로128기가 액정파손,290000,https://m.bunjang.co.kr/products/257410892
861,아이폰13프로 128기가 팔아요,600000,https://m.bunjang.co.kr/products/257883391
862,아이폰13프로 128기가 판매합니다,570000,https://m.bunjang.co.kr/products/257644351
863,아이폰13프로 128기가 화이트 성능 95 팝니다.,720000,https://m.bunjang.co.kr/products/257784519
864,아이폰 13프로 128 그래파이트,630000,https://m.bunjang.co.kr/products/256314872
865,아이폰 13pro 128 시에라 블루 판매합니다,600000,https://m.bunjang.co.kr/products/257785447
866,아이폰 13프로 실버 128기가 배터리효율 87%,680000,https://m.bunjang.co.kr/products/257413031
867,13프로 128기가 액정 리퍼폰 블랙,690000,https://m.bunjang.co.kr/products/256651804
868,아이폰 13pro 128기가 액정파손,450000,https://m.bunjang.co.kr/products/257673342
869,아이폰 13pro 128 판매,600000,https://m.bunjang.co.kr/products/256968048
870,아이폰13pro 128 풀박스 판매,550000,https://m.bunjang.co.kr/products/257399341
871,아이폰 13 pro 128,580000,https://m.bunjang.co.kr/products/255857792
872,아이폰 13pro 128기가 골드색상,620000,https://m.bunjang.co.kr/products/256413570
873,아이폰13프로 128기가 시에라블루,480000,https://m.bunjang.co.kr/products/256851837
874,아이폰 13pro 블루 128,600000,https://m.bunjang.co.kr/products/256626045
875,아이폰 13 프로 128 그래파이트,520000,https://m.bunjang.co.kr/products/256899382
876,아이폰13프로 128기가 시에라블루,570000,https://m.bunjang.co.kr/products/257383176
877,아이폰 13 프로 골드 128기가 정상해지 선택약정가능,580000,https://m.bunjang.co.kr/products/257710112
878,아이폰13프로 128기가 그래파이트 A급 판매,600000,https://m.bunjang.co.kr/products/257176506
879,아이폰 13pro 128 시에라블루,630000,https://m.bunjang.co.kr/products/256874608
880,아이폰 13프로 128기가 리퍼제품,790000,https://m.bunjang.co.kr/products/257196396
881,"아이폰13프로 128, 85%",600000,https://m.bunjang.co.kr/products/256731317
882,아이폰 13프로 128,650000,https://m.bunjang.co.kr/products/255948895
883,아이폰 13프로 128기가 골드 배터리 91퍼,600000,https://m.bunjang.co.kr/products/257540535
884,아이폰13pro 128 화이트(실버),620000,https://m.bunjang.co.kr/products/256377974
885,아이폰 13프로 128기가 s급,650000,https://m.bunjang.co.kr/products/252459418
886,아이폰 13 pro 128,450000,https://m.bunjang.co.kr/products/255817650
887,"아이폰 15 프로 128 내추럴 -> 13,14 프로 시리즈 교환",1111111,https://m.bunjang.co.kr/products/254059124
888,아이폰 13프로 128기가 87%(외관 aaa급),630000,https://m.bunjang.co.kr/products/257418734
889,아이폰13프로 128기가256기가 무잔상 무찍힘 상태최상 ^^,670000,https://m.bunjang.co.kr/products/239529173
890,아이폰13프로 128기가256기가 무잔상 무찍힘 상태최상 ^^,660000,https://m.bunjang.co.kr/products/239529362
891,아이폰13프로 128기가,560000,https://m.bunjang.co.kr/products/256461810
892,아이폰 13프로 128 그라파이트 S급,690000,https://m.bunjang.co.kr/products/256521264
893,아이폰 13 프로 시에라블루 128기가,610000,https://m.bunjang.co.kr/products/255786056
894,아이폰13프로 시에라블루 128기가 미사용 리퍼 새제품 판매합니다.,780000,https://m.bunjang.co.kr/products/258131389
895,아이폰 13pro 128기가 시에라 블루,550000,https://m.bunjang.co.kr/products/254155484
896,아이폰13프로 알파인그린 128기가 s급,590000,https://m.bunjang.co.kr/products/256894112
897,아이폰13프로 128기가256기가 무잔상 무찍힘 상태최상 ^^,660000,https://m.bunjang.co.kr/products/239528915
898,아이폰13프로pro 128 그래파이트+이어폰,600000,https://m.bunjang.co.kr/products/245095131
899,아이폰 13프로 시에라블루 128기가,600000,https://m.bunjang.co.kr/products/254690621
900,아이폰 13프로 시에라 블루 128기가 s급,690000,https://m.bunjang.co.kr/products/256516595
901,13미니 84프로 128입니자,350000,https://m.bunjang.co.kr/products/256318443
902,아이폰13프로128기가,400000,https://m.bunjang.co.kr/products/255605142
903,아이폰13프로 그래파이트 128기가 87%,670000,https://m.bunjang.co.kr/products/255895571
904,아이폰13프로 128 시에라블루,600000,https://m.bunjang.co.kr/products/255319295
905,아이폰 13프로 128기가 그래파이트,600000,https://m.bunjang.co.kr/products/255941442
906,(S급)아이폰13프로 128 블랙 판매해요,650000,https://m.bunjang.co.kr/products/258353757
907,(카메라 셔터음 X) 듀얼심 아이폰 13프로 128기가 판매합니다,720000,https://m.bunjang.co.kr/products/255035337
908,아이폰 13pro 128,700000,https://m.bunjang.co.kr/products/254915331
909,아이폰13프로 128기가,650000,https://m.bunjang.co.kr/products/255611921
910,아이폰13프로(128기가) 판매합니다,600000,https://m.bunjang.co.kr/products/256237574
911,아이폰 13프로 시에라블루 128 팝니다,540000,https://m.bunjang.co.kr/products/255883889
912,아이폰 13 프로 128기가,400000,https://m.bunjang.co.kr/products/255472092
913,아이폰13프로 128,660000,https://m.bunjang.co.kr/products/254287540
914,아이폰 13프로 그래파이트 128기가 판매합니다.,590000,https://m.bunjang.co.kr/products/256179121
915,아이폰13프로 128 시에라 블루 박스 및 케이스 포함,650000,https://m.bunjang.co.kr/products/256434663
916,아이폰 13 PRO 그래파이트 128기가,630000,https://m.bunjang.co.kr/products/255192566
917,아이폰13pro 128기가 그래파이트,550000,https://m.bunjang.co.kr/products/255468519
918,아이폰 13미니 스타라이트 배터리 성능 95프로 128기가,430000,https://m.bunjang.co.kr/products/256423593
919,아이폰 13프로 128기가,600000,https://m.bunjang.co.kr/products/255013429
920,아이폰 13프로 시에라블루 128,700000,https://m.bunjang.co.kr/products/255205238
921,아이폰13프로 128기가 블루색상 정상해지,600000,https://m.bunjang.co.kr/products/255172172
922,13프로 128 배터리85%,590000,https://m.bunjang.co.kr/products/254027672
923,아이폰 13프로 128 팝니다,550000,https://m.bunjang.co.kr/products/254907755
924,아이폰 13프로 128기가 판매합니다,600000,https://m.bunjang.co.kr/products/255540890
925,아이폰13프로 시에라블루 128,620000,https://m.bunjang.co.kr/products/255012870
926,아이폰 13프로 128 리퍼새상품,800000,https://m.bunjang.co.kr/products/254102013
927,아이폰13 프로 알파인 그린 128,550000,https://m.bunjang.co.kr/products/255039840
928,아이폰13프로 128,620000,https://m.bunjang.co.kr/products/254548053
929,아이폰13프로/128기가/87%무잔상 컨디션 좋아요 싸게올립니다,685000,https://m.bunjang.co.kr/products/235731548
930,아이폰 13프로 128기가,350000,https://m.bunjang.co.kr/products/254218865
931,아이폰 13 프로 맥스 시에라블루 128기가,670000,https://m.bunjang.co.kr/products/254925541
932,상태최상/ 아이폰 13 프로pro 128기가 스마트폰,680000,https://m.bunjang.co.kr/products/253587094
933,아이폰13프로 화이트 128기가 팝니다,650000,https://m.bunjang.co.kr/products/250301735
934,아이폰 13프로 128기가 s급,570000,https://m.bunjang.co.kr/products/254821562
935,아이폰 13pro 128기가 팔아요,600000,https://m.bunjang.co.kr/products/255039629
936,아이폰 13pro max 128 시에라블루 팝니다,700000,https://m.bunjang.co.kr/products/255257873
937,아이폰 13프로 128기가,400000,https://m.bunjang.co.kr/products/254554533
938,아이폰13프로 128기가 블루,600000,https://m.bunjang.co.kr/products/249830457
939,아이폰13프로골드 128 s급 자급제,560000,https://m.bunjang.co.kr/products/255015562
940,아이폰 13프로 128 시에라블루 S급 팝니다!!,650000,https://m.bunjang.co.kr/products/254008105
941,아이폰xr128 (13프로 하우징),280000,https://m.bunjang.co.kr/products/254616619
942,아이폰13프로 128기가 블랙,682000,https://m.bunjang.co.kr/products/254682526
943,아이폰 13 프로 128 블루,600000,https://m.bunjang.co.kr/products/254284767
944,아이폰 13프로 128기가(수리필요),299000,https://m.bunjang.co.kr/products/254837977
945,아이폰13pro 128,550000,https://m.bunjang.co.kr/products/254034326
946,아이폰13프로 128기가,670000,https://m.bunjang.co.kr/products/257714793
947,아이폰 13프로 128기가 실버 91%,600000,https://m.bunjang.co.kr/products/254683192
948,아이폰13프로 128기가,680000,https://m.bunjang.co.kr/products/253312632
949,아이폰13프로 128 그라파이트,650000,https://m.bunjang.co.kr/products/254138073
950,아이폰13프로 128기가,550000,https://m.bunjang.co.kr/products/254143511
951,"아이폰13프로 시에라블루 128BG (A급, 인천)",630000,https://m.bunjang.co.kr/products/254649530
952,아이폰13프로 128 그라파이트 블랙 (네고문의X),590000,https://m.bunjang.co.kr/products/254958776
953,아이폰13프로 128 시에라블루,640000,https://m.bunjang.co.kr/products/253429258
954,아이폰 13 프로 골드 128기가,520000,https://m.bunjang.co.kr/products/250387223
955,아이폰 13pro 시에라블루 128 급처합니다,650000,https://m.bunjang.co.kr/products/255028974
