,Title,Price,Link
0,"파손폰매입,아이폰11,12,13프로,프로맥스,깨진부품용폰,xs,x",980000,https://m.bunjang.co.kr/products/159660831
1,아이폰13프로 256 액정리퍼 골드,830000,https://m.bunjang.co.kr/products/256656810
2,아이폰13Pro max 256 애플워치 44m 나이키,1000000,https://m.bunjang.co.kr/products/258217134
3,아이폰 13pro max 256기가 골드 S급,1000000,https://m.bunjang.co.kr/products/257109857
4,아이폰 13프로 맥스 256기가 89프로,750000,https://m.bunjang.co.kr/products/256375658
5,13promax 256 카메라무음 그래파이트 물리심가능 팔아요,800000,https://m.bunjang.co.kr/products/255522569
6,아이폰 13 프로 맥스 256 시에라 블루 자급제,850000,https://m.bunjang.co.kr/products/255231608
7,아이폰13promax256,800000,https://m.bunjang.co.kr/products/254327502
8,아이폰13프로맥스 promax 256 그래파이트,750000,https://m.bunjang.co.kr/products/254573799
9,아이폰 13프로 맥스 256 실버,890000,https://m.bunjang.co.kr/products/249582329
10,아이폰13 pro max 시에라블루 256 아이폰13 프로맥스,960000,https://m.bunjang.co.kr/products/221751784
11,아이폰13프로 맥스 256기가 액정깨짐 시에라 블루,650000,https://m.bunjang.co.kr/products/250058162
12,아이폰 13 PRO MAX 256+케이스티파이케이스,1050000,https://m.bunjang.co.kr/products/247980678
13,아이폰13 PRO MAX 256 풀박스 상태 A 79만원,790000,https://m.bunjang.co.kr/products/246059256
14,I phone 13 pro max 256 gb,1000000,https://m.bunjang.co.kr/products/244464586
15,아이폰13프로 맥스 256 하늘색,850000,https://m.bunjang.co.kr/products/243934941
16,아이폰 13프로 맥스 256기가 스벅 케이스티파이 팝니다.,800000,https://m.bunjang.co.kr/products/248517298
17,아이폰 13프로 맥스 256 시에라블루 새상품 후면 파손,350000,https://m.bunjang.co.kr/products/242121478
18,아이폰 13promax 256시에라블루,870000,https://m.bunjang.co.kr/products/240366028
19,아이폰 13프로맥스(pro max) 256기가 그래파이트,720000,https://m.bunjang.co.kr/products/240848709
20,아이폰13promax 256 시에라블루,1000000,https://m.bunjang.co.kr/products/240323023
21,아이폰 13프로 맥스 256기가 실버,880000,https://m.bunjang.co.kr/products/239999447
22,아이폰 13 pro max 256기가 (상태좋음),900000,https://m.bunjang.co.kr/products/240005135
23,아이폰 13 프로맥스(pro max) 그래파이트 256,850000,https://m.bunjang.co.kr/products/239583578
24,아이폰 13 프로 맥스 화이트 실버 256 자급제,890000,https://m.bunjang.co.kr/products/239566377
25,아이폰13pro맥스256 스페이스그레이,980000,https://m.bunjang.co.kr/products/236651559
26,아이폰 13 프로 맥스 256 그라파이트 + 애플 정품 클리어 케이스,900000,https://m.bunjang.co.kr/products/239114762
27,아이폰 13pro max 256기가 판매합니다.,1200000,https://m.bunjang.co.kr/products/232712060
28,아이폰13프로 맥스 알파인그린 256 팝니다,1000000,https://m.bunjang.co.kr/products/209722183
29,아이폰 13pro max 256,1050000,https://m.bunjang.co.kr/products/218804177
30,아이폰13프로 맥스 256 블랙 -> 13프로 256시에라블루,1200000,https://m.bunjang.co.kr/products/223106096
31,아이폰 13프로 맥스 256 골드 판매합니다!,1000000,https://m.bunjang.co.kr/products/222620324
32,아이폰13PRO Max 256기가팝니다,1149000,https://m.bunjang.co.kr/products/221793612
33,아이폰 13promax 256 그래파이트,1100000,https://m.bunjang.co.kr/products/219996462
34,아이폰13프로맥스256골드,1000000,https://m.bunjang.co.kr/products/258987043
35,아이폰13프로맥스 256GB (시에라블루),850000,https://m.bunjang.co.kr/products/258566778
36,아이폰 13프로맥스 256G 블랙 A급 배터리 91% 팝니다,940000,https://m.bunjang.co.kr/products/258126492
37,아이폰 13promax,850000,https://m.bunjang.co.kr/products/258883281
38,아이폰13프로맥스256골드,1000000,https://m.bunjang.co.kr/products/258775536
39,아이폰13promax256g 풀박스,800000,https://m.bunjang.co.kr/products/257602910
40,리퍼폰 아이폰13프로맥스 256기가 블랙색상판매합니다,1050000,https://m.bunjang.co.kr/products/237566889
41,아이폰12프로맥스 256기가 배터리82% A급 13프로교환,550000,https://m.bunjang.co.kr/products/258754783
42,아이폰 13 프로맥스 256 판매합니다!,900000,https://m.bunjang.co.kr/products/239256412
43,[리퍼 미사용]아이폰13Pro MAX 그파 256G,1220000,https://m.bunjang.co.kr/products/239275279
44,자급제 미사용 아이폰13프로맥스 256기가 시에라블루 풀박스,1020000,https://m.bunjang.co.kr/products/244421018
45,아이폰 13프로맥스 256GB,900000,https://m.bunjang.co.kr/products/258897099
46,아이폰13프로맥스 시에라블루 256기가,950000,https://m.bunjang.co.kr/products/258909000
47,아이폰 13프로맥스 스페이스그레이 256,1050000,https://m.bunjang.co.kr/products/250967785
48,아이폰13프로맥스 256g,850000,https://m.bunjang.co.kr/products/238972946
49,아이폰13프로 맥스 5G 256G 시에라블루,777000,https://m.bunjang.co.kr/products/258187369
50,아이폰 13 프로 맥스 256G 그래파이트 자급제 상태좋음,830000,https://m.bunjang.co.kr/products/255594460
51,13프로맥스 알파인그린 256 애플케어플러스,900000,https://m.bunjang.co.kr/products/251217323
52,아이폰13프로맥스 256기가 시에라블루,870000,https://m.bunjang.co.kr/products/258684203
53,아이폰13프로맥스 256g 새제품급,850000,https://m.bunjang.co.kr/products/258378045
54,아이폰13 프로맥스 256G 시에라블루 리퍼새제품,980000,https://m.bunjang.co.kr/products/257542169
55,아이폰13프로맥스 256. 애플케어 가입상태 배터리 100프로,900000,https://m.bunjang.co.kr/products/258027450
56,아이폰13프로맥스 256GB 블루 배터리 91%,755000,https://m.bunjang.co.kr/products/256441615
57,아이폰13프로맥스 256GB 미개봉 미사용 리퍼,1000000,https://m.bunjang.co.kr/products/253948379
58,188287 아이폰13프로맥스 골드 SSS급 256GB 배터리100%,1080000,https://m.bunjang.co.kr/products/258942887
59,자급제 미사용 아이폰13프로맥스 256기가 그래파이트 풀박스,1050000,https://m.bunjang.co.kr/products/255034508
60,아이폰13프로맥스 시에라블루 256 배터리99+정품가죽케이스 청량케이스,900000,https://m.bunjang.co.kr/products/257985835
61,아이폰13프로맥스 256 실버 풀박,890000,https://m.bunjang.co.kr/products/255665048
62,(S급)풀박스 아이폰13프로맥스 256 블랙 판매해요,870000,https://m.bunjang.co.kr/products/258904828
63,아이폰 13 프로 맥스 256G 시에라 블루 리퍼 미사용,1000000,https://m.bunjang.co.kr/products/258815838
64,아이폰 13프로맥스 그라파이트 256기가,660000,https://m.bunjang.co.kr/products/258422459
65,아이폰13프로맥스 256팝니다,800000,https://m.bunjang.co.kr/products/258468694
66,아이폰13프로맥스 256 시에라블루,800000,https://m.bunjang.co.kr/products/210718402
67,아이폰13프로맥스256골드,1000000,https://m.bunjang.co.kr/products/258749544
68,아이폰 13proMAX 256GB 시에라블루 S급 풀박스,650000,https://m.bunjang.co.kr/products/239957708
69,아이폰13프로맥스256골드,1000000,https://m.bunjang.co.kr/products/258673225
70,아이폰13프로맥스256골드,1000000,https://m.bunjang.co.kr/products/258662722
71,아이폰13프로맥스256골드,1000000,https://m.bunjang.co.kr/products/258534074
72,"아이폰 13 프로맥스 256 자급제. (시에라블루, 배터리효율82%)",800000,https://m.bunjang.co.kr/products/258754927
73,아이폰13프로맥스 256G 배터리99%팝니다,950000,https://m.bunjang.co.kr/products/258665885
74,아이폰 13프로맥스 256 시에라 블루,950000,https://m.bunjang.co.kr/products/256830806
75,아이폰13프로맥스256 시에라블루,850000,https://m.bunjang.co.kr/products/258603133
76,아이폰 13 프로맥스 256GB 골드 (1.5년 사용 2022.08 구매,900000,https://m.bunjang.co.kr/products/255701672
77,아이폰13프로맥스 256gb 그래파이트s급,850000,https://m.bunjang.co.kr/products/252148774
78,아이폰 13 프로맥스 256 화이트,780000,https://m.bunjang.co.kr/products/256924087
79,아이폰13 프로맥스 256,800000,https://m.bunjang.co.kr/products/257264522
80,아이폰 13 프로맥스 실버 256G 자급제,780000,https://m.bunjang.co.kr/products/240718336
81,아이폰13 프로맥스 256기가 판매,730000,https://m.bunjang.co.kr/products/254621564
82,아이폰13프로맥스 256,780000,https://m.bunjang.co.kr/products/257668615
83,아이폰 13프로맥스 시에라블루 256g A급 75팝니다,750000,https://m.bunjang.co.kr/products/258255511
84,아이폰13프로맥스 256기가 판매중,850000,https://m.bunjang.co.kr/products/257985481
85,"아이폰13PRO, pro max 256GB 구합니다",500000,https://m.bunjang.co.kr/products/257114777
86,아이폰13프로맥스256,920000,https://m.bunjang.co.kr/products/257743553
87,아이폰13프로맥스 256GB,800000,https://m.bunjang.co.kr/products/247852689
88,아이폰 13프로맥스 256 자급제 그린,850000,https://m.bunjang.co.kr/products/256296648
89,아이폰 13프로맥스 256 풀박스,750000,https://m.bunjang.co.kr/products/255861843
90,iPhone 13 Pro Max 256gb,799000,https://m.bunjang.co.kr/products/256592647
91,아이폰13프로맥스 256 팝니다,790000,https://m.bunjang.co.kr/products/252539432
92,13pro max 256G 배터리95% 상태좋음,760000,https://m.bunjang.co.kr/products/254484142
93,아이폰 13프로맥스 256기가 시에라블루(S급),850000,https://m.bunjang.co.kr/products/255242275
94,아이폰 13 프로맥스 256기가 시에라블루 색상,730000,https://m.bunjang.co.kr/products/241244889
95,아이폰13프로맥스 256gb ios16.6.1,870000,https://m.bunjang.co.kr/products/258413298
96,아이폰13프로맥스 256GB 시에라블루 판매합니다 (김해플렉스샵),820000,https://m.bunjang.co.kr/products/241952299
97,아이폰 13pro max 256g,680000,https://m.bunjang.co.kr/products/257652143
98,아이폰 13 프로 맥스 256G 블랙,800000,https://m.bunjang.co.kr/products/255298989
99,아이폰13프로맥스 256 실버 리퍼 미사용,1000000,https://m.bunjang.co.kr/products/252278922
100,아이폰13프로맥스 256기가팝니다 사용감없고 배터리성능괜찮습니다,850000,https://m.bunjang.co.kr/products/256092670
101,아이폰 13프로맥스 골드 256GB 풀박스,900000,https://m.bunjang.co.kr/products/251006745
102,아이폰13프로맥스 256 S급,830000,https://m.bunjang.co.kr/products/251316243
103,아이폰 13프로맥스 256기가,750000,https://m.bunjang.co.kr/products/250286296
104,애플 13프로맥스 256 87프로 팝니다,800000,https://m.bunjang.co.kr/products/250198259
105,아이폰13프로맥스256GB 그래파이트,880000,https://m.bunjang.co.kr/products/253789475
106,아이폰13 프로맥스 256G 애플케어,880000,https://m.bunjang.co.kr/products/255621941
107,아이폰13 프로맥스 256G,780000,https://m.bunjang.co.kr/products/249134938
108,외관깨끗 아이폰13프로맥스 100% 그레이 256GB 판매 173427,836000,https://m.bunjang.co.kr/products/254100607
109,아이폰 13 프로맥스 256g,740000,https://m.bunjang.co.kr/products/245049981
110,아이폰13프로맥스 256G 그라파이트,860000,https://m.bunjang.co.kr/products/257010194
111,아이폰13프로맥스 256기가 배터리94%,650000,https://m.bunjang.co.kr/products/251491129
112,아이폰 13pro max 256GB,800000,https://m.bunjang.co.kr/products/249742033
113,리퍼 미사용 아이폰13 프로맥스256 리퍼,1000000,https://m.bunjang.co.kr/products/249794010
114,아이폰 13 PRO MAX 256GB,850000,https://m.bunjang.co.kr/products/241627077
115,아이폰 13PRO MAX 256GB,780000,https://m.bunjang.co.kr/products/241502226
116,아이폰 13프로맥스 256GB,680000,https://m.bunjang.co.kr/products/248600645
117,아이폰13맥스프로 256g그래파이트,864500,https://m.bunjang.co.kr/products/249801675
118,아이폰13프로맥스 256G 자급제,850000,https://m.bunjang.co.kr/products/248912184
119,아이폰13프로맥스 256기가 그래파이트,700000,https://m.bunjang.co.kr/products/249246150
120,아이폰13프로맥스 256 실버,750000,https://m.bunjang.co.kr/products/242941147
121,아이폰13프로맥스 256 판매,800000,https://m.bunjang.co.kr/products/248036175
122,아이폰 13 프로맥스 256G 판매합니다(애플케어 포함),850000,https://m.bunjang.co.kr/products/250452962
123,아이폰 13프로맥스 256 화이트,780000,https://m.bunjang.co.kr/products/243845513
124,아이폰 13 프로맥스 256기가 시에라블루 판매합니다,700000,https://m.bunjang.co.kr/products/247713731
125,아이폰13프로맥스 256기가 케이스도 드려요,1170000,https://m.bunjang.co.kr/products/247726215
126,아이폰13프로맥스 256,890000,https://m.bunjang.co.kr/products/246317377
127,아이폰12프로맥스교환256기가 스그>13프로,999999,https://m.bunjang.co.kr/products/247702318
128,"아이폰 13ProMax 256GB 배터리83% 판매중, 택배 직거래 ok",780000,https://m.bunjang.co.kr/products/245970998
129,아이폰 13 프로 맥스 256GB 실버,880000,https://m.bunjang.co.kr/products/244047280
130,아이폰13promax 256gb,700000,https://m.bunjang.co.kr/products/246481670
131,아이폰13프로맥스 256기가 s급,730000,https://m.bunjang.co.kr/products/246000248
132,아이폰 13 프로맥스 256,780000,https://m.bunjang.co.kr/products/242706969
133,아이폰 13 프로맥스 256기가 88% 필름깨짐,820000,https://m.bunjang.co.kr/products/244414256
134,아이폰13프로맥스 256기가 풀박스 (그래파이트),890000,https://m.bunjang.co.kr/products/242579577
135,아이폰13프로맥스 256GB,800000,https://m.bunjang.co.kr/products/246087641
136,아이폰13 프로맥스 256기가 골드,730000,https://m.bunjang.co.kr/products/249604170
137,아이폰 13프로 맥스 256gb,850000,https://m.bunjang.co.kr/products/203826153
138,아이폰13PROMAX 256G,750000,https://m.bunjang.co.kr/products/243682611
139,아이폰13 프로맥스 256GB 시에라블루,680000,https://m.bunjang.co.kr/products/249729082
140,아이폰 13프로맥스 256,800000,https://m.bunjang.co.kr/products/242245968
141,아이폰13 Pro Max 256gb 실버,850000,https://m.bunjang.co.kr/products/241230321
142,아이폰13프로맥스 256,1150000,https://m.bunjang.co.kr/products/226624622
143,아이폰 13 프로맥스 256기가,1020000,https://m.bunjang.co.kr/products/234856564
144,아이폰13프로맥스 256 실버 효율93,850000,https://m.bunjang.co.kr/products/243145414
145,아이폰 13프로 맥스 256g 밧데리 97%,850000,https://m.bunjang.co.kr/products/241561032
146,아이폰 13프로맥스 256기가,850000,https://m.bunjang.co.kr/products/240984347
147,아이폰13프로맥스 256 애플워치8 45mm gps같이 팜니다,1300000,https://m.bunjang.co.kr/products/245344932
148,아이폰 13 프로맥스 실버 256,800000,https://m.bunjang.co.kr/products/240638230
149,아이폰 13 프로맥스 256 판매,785000,https://m.bunjang.co.kr/products/240648866
150,아이폰13프로맥스256,750000,https://m.bunjang.co.kr/products/248358172
151,아이폰13프로맥스 256,800000,https://m.bunjang.co.kr/products/242440604
152,아이폰 13프로맥스 256 S급(급해서 싸게합니다),740000,https://m.bunjang.co.kr/products/248765962
153,아이폰 13PRO MAX 256G 그레파이트 판매합니다,830000,https://m.bunjang.co.kr/products/239991125
154,아이폰 13 프로맥스 256 시에라블루,680000,https://m.bunjang.co.kr/products/241709350
155,아이폰 13 프로맥스 256기가,983000,https://m.bunjang.co.kr/products/240950777
156,아이폰 13 pro max 256GB 그래파이트 팝니다,750000,https://m.bunjang.co.kr/products/240895962
157,아이폰 13 pro max 256GB 그래파이트 팝니다!,750000,https://m.bunjang.co.kr/products/241116533
158,아이폰 13 프로맥스 256기가 알파인그린,800000,https://m.bunjang.co.kr/products/242286439
159,아이폰13프로맥스256 그래파이트,830000,https://m.bunjang.co.kr/products/243743132
160,아이폰 13Pro Max 알파인그린 256g 배터리 100%,900000,https://m.bunjang.co.kr/products/242621030
161,아이폰13프로맥스 256기가 시에라블루,800000,https://m.bunjang.co.kr/products/243044479
162,애플 아이폰13프로맥스 256GB 실버 95퍼 팝니다 울산중고폰,1081000,https://m.bunjang.co.kr/products/239547945
163,아이폰13프로맥스 256기가,750000,https://m.bunjang.co.kr/products/247279869
164,아이폰 13pro max 256g 시에라 블루,870000,https://m.bunjang.co.kr/products/240125122
165,아이폰13프로맥스 핑크골드 256,900000,https://m.bunjang.co.kr/products/242184519
166,아이폰 13 프로 맥스 256gb,990000,https://m.bunjang.co.kr/products/239649471
167,급처!! 배터리성능80 S급 아이폰 13pro max 256gb,900000,https://m.bunjang.co.kr/products/243237381
168,애플 아이폰13프로맥스 256GB 실버 팝니다 울산중고폰 중고폰,1081000,https://m.bunjang.co.kr/products/239940148
169,아이폰 13 프로 맥스 256GB,940000,https://m.bunjang.co.kr/products/239497550
170,아이폰13프로맥스 256G 팝니다!,800000,https://m.bunjang.co.kr/products/242589754
171,아이폰 13 프로맥스 256 자급제,990000,https://m.bunjang.co.kr/products/234938344
172,아이폰13프로맥스 256 시에라블루,820000,https://m.bunjang.co.kr/products/239657977
173,아이폰 13프로맥스 256G 풀박,1100000,https://m.bunjang.co.kr/products/240431902
174,아이폰13프로맥스 256 실버 화이트,900000,https://m.bunjang.co.kr/products/240584185
175,아이폰13프로맥스 256기가,780000,https://m.bunjang.co.kr/products/241385932
176,아이폰 13 pro max 256GB,950000,https://m.bunjang.co.kr/products/240472391
177,13프로맥스256,820000,https://m.bunjang.co.kr/products/240099933
178,아이폰13 프로맥스 256GB,900000,https://m.bunjang.co.kr/products/239832796
179,아이폰13프로맥스 256GB 시에라블루,799999,https://m.bunjang.co.kr/products/242470029
180,아이폰13프로맥스 (256GB/그래파이트),640000,https://m.bunjang.co.kr/products/245184786
181,아이폰 13프로맥스 256 시에나블루 배터리85,829000,https://m.bunjang.co.kr/products/241187309
182,아이폰 13pro max 256GB 시에라 블루,950000,https://m.bunjang.co.kr/products/234373152
183,아이폰 13 pro max 256G팝키다,850000,https://m.bunjang.co.kr/products/240868604
184,아이폰 13 promax 프로맥스 256gb 그라파이트 팝니다,850000,https://m.bunjang.co.kr/products/240778397
185,아이폰 13 프로맥스 256gb 실버 자급제,950000,https://m.bunjang.co.kr/products/239528939
186,아이폰13 프로맥스 256 시에라블루,900000,https://m.bunjang.co.kr/products/239658110
187,아이폰13 프로맥스 256 시에라블루,900000,https://m.bunjang.co.kr/products/239654617
188,아이폰13프로맥스 256 실버 베터리94퍼,890000,https://m.bunjang.co.kr/products/236751577
189,아이폰 13 프로맥스 256기가 시에라블루,850000,https://m.bunjang.co.kr/products/239499999
190,아이폰13 프로맥스 256 그라파이트,880000,https://m.bunjang.co.kr/products/239036734
191,아이폰13프로맥스256GB 판매,830000,https://m.bunjang.co.kr/products/242613308
192,아이폰12프로 아이폰13프로맥스 둘다256 상태 a급팝니다,1600000,https://m.bunjang.co.kr/products/240549323
193,아이폰 13프로맥스 시에라블루 256GB,800000,https://m.bunjang.co.kr/products/239801073
194,아이폰 13 pro max 그래파이트 256gb,900000,https://m.bunjang.co.kr/products/239106758
195,아이폰13프로맥스256스그 후면파손팝니다,600000,https://m.bunjang.co.kr/products/241988936
196,아이폰13프로맥스 256G,999999,https://m.bunjang.co.kr/products/239629508
197,아이폰13프로맥스 256기가,850000,https://m.bunjang.co.kr/products/239340567
198,아이폰13프로맥스 256g 상태a급,900000,https://m.bunjang.co.kr/products/239903421
199,아이폰 13프로맥스 256,1050000,https://m.bunjang.co.kr/products/242101531
200,(SS급/풀셋) 아이폰 13 pro max 256GB 그래파이트,980000,https://m.bunjang.co.kr/products/239725882
201,아이폰 13프로맥스 256 리퍼 시에라블루,1100000,https://m.bunjang.co.kr/products/238509260
202,아이폰13프로맥스 256gb 시에라블루 색상,820000,https://m.bunjang.co.kr/products/239432195
203,아이폰13프로맥스 256 블루 리퍼 신제품 바로수령,1150000,https://m.bunjang.co.kr/products/239679594
204,아이폰13프로맥스256상태 A배터리87,1050000,https://m.bunjang.co.kr/products/240574341
205,아이폰 13 프로맥스 256g 애케플 12월16일까지,800000,https://m.bunjang.co.kr/products/239770213
206,아이폰13프로맥스 256GB 실버 + 애플정품케이스 미사용 + 풀커버필름,800000,https://m.bunjang.co.kr/products/241303262
207,S급 아이폰13프로맥스 256기가 판매합니다! 배터리 사이클 94프로,920000,https://m.bunjang.co.kr/products/239651494
208,아이폰 13프로 맥스 256g 화이트 실버,1210000,https://m.bunjang.co.kr/products/236885959
209,아이폰13프로맥스 256 실버 (스크래치없음),1000000,https://m.bunjang.co.kr/products/239408087
210,아이폰13프로맥스 256GB 시에라블루,900000,https://m.bunjang.co.kr/products/239543936
211,아이폰13프로맥스256G 실버,950000,https://m.bunjang.co.kr/products/240468407
212,(애플공홈판)아이폰13프로맥스256 골드,850000,https://m.bunjang.co.kr/products/240781707
213,"배터리98%, 애플케어플러스 아이폰13 프로맥스 256기가",1200000,https://m.bunjang.co.kr/products/239395516
214,아이폰13프로맥스256 자급제+애케플 상태SSS급 팝니다,1050000,https://m.bunjang.co.kr/products/240399403
215,아이폰 13 pro max 화이트 256GB,1100000,https://m.bunjang.co.kr/products/236474037
216,아이폰13프로맥스 256기가 A급. 시에라 블루. 애플케어플러스(202,900000,https://m.bunjang.co.kr/products/240400268
217,아이폰 13프로맥스 256,940000,https://m.bunjang.co.kr/products/239129078
218,아이폰13 pro max 256gb 시에라 블루,1060000,https://m.bunjang.co.kr/products/237110933
219,아이폰 13 프로맥스 256기가 단순개봉,1320000,https://m.bunjang.co.kr/products/231714154
220,아이폰13프로맥스256기가 시애라블루바로삽니다!!!ㅜㅜ,700000,https://m.bunjang.co.kr/products/240542393
221,아이폰13프로맥스 256G 그라파이트(애플케어플러스),1050000,https://m.bunjang.co.kr/products/241869945
222,당일발송 아이폰13프로맥스 128G/256G 등급별 최저가 중고폰 공기계,799000,https://m.bunjang.co.kr/products/237649202
223,배터리96 A+급 아이폰13프로맥스 256G 그래파이트 (700),1150000,https://m.bunjang.co.kr/products/237621396
224,아이폰13 프로맥스 256 배터리 효율 95%,980000,https://m.bunjang.co.kr/products/233219121
225,아이폰15프로맥스 256기가 블루 13일 도착,1950000,https://m.bunjang.co.kr/products/238994537
226,A+급 아이폰13프로맥스 256G 시애라블루 (498),1150000,https://m.bunjang.co.kr/products/235714140
227,아이폰13프로맥스 실버 256GB배터리87% 상태좋은중고98만1000원팜,981000,https://m.bunjang.co.kr/products/239267089
228,아이폰13프로맥스 실버 256G 배터리 93% 외관 S급 팝니다,1140000,https://m.bunjang.co.kr/products/231774152
229,아이폰13프로맥스 256기가 풀박스 A급,1000000,https://m.bunjang.co.kr/products/231648414
230,아이폰13프로맥스 256 자급제 s급,1100000,https://m.bunjang.co.kr/products/235154835
231,아이폰 13프로맥스 256,1090000,https://m.bunjang.co.kr/products/227856236
232,아이폰13프로맥스 256g,1050000,https://m.bunjang.co.kr/products/230210989
233,아이폰13프로맥스 그래파이트 256GB배터리87%상태좋은중고102만3천팜,1023000,https://m.bunjang.co.kr/products/238024459
234,아이폰13 Pro Max 256G,1100000,https://m.bunjang.co.kr/products/228934746
235,풀박스)아이폰13프로맥스 256 시에라블루 판매합니다,1100000,https://m.bunjang.co.kr/products/231619241
236,아이폰13프로맥스 스페이스그레이 256 애케플,1280000,https://m.bunjang.co.kr/products/230176889
237,깨진 아이폰 13프로맥스 256기가,900000,https://m.bunjang.co.kr/products/228451282
238,아이폰13프로맥스 256g,1000000,https://m.bunjang.co.kr/products/233306006
239,아이폰 13프로맥스 256기가 시에라블루 팝니다,1100000,https://m.bunjang.co.kr/products/227698751
240,"아이폰13프로맥스256gb,에어팟3,애플워치8 45mm",1500000,https://m.bunjang.co.kr/products/232722744
241,아이폰 13프로맥스 256 판매해요,1050000,https://m.bunjang.co.kr/products/225546817
242,아이폰 13 프로맥스 256g,1050000,https://m.bunjang.co.kr/products/223734766
243,아이폰13프로맥스골드 256기가 팝니다,1200000,https://m.bunjang.co.kr/products/226672833
244,아이폰14프로맥스 골드 256GB 배터리96% 상태좋은 중고136만1천팜,1361000,https://m.bunjang.co.kr/products/231401030
245,깨짐 아이폰 13프로맥스 256 아이폰 14pro 교환 이나 팝니다,800000,https://m.bunjang.co.kr/products/225963879
246,아이폰 13 프로 맥스 256GB 애케플 가입,1200000,https://m.bunjang.co.kr/products/223949347
247,아이폰 13 프로맥스 256 팝니다,1100000,https://m.bunjang.co.kr/products/222645430
248,아이폰13프로맥스 실버 256GB 상태좋은 중고112만9천팝니다.,1129000,https://m.bunjang.co.kr/products/229340052
249,아이폰 13 프로맥스 256,1000000,https://m.bunjang.co.kr/products/221856832
250,아이폰13프로맥스 256기가 실버,1200000,https://m.bunjang.co.kr/products/224407904
251,아이폰13 프로맥스 256 국방,1250000,https://m.bunjang.co.kr/products/213043134
252,아이폰13프로맥스256,1250000,https://m.bunjang.co.kr/products/224130156
253,아이폰 13 프로맥스 256 시에라블루 팝니다,1150000,https://m.bunjang.co.kr/products/223299821
254,아이폰 13프로맥스 256 배터리 100,1200000,https://m.bunjang.co.kr/products/222315611
255,아이폰13프로맥스 256,1200000,https://m.bunjang.co.kr/products/222536961
256,아이폰13프로맥스 256g 그레파이트 s급 풀박 애케플,1150000,https://m.bunjang.co.kr/products/229529755
257,아이폰13프로맥스 256g,1250000,https://m.bunjang.co.kr/products/222869131
258,아이폰13프로맥스256 애케플o,1250000,https://m.bunjang.co.kr/products/224055390
259,( 탈옥 가능 ) ios15 아이폰13프로맥스 256 그래파이트,1280000,https://m.bunjang.co.kr/products/222958286
260,13프로맥스,1080000,https://m.bunjang.co.kr/products/222263140
261,아이폰13프로맥스 블루 256GB 배터리87%상태좋은 중고118만2천팜,1182000,https://m.bunjang.co.kr/products/225766423
262,아이폰 13 그래파이트 프로맥스 256GB 애캐플 판매합니다,1250000,https://m.bunjang.co.kr/products/221702556
263,애플 아이폰13 프로맥스 그라파이트 256기가 애케플,850000,https://m.bunjang.co.kr/products/256482376
264,아이폰13 프로맥스 256gb,1100000,https://m.bunjang.co.kr/products/201740262
265,아이폰13프로 맥스 256기가 급처,550000,https://m.bunjang.co.kr/products/258371023
266,아이폰 13 프로맥스 pro max 256 그라파이트,800000,https://m.bunjang.co.kr/products/258762350
267,아이폰 13 promax 256 화이트 미사용 리퍼 배터리 100,960000,https://m.bunjang.co.kr/products/257189612
268,아이폰 13프로 맥스 256기가/당일무료배송/ 정상해지,650000,https://m.bunjang.co.kr/products/257656450
269,아이폰 13 pro max 256 실버 (프로맥스),770000,https://m.bunjang.co.kr/products/258223772
270,아이폰 13 pro max 256 시에라블루,850000,https://m.bunjang.co.kr/products/255133748
271,아이폰 13 pro max 256 시에라블루 풀박스 판매합니다.,750000,https://m.bunjang.co.kr/products/256515241
272,아이폰 13 프로 맥스 256 풀박 정상해지,850000,https://m.bunjang.co.kr/products/256354679
273,아이폰 13프로 맥스 256 판매합니다,740000,https://m.bunjang.co.kr/products/252844860
274,아이폰13프로 맥스 256,800000,https://m.bunjang.co.kr/products/254533590
275,아이폰 13프로 맥스 256 87프로 판매합니다,740000,https://m.bunjang.co.kr/products/252847376
276,아이폰 13 pro 256기가 / 공기계 14 15 mini max,400000,https://m.bunjang.co.kr/products/250592791
277,13pro max -256 불루 배터리87%,700000,https://m.bunjang.co.kr/products/253642689
278,아이폰 13 프로 맥스 256 시에나블루,750000,https://m.bunjang.co.kr/products/253766233
279,아이폰 골드 프로맥스 256기가 iPhone 13 pro max 256G,650000,https://m.bunjang.co.kr/products/253986281
280,아이폰 13 프로 맥스 256 시에라블루 S급,800000,https://m.bunjang.co.kr/products/252478878
281,아이폰 13 프로 맥스 256기가 82%,650000,https://m.bunjang.co.kr/products/252416770
282,아이폰 13 프로 맥스 256기가 시에라블루 풀박스 판매합니다,750000,https://m.bunjang.co.kr/products/250940726
283,아이폰 13프로 맥스 블루 256,750000,https://m.bunjang.co.kr/products/251207988
284,아이폰13 프로 맥스 256 실버 전체리퍼폰 팝니다,1000000,https://m.bunjang.co.kr/products/257029331
285,아이폰 13 프로 맥스 256기가,660000,https://m.bunjang.co.kr/products/250389307
286,아이폰13프로맥스 256기가 pro max 256g 배터리 성능94프로,850000,https://m.bunjang.co.kr/products/255617559
287,아이폰 13 프로 맥스 256기가,680000,https://m.bunjang.co.kr/products/250303264
288,아이폰13프로맥스 pro max 256기가 실버 자급제,700000,https://m.bunjang.co.kr/products/250839733
289,아이폰13프로 맥스 256,800000,https://m.bunjang.co.kr/products/249896341
290,아이폰 13PROMAX 256 GB 그래파이트 A급 정상해지제품 !,800000,https://m.bunjang.co.kr/products/248983548
291,아이폰13 pro max 256 시에라블루,900000,https://m.bunjang.co.kr/products/239330888
292,아이폰 13 프로 맥스 256,820000,https://m.bunjang.co.kr/products/248926550
293,이이폰 13프로 맥스 256 시에라블루,760000,https://m.bunjang.co.kr/products/249059827
294,아이폰13promax 256기가 판매,840000,https://m.bunjang.co.kr/products/247603977
295,미사용) 아이폰 13 Pro Max 그래파이트 블랙 256기가,1000000,https://m.bunjang.co.kr/products/249227041
296,아이폰 13프로 맥스 256 상태s급+정품 맥세이프 드림,770000,https://m.bunjang.co.kr/products/251125058
297,아이폰13프로 맥스 256기가 90퍼,780000,https://m.bunjang.co.kr/products/252734782
298,아이폰 13프로맥스 pro max 골드 256기가 자급제,750000,https://m.bunjang.co.kr/products/247201701
299,아이폰 13프로 맥스 256 시에라블루,805000,https://m.bunjang.co.kr/products/251721541
300,아이폰 13프로 맥스 256 액정파손,550000,https://m.bunjang.co.kr/products/245912827
301,아이폰 13프로 맥스 256,790000,https://m.bunjang.co.kr/products/245343411
302,아이폰 13 프로 맥스 그래파이트 256기가,790000,https://m.bunjang.co.kr/products/249965175
303,아이폰 13Pro Max 256기가 그래바이트 색상 자급제 공기계,800000,https://m.bunjang.co.kr/products/249411808
304,아이폰13프로 맥스 그래파이트 256 새상품 풀박스 판매함,900000,https://m.bunjang.co.kr/products/242855254
305,아이폰13 프로맥스 시에라블루 256기가(13 PRO MAX),880000,https://m.bunjang.co.kr/products/243537680
306,아이폰 13프로 max 256,750000,https://m.bunjang.co.kr/products/241494679
307,아이폰13pro max 256 s급,1300000,https://m.bunjang.co.kr/products/198318615
308,아이폰13프로맥스 그린 256G 판매합니다,843000,https://m.bunjang.co.kr/products/258928164
309,아이폰 13 프로맥스 256 자급제 풀박,820000,https://m.bunjang.co.kr/products/257864269
310,아이폰 13 프로맥스 256,840000,https://m.bunjang.co.kr/products/253812417
311,(리퍼새제품) 아이폰 13프로맥스 256GB 시에라블루,980000,https://m.bunjang.co.kr/products/255064633
312,아이폰 13프로맥스 256GB 시에라블루 액정리퍼 A급,870000,https://m.bunjang.co.kr/products/255743320
313,아이폰13 프로 맥스 promax 256gb 시에라블루,780000,https://m.bunjang.co.kr/products/258782843
314,아이폰 13 프로맥스 256기가 풀박스 케이스티파이,710000,https://m.bunjang.co.kr/products/257611424
315,아이폰 13 프로맥스 256기가,800000,https://m.bunjang.co.kr/products/258686240
316,아이폰 13 pro max 실버 256GB,780000,https://m.bunjang.co.kr/products/257443566
317,(자급제) 아이폰 13 Pro max 실버 256gb 풀박스 A급 팝니다,770000,https://m.bunjang.co.kr/products/257821001
318,아이폰13 프로맥스 256 시에라 블루 S급,810000,https://m.bunjang.co.kr/products/258520457
319,아이폰 13 프로맥스 256g,560000,https://m.bunjang.co.kr/products/246514545
320,3/13구매 아이폰15 프로맥스 256 내추럴티타늄 판매or색상교환,1550000,https://m.bunjang.co.kr/products/258732185
321,아이폰 13 프로맥스 시에라블루 256GB 네고 쌉가능,730000,https://m.bunjang.co.kr/products/258126605
322,아이폰13프로맥스 256gb 풀박스,700000,https://m.bunjang.co.kr/products/255583344
323,아이폰13프로맥스 256 시에라블루,900000,https://m.bunjang.co.kr/products/258348079
324,A급 아이폰13프로맥스 256G 시에라블루 (035),820000,https://m.bunjang.co.kr/products/247843301
325,A급 아이폰13프로맥스 256G 시에라블루 (035),820000,https://m.bunjang.co.kr/products/247725413
326,아이폰 13프로맥스 256 팝니다,750000,https://m.bunjang.co.kr/products/258336934
327,A급 아이폰13프로맥스 256G 시에라블루 (035),820000,https://m.bunjang.co.kr/products/247644132
328,아이폰 13프로맥스 256GB 시에라블루 S급(배터리 성능 100%),850000,https://m.bunjang.co.kr/products/258104203
329,아이폰 13 프로맥스 256 화이트,800000,https://m.bunjang.co.kr/products/256963201
330,아이폰 13 프로 맥스 시에라 블루 256GB,800000,https://m.bunjang.co.kr/products/258051734
331,아이폰 13 프로 맥스 256g 블루 아주 깨끗합니다,800000,https://m.bunjang.co.kr/products/242105474
332,아이폰 13 프로맥스 256 시에라블루,880000,https://m.bunjang.co.kr/products/258149181
333,아이폰 13프로 맥스 256gb 외관상태 초s급 급처,700000,https://m.bunjang.co.kr/products/258276805
334,아이폰13 Pro Max 256Gb 미사용,950000,https://m.bunjang.co.kr/products/256696677
335,아이폰 13프로맥스 256기가,830000,https://m.bunjang.co.kr/products/257085414
336,[풀박스] 아이폰13 pro max 256G,500000,https://m.bunjang.co.kr/products/253964298
337,아이폰13프로맥스 256기가 화이트,750000,https://m.bunjang.co.kr/products/257584231
338,아이폰 13프로맥스 256기가 블루 색상,760000,https://m.bunjang.co.kr/products/250607816
339,13프로맥스 256 실버 애케플 팝니다,850000,https://m.bunjang.co.kr/products/255774997
340,아이폰 13프로맥스 256기가,830000,https://m.bunjang.co.kr/products/256033538
341,아이폰13 프로맥스 256 스그 판매합니다,730000,https://m.bunjang.co.kr/products/257154260
342,아이폰13 프로맥스 256 자급제 실버,800000,https://m.bunjang.co.kr/products/203199788
343,아이폰 13ProMax 256GB 판매합니다.,400000,https://m.bunjang.co.kr/products/258187407
344,아이폰13프로맥스256,700000,https://m.bunjang.co.kr/products/257061010
345,아이폰13프로맥스 256기가,750000,https://m.bunjang.co.kr/products/257169980
346,아이폰 13프로맥스 256 배터리 86,740000,https://m.bunjang.co.kr/products/255901997
347,아이폰13프로맥스 256기가 그래파이트 (풀박),800000,https://m.bunjang.co.kr/products/232629897
348,아이폰13 프로맥스 256기가 상턔 최상,880000,https://m.bunjang.co.kr/products/254218978
349,아이폰13프로맥스 256G 파손폰 팝니다.,310000,https://m.bunjang.co.kr/products/257570882
350,아이폰 13프로맥스 256 팝니다,725000,https://m.bunjang.co.kr/products/254634798
351,아이폰13프로맥스 시에라 블루256,780000,https://m.bunjang.co.kr/products/254554436
352,아이폰13 프로맥스 실버 256기가,850000,https://m.bunjang.co.kr/products/255412897
353,아이폰13 프로맥스 그래파이트 256기가 s급 팝니다. 배터리 성능 89,840000,https://m.bunjang.co.kr/products/257120464
354,아이폰13프로맥스 실버 256기가 풀박스(가격내림),810000,https://m.bunjang.co.kr/products/257707330
355,아이폰13프로맥스 256 그라파이트 팝니다,690000,https://m.bunjang.co.kr/products/256439914
356,아이폰13프로맥스 256GB 블루 배터리 86%,799000,https://m.bunjang.co.kr/products/257344911
357,아이폰13프로맥스256기가,600000,https://m.bunjang.co.kr/products/257049967
358,아이폰 13 Pro Max 256Gb (13프로 맥스),820000,https://m.bunjang.co.kr/products/255675252
359,아이폰 13프로맥스 256 화이트,800000,https://m.bunjang.co.kr/products/254535904
360,아이폰13프로맥스256 시에라블루 판매합니다,830000,https://m.bunjang.co.kr/products/257958307
361,아이폰13프로맥스256 판매,750000,https://m.bunjang.co.kr/products/256488070
362,아이폰13프로맥스 시에라블루 256 팝니다.,750000,https://m.bunjang.co.kr/products/256740461
363,"#당일발송,직거래 가능# 아이폰13PRO MAX/256GB/화이트/A급",766000,https://m.bunjang.co.kr/products/253409560
364,아이폰 13프로맥스 256 블루 초S급 팝니다,850000,https://m.bunjang.co.kr/products/255359110
365,"#당일발송,직거래 가능# 아이폰13PRO MAX/256GB/블루/A급",890000,https://m.bunjang.co.kr/products/242161560
366,아이폰 13프로맥스 256기가 블루,720000,https://m.bunjang.co.kr/products/254669087
367,아이폰 13프로맥스 256GB 팔아요,550000,https://m.bunjang.co.kr/products/254969478
368,아이폰13프로맥스 256기가,780000,https://m.bunjang.co.kr/products/254795607
369,아이폰 13프로맥스 256G 블랙 배터리 85% 정상작동 팝니다,700000,https://m.bunjang.co.kr/products/255628819
370,애플 아이폰13프로맥스 256 팝니다,720000,https://m.bunjang.co.kr/products/255400917
371,S급 아이폰13프로맥스 256기가 시에라 블루,880000,https://m.bunjang.co.kr/products/256116367
372,아이폰 13프로맥스 256실버,770000,https://m.bunjang.co.kr/products/257880550
373,S급]아이폰13프로맥스 256 블루 팝니다,850000,https://m.bunjang.co.kr/products/256443549
374,13프로맥스 256기가 성능 100퍼,800000,https://m.bunjang.co.kr/products/254579016
375,"아이폰 13프로맥스 256gb, 정품케이스",800000,https://m.bunjang.co.kr/products/255641587
376,아이폰 13 프로 맥스 알파인그린 256GB,800000,https://m.bunjang.co.kr/products/253650044
377,아이폰13프로맥스 시애라블루 256G 정상해지 풀박스,720000,https://m.bunjang.co.kr/products/257145369
378,아이폰 13프로맥스 256 스그,600000,https://m.bunjang.co.kr/products/252916497
379,[최상급] 아이폰13프로맥스 256GB 블루 배터리 86%,790000,https://m.bunjang.co.kr/products/253161487
380,아이폰 13 프로맥스 256 시에라블루 + 케어플러스 양도,830000,https://m.bunjang.co.kr/products/253028749
381,아이폰 13 프로맥스 시에라블루! 256기가,800000,https://m.bunjang.co.kr/products/254520203
382,[ S급 ] 아이폰13프로맥스 256GB 시에라 블루,889000,https://m.bunjang.co.kr/products/256033282
383,아이폰 13프로맥스 256기가 블랙 팝니다,720000,https://m.bunjang.co.kr/products/254136460
384,"아이폰 13 프로 맥스 256g(후면 파손, 정상작동)",500000,https://m.bunjang.co.kr/products/253259557
385,아이폰13프로맥스256 시에라블루,720000,https://m.bunjang.co.kr/products/255289798
386,아이폰13프로맥스 256기가,450000,https://m.bunjang.co.kr/products/254242424
387,아이폰13프로맥스 256 시에라블루,800000,https://m.bunjang.co.kr/products/254318253
388,이이폰13promax 256G,750000,https://m.bunjang.co.kr/products/253415615
389,급처 가격내림)아이폰 13프로맥스 256기가 실버,720000,https://m.bunjang.co.kr/products/255231694
390,아이폰 13 프로맥스 256GB 그래파이트,730000,https://m.bunjang.co.kr/products/250441242
391,아이폰13프로맥스 256기가 시에라블루,800000,https://m.bunjang.co.kr/products/253545631
392,아이폰13프로맥스 256기가 그래파이트,840000,https://m.bunjang.co.kr/products/253909212
393,아이폰 13프로맥스 256 시에라블루,800000,https://m.bunjang.co.kr/products/253169562
394,아이폰13promax 256g 그린,770000,https://m.bunjang.co.kr/products/254195261
395,아이폰13프로맥스 256 판매합니나,800000,https://m.bunjang.co.kr/products/253929876
396,아이폰 13 프로맥스 256기가 시에라블루 중고풀박스 및 충전기,800000,https://m.bunjang.co.kr/products/254042534
397,아이폰13Pro max 256GB 시에라 블루 팝니다,860000,https://m.bunjang.co.kr/products/251077708
398,아이폰13프로맥스 그라파이트,770000,https://m.bunjang.co.kr/products/257621335
399,아이폰 13 프로맥스 256 그래파이트,800000,https://m.bunjang.co.kr/products/251418344
400,아이폰13프로맥스256,820000,https://m.bunjang.co.kr/products/253515773
401,아이폰 13프로맥스 256 시에라 블루 팝니다,770000,https://m.bunjang.co.kr/products/252604102
402,아이폰 13프로맥스 256기가 골드,800000,https://m.bunjang.co.kr/products/252474574
403,아이폰13프로맥스 256기가(뒤파손),630000,https://m.bunjang.co.kr/products/254834415
404,아이폰13프로맥스 256,800000,https://m.bunjang.co.kr/products/257104990
405,아이폰13프로맥스256,750000,https://m.bunjang.co.kr/products/253350346
406,아이폰13프로맥스 256G 자급제,780000,https://m.bunjang.co.kr/products/248637066
407,가격내림 아이폰 13 pro max 256gb 실버 배터리 84%,830000,https://m.bunjang.co.kr/products/248317276
408,아이폰13 프로맥스 256G 스페이스블랙,450000,https://m.bunjang.co.kr/products/252202772
409,아이폰13프로맥스 256GB 실버,900000,https://m.bunjang.co.kr/products/248857111
410,아이폰 13pro max 256gb,600000,https://m.bunjang.co.kr/products/252225419
411,아이폰13 프로맥스 256 실버 SS급 안전결제 수수료 무료,899000,https://m.bunjang.co.kr/products/251935414
412,아이폰13프로맥스 256G 블루 배터리 85% 풀박스 팝니다,820000,https://m.bunjang.co.kr/products/254838903
413,아이폰13프로맥스 256기가,730000,https://m.bunjang.co.kr/products/252068436
414,아이폰 13프로맥스 256기가,660000,https://m.bunjang.co.kr/products/251350672
415,아이폰13프로맥스 골드 256기가,780000,https://m.bunjang.co.kr/products/252316144
416,아이폰13 프로맥스 256gb 시에라블루,750000,https://m.bunjang.co.kr/products/252269956
417,아이폰13프로맥스 256 시에나 블루팝니다,780000,https://m.bunjang.co.kr/products/251809350
418,아이폰 13 pro max 시에라 블루 256GB 팝니다.,800000,https://m.bunjang.co.kr/products/251588233
419,아이폰 13 프로 맥스 ( 화이트 256GB ),800000,https://m.bunjang.co.kr/products/250419707
420,아이폰13프로맥스256 풀박스,800000,https://m.bunjang.co.kr/products/252612133
421,아이폰13프로맥스 시에라블루 256기가.배터리94%,800000,https://m.bunjang.co.kr/products/253428442
422,아이폰13프로맥스 블루 256기가,835000,https://m.bunjang.co.kr/products/250804276
423,아이폰 13 Pro Max 256GB 실버 판매합니다 :),650000,https://m.bunjang.co.kr/products/248692026
424,아이폰 13 프로맥스 256gb,700000,https://m.bunjang.co.kr/products/249772398
425,아이폰13프로맥스 256GB 실버 애케플o,920000,https://m.bunjang.co.kr/products/252657480
426,아이폰13프로맥스 그린 256 미국직구 판매합니다 풀박스,900000,https://m.bunjang.co.kr/products/253094040
427,아이폰 13 프로 맥스 256GB 자급제 팝니다. A+급,730000,https://m.bunjang.co.kr/products/250207233
428,아이폰 13 프로맥스 256 시애라블루,750000,https://m.bunjang.co.kr/products/250266919
429,아이폰 13 프로 맥스 256GB 그래파이트 (해외판),900000,https://m.bunjang.co.kr/products/251279607
430,아이폰13프로맥스 256G 블랙색상 정상해지 공기계 팝니다,789000,https://m.bunjang.co.kr/products/250929338
431,아이폰 13 pro max 시에라 블루 프로 맥스 256g,700000,https://m.bunjang.co.kr/products/249635085
432,아이폰 13 프로맥스 256 리퍼 미사용,900000,https://m.bunjang.co.kr/products/249343725
433,아이폰13프로맥스 256GB 시에라블루색상 판매합니다 (김해플렉스샵),820000,https://m.bunjang.co.kr/products/249805206
434,아이폰13프로맥스 256 시에라블루,700000,https://m.bunjang.co.kr/products/250733919
435,아이폰 13프로맥스 256G 배터리 96퍼 sss급,830000,https://m.bunjang.co.kr/products/251457415
436,아이폰13프로맥스 256기가 시에라블루 / 거의 새제품,830000,https://m.bunjang.co.kr/products/252559213
437,아이폰 13 프로맥스 256gb 팝니다 iphone 13 promax,700000,https://m.bunjang.co.kr/products/250669053
438,아이폰13프로맥스 256GB (특SS급) 블루 깨끗한 공기계 판매합니다.,790000,https://m.bunjang.co.kr/products/255480483
439,아이폰 13pro max 그래파이트 256gb,700000,https://m.bunjang.co.kr/products/250647546
440,아이폰13 프로맥스 256G 시에라블루,770000,https://m.bunjang.co.kr/products/250113909
441,아이폰 13 프로맥스 그래파이트 256 리퍼 미사용(애케플 남음)팝니다,900000,https://m.bunjang.co.kr/products/253214137
442,아이폰 13프로맥스 256 실버 SS급 공기계풀박스,890000,https://m.bunjang.co.kr/products/251333816
443,아이폰 13프로맥스 256g 그래파이트,650000,https://m.bunjang.co.kr/products/250457492
444,아이폰 13 Pro Max 256GB,900000,https://m.bunjang.co.kr/products/250112208
445,아이폰13 프로맥스 256,780000,https://m.bunjang.co.kr/products/250310866
446,아이폰13 프로맥스 256 그라파이트 (+추가 구성품),820000,https://m.bunjang.co.kr/products/250550095
447,아이폰 13 프로맥스 256gb,779000,https://m.bunjang.co.kr/products/248176406
448,아이폰13프로맥스 256기가 시에라 블루,700000,https://m.bunjang.co.kr/products/251214160
449,아이폰 13프로맥스 256,788500,https://m.bunjang.co.kr/products/247138515
450,아이폰 13프로맥스 256기가 시에라 블루,780000,https://m.bunjang.co.kr/products/249597620
451,아이폰13pro Max 256GB 스마트폰 판매합니다. (골드),880000,https://m.bunjang.co.kr/products/250460008
452,아이폰 13 프로맥스 Promax 256GB 블루 리퍼 미개봉 프로맥스,1150000,https://m.bunjang.co.kr/products/234563630
453,아이폰13프로맥스/256기가/스그/93%잔상없음 82만원에싸게올립니다,820000,https://m.bunjang.co.kr/products/221375236
454,(리퍼 미사용)아이폰13프로맥스 256기가 블루,985000,https://m.bunjang.co.kr/products/249609012
455,아이폰13pro max 256g+케이스티파이 케이스(새제품),700000,https://m.bunjang.co.kr/products/251177832
456,아이폰 13 프로맥스 256기가 배터리 98프로 최상급 SS급 풀박스,850000,https://m.bunjang.co.kr/products/250433026
457,아이폰13프로맥스 블루 256기가,835000,https://m.bunjang.co.kr/products/250039065
458,아이폰13프로맥스 256기가 골드 자급제,730000,https://m.bunjang.co.kr/products/250349099
459,아이폰13프로맥스 256 그라파이트,800000,https://m.bunjang.co.kr/products/250090360
460,아이폰 13프로맥스 256GB,750000,https://m.bunjang.co.kr/products/248808892
461,아이폰13프로맥스 256기가 시에라블루,750000,https://m.bunjang.co.kr/products/250232786
462,아이폰 13 프로맥스 256 시에라블루 애케플 싸게팝니다,780000,https://m.bunjang.co.kr/products/250675531
463,아이폰13프로맥스.256G,600000,https://m.bunjang.co.kr/products/251925272
464,아이폰13프로맥스 256기가 팝니다,943000,https://m.bunjang.co.kr/products/233439680
465,아이폰13프로맥스 블루 256기가,800000,https://m.bunjang.co.kr/products/249790324
466,아이폰13프로맥스 256GB 실버 판매합니다,600000,https://m.bunjang.co.kr/products/251643221
467,아이폰13프로맥스 256,790000,https://m.bunjang.co.kr/products/247384777
468,아이폰 13 프로맥스 256기가 배터리 98프로 최상급 SS급 풀박스,900000,https://m.bunjang.co.kr/products/250433605
469,아이폰 13 프로맥스 시에라블루 256gb,800000,https://m.bunjang.co.kr/products/249314819
470,미국직구 아이폰 13프로맥스 256 (무음카메라),850000,https://m.bunjang.co.kr/products/250284968
471,(새제품) 아이폰13 프로맥스 256 알파인그린 풀박스,950000,https://m.bunjang.co.kr/products/250128925
472,아이폰13promax 256gb 깔끔폰,720000,https://m.bunjang.co.kr/products/250504978
473,아이폰 13 프로맥스 실버 256,880000,https://m.bunjang.co.kr/products/239650226
474,아이폰13프로맥스 256기가 블루(배터리97%),750000,https://m.bunjang.co.kr/products/251570833
475,아이폰13pro max 256g,800000,https://m.bunjang.co.kr/products/248658880
476,아이폰 13프로맥스 256기가 애플케어 가입,800000,https://m.bunjang.co.kr/products/249311591
477,아이폰13프로맥스 256gb,740000,https://m.bunjang.co.kr/products/249611417
478,아이폰13프로맥스 256gb,750000,https://m.bunjang.co.kr/products/249716656
479,13프로맥스 자급제 256,800000,https://m.bunjang.co.kr/products/247298281
480,(애케플)아이폰 13 프로 맥스 256G 자급제 A급 시에라블루 풀박스,850000,https://m.bunjang.co.kr/products/250713818
481,아이폰 13pro맥스 배터리 87퍼,550000,https://m.bunjang.co.kr/products/252677893
482,아이폰13프로맥스256,680000,https://m.bunjang.co.kr/products/249445108
483,아이폰13프로맥스 시에라블루 256기가 판매,750000,https://m.bunjang.co.kr/products/249884751
484,아이폰 13 프로맥스 256GB 판매합니다,690000,https://m.bunjang.co.kr/products/248671842
485,아이폰 13 pro맥스 프로맥스 256gb 꿀매,700000,https://m.bunjang.co.kr/products/253675184
486,아이폰 13 프로맥스 256g 시애라블루,800000,https://m.bunjang.co.kr/products/248242587
487,아이폰 13 프로 맥스 실버 256GB (리퍼 미사용),900000,https://m.bunjang.co.kr/products/248642098
488,아이폰 13프로맥스 256G,400000,https://m.bunjang.co.kr/products/252591869
489,미국직구 아이폰 13프로맥스 256 그래파이트 (무음카메라),850000,https://m.bunjang.co.kr/products/250284594
490,아이폰13프로맥스 256GB 시에라블루,800000,https://m.bunjang.co.kr/products/249702142
491,아이폰 13프로맥스 256기가 시에라블루,770000,https://m.bunjang.co.kr/products/248745098
492,새상품급 아이폰13프로맥스 256기가 S급 묻따환영^^,720000,https://m.bunjang.co.kr/products/250205424
493,아이폰13프로맥스256기가 애케플(24/6월19일까지),800000,https://m.bunjang.co.kr/products/253231986
494,아이폰 13프로맥스 256 시에라블루,700000,https://m.bunjang.co.kr/products/248114724
495,아이폰 13프로맥스 256G 그라파이트 리퍼,950000,https://m.bunjang.co.kr/products/248752348
496,아이폰 13프로맥스 256 팝니다,700000,https://m.bunjang.co.kr/products/247449150
497,아이폰 13 프로맥스 256GB,800000,https://m.bunjang.co.kr/products/245408644
498,아이폰13프로맥스 블루 256기가,820000,https://m.bunjang.co.kr/products/247620922
499,미국 직구 아이폰 13 pro max 256g 블랙 (카메라 무음),800000,https://m.bunjang.co.kr/products/248883138
500,아이폰13프로맥스 시에라블루 256G 급처,750000,https://m.bunjang.co.kr/products/249902217
501,(대구) 13프로맥스 256G A+급 정상해지,820000,https://m.bunjang.co.kr/products/248531404
502,아이폰 13프로맥스 256gb 리퍼,860000,https://m.bunjang.co.kr/products/247579957
503,[자급제 | 무음카메라] 아이폰 13프로맥스 256 시에라블루,850000,https://m.bunjang.co.kr/products/238053527
504,아이폰13프로맥스 256 풀박 a급 애플케어 3월까지,750000,https://m.bunjang.co.kr/products/249378802
505,아이폰13프로맥스256g,800000,https://m.bunjang.co.kr/products/250004675
506,아이폰 13 프로맥스 256G(가격내림),900000,https://m.bunjang.co.kr/products/248416551
507,아이폰13PRO MAX/256GB/블루/A급 싸게 팔아요,940000,https://m.bunjang.co.kr/products/241363508
508,SS급 아이폰13프로맥스 256g 화이트 자급제 풀세트 팝니다.,900000,https://m.bunjang.co.kr/products/247055521
509,아이폰13프로맥스 256 100퍼,880000,https://m.bunjang.co.kr/products/252690947
510,아이폰13프로맥스 시에라블루 256G,750000,https://m.bunjang.co.kr/products/241274344
511,리퍼미사용) 아이폰13프로맥스 256 시에라블루,950000,https://m.bunjang.co.kr/products/248898947
512,아이폰13프로맥스 256 시에라블루 새폰급,950000,https://m.bunjang.co.kr/products/252292017
513,<네고가능> 아이폰13프로맥스 256GB 블루 86% 자급제,735000,https://m.bunjang.co.kr/products/249867701
514,아이폰 13프로맥스 256G 블랙 배터리 94% S급 팝니다,890000,https://m.bunjang.co.kr/products/247932434
515,13프로맥스256gb. A급,720000,https://m.bunjang.co.kr/products/248420290
516,아이폰 13 프로맥스 256gb 시에라 블루,720000,https://m.bunjang.co.kr/products/246322260
517,아이폰 13 프로맥스 89% 256기가,680000,https://m.bunjang.co.kr/products/245887687
518,아이폰13프로맥스 시에라블루 256g 리퍼후 미사용새제품 판매해요,980000,https://m.bunjang.co.kr/products/249749337
519,아이폰 13프로맥스 256기가 시에라 블루,780000,https://m.bunjang.co.kr/products/251596757
520,리퍼폰 S급 아이폰13프로맥스 256G 그래파이트 (053),970000,https://m.bunjang.co.kr/products/249129131
521,아이폰13프로맥스256,750000,https://m.bunjang.co.kr/products/247018687
522,아이폰13 프로맥스 256 s급,980000,https://m.bunjang.co.kr/products/239570637
523,[SS급/배터리85] 아이폰13프로맥스 256G 실버 #액정깨끗,622000,https://m.bunjang.co.kr/products/251622205
524,아이폰13 프로맥스 256 스페이스그레이,700000,https://m.bunjang.co.kr/products/251355104
525,아이폰13프로맥스시에라블루256GBA급,864000,https://m.bunjang.co.kr/products/240146585
526,아이폰13프로맥스256,1500000,https://m.bunjang.co.kr/products/246734415
527,아이폰13프로맥스 256 실버 애케플 풀박 정품케이스2종,780000,https://m.bunjang.co.kr/products/248181434
528,A+급 아이폰13프로맥스 256G 실버 (857),940000,https://m.bunjang.co.kr/products/247825188
529,아이폰13 프로맥스.256.골드.유선이어폰,870000,https://m.bunjang.co.kr/products/248368574
530,아이폰 13프로맥스 256GB기가 팔아요,750000,https://m.bunjang.co.kr/products/246361504
531,아이폰13프로맥스 에케플O,750000,https://m.bunjang.co.kr/products/249179804
532,아이폰13프로맥스256기가 애플케어+24/2/15까지,800000,https://m.bunjang.co.kr/products/248408977
533,리퍼폰 S급 아이폰13프로맥스 256G 그래파이트 (053),970000,https://m.bunjang.co.kr/products/247845403
534,A+급 아이폰13프로맥스 256G 실버 (857),940000,https://m.bunjang.co.kr/products/247149785
535,배터리94%! 아이폰14프로맥스 256GB 130.9만원 [61909],1309000,https://m.bunjang.co.kr/products/253974042
536,아이폰 13프로맥스 시에라블루 256기가 S급,700000,https://m.bunjang.co.kr/products/244426642
537,리퍼폰 S급 아이폰13프로맥스 256G 그래파이트 (053),970000,https://m.bunjang.co.kr/products/247727448
538,리퍼폰 S급 아이폰13프로맥스 256G 그래파이트 (053),970000,https://m.bunjang.co.kr/products/247621432
539,아이폰13프로맥스256 그레파이트 판매합니다,800000,https://m.bunjang.co.kr/products/252084238
540,아이폰13프로맥스 256 시에라블루 s급 팝니다,950000,https://m.bunjang.co.kr/products/250022176
541,**특가이벤트 A+급 아이폰13프로맥스 256G 실버 (158),830000,https://m.bunjang.co.kr/products/247836517
542,아이폰 13프로맥스 리퍼미사용 256G 시에라블루,900000,https://m.bunjang.co.kr/products/245812773
543,**특가이벤트 A+급 아이폰13프로맥스 256G 실버 (158),830000,https://m.bunjang.co.kr/products/247816607
544,**특가이벤트 A+급 아이폰13프로맥스 256G 실버 (158),830000,https://m.bunjang.co.kr/products/247737405
545,아이폰13프로맥스 256 그래파이트,850000,https://m.bunjang.co.kr/products/242105897
546,아이폰 13 프로맥스 256(블루색상) 판매합니다,820000,https://m.bunjang.co.kr/products/250737275
547,A급 아이폰13프로맥스 256G 시애라블루 (087),800000,https://m.bunjang.co.kr/products/247037727
548,**특가이벤트 A+급 아이폰13프로맥스 256G 실버 (857),880000,https://m.bunjang.co.kr/products/247813968
549,아이폰13프로맥스 256기가 시에라블루,860000,https://m.bunjang.co.kr/products/235054033
550,**특가이벤트 A+급 아이폰13프로맥스 256G 실버 (857),880000,https://m.bunjang.co.kr/products/247649399
551,아이폰 13프로맥스 256 시에라블루,810000,https://m.bunjang.co.kr/products/243415402
552,S급 아이폰13프로맥스 256G 골드 (595),1160000,https://m.bunjang.co.kr/products/245374106
553,S급 아이폰13프로맥스 256G 골드 (595),1160000,https://m.bunjang.co.kr/products/245253085
554,아이폰 13 프로맥스 / 256 / 그라파이트 /악세사리 / 애플케어,1000000,https://m.bunjang.co.kr/products/244031083
555,A급 아이폰13프로맥스 256G 시애라블루 (087),800000,https://m.bunjang.co.kr/products/246110988
556,아이폰 13프로맥스 256기가,750000,https://m.bunjang.co.kr/products/242087111
557,한정특가 배터리90 A급 아이폰13프로맥스 256G 시애라블루 (699),810000,https://m.bunjang.co.kr/products/246852643
558,아이폰13프로맥스256g화이트 상태S급 판매합니다,750000,https://m.bunjang.co.kr/products/253154776
559,A급 아이폰13프로맥스 256G 시애라블루 (087),800000,https://m.bunjang.co.kr/products/245619228
560,A+급 아이폰13프로맥스 256G 실버 (857),940000,https://m.bunjang.co.kr/products/244813679
561,[아이폰13프로맥스]256GB/블랙색상/판매해요/56224,785000,https://m.bunjang.co.kr/products/251450732
562,아이폰13프로맥스(256),750000,https://m.bunjang.co.kr/products/248513559
563,아이폰13 프로맥스 256기가 (시에라 블루) 판매합니다.,780000,https://m.bunjang.co.kr/products/244016546
564,한정특가 배터리90 A급 아이폰13프로맥스 256G 시애라블루 (699),810000,https://m.bunjang.co.kr/products/245375322
565,제일 싼 아이폰13 프로맥스 256g 엘지유플 정상해지,730000,https://m.bunjang.co.kr/products/242720876
566,한정특가 배터리90 A급 아이폰13프로맥스 256G 시애라블루 (699),810000,https://m.bunjang.co.kr/products/245967693
567,**이벤트특가 A+급 아이폰13프로맥스 256G 실버 (425),890000,https://m.bunjang.co.kr/products/245373656
568,풀박)아이폰13프로맥스 256기가 그린,920000,https://m.bunjang.co.kr/products/248335925
569,부산 아이폰13프로맥스 시에라블루 256 판매합니다,800000,https://m.bunjang.co.kr/products/243639648
570,**이벤트특가 A+급 아이폰13프로맥스 256G 실버 (425),890000,https://m.bunjang.co.kr/products/245252357
571,**이벤트특가 A+급 아이폰13프로맥스 256G 실버 (425),890000,https://m.bunjang.co.kr/products/245131450
572,[아이폰13프로맥스]256GB/블랙색상/판매해요/56193,780000,https://m.bunjang.co.kr/products/250208103
573,**특가이벤트 A+급 아이폰13프로맥스 256G 실버 (857),880000,https://m.bunjang.co.kr/products/244796759
574,아이폰13프로맥스화이트256 애케플가입폰판매,760000,https://m.bunjang.co.kr/products/249402995
575,아이폰 13 promax 256g 블랙,800000,https://m.bunjang.co.kr/products/240903828
576,아이폰13프로맥스화이트256 애케플가입폰판매,760000,https://m.bunjang.co.kr/products/249286671
577,**특가이벤트 A+급 아이폰13프로맥스 256G 실버 (857),880000,https://m.bunjang.co.kr/products/244381437
578,아이폰13프로맥스 256G (블랙),700000,https://m.bunjang.co.kr/products/239329688
579,아이폰13프로맥스 256G 시에라블루,810000,https://m.bunjang.co.kr/products/246563598
580,A+급 아이폰13프로맥스 256G 실버 (844),1100000,https://m.bunjang.co.kr/products/241910229
581,[S급상태] 아이폰 13 프로맥스 256G promax,820000,https://m.bunjang.co.kr/products/240095601
582,**특가 배터리90 A급 아이폰13프로맥스 256G 시애라블루 (699),820000,https://m.bunjang.co.kr/products/243679287
583,[아이폰13프로맥스]256GB/블루색상/판매해요/56323,800000,https://m.bunjang.co.kr/products/247917033
584,S급 아이폰13프로맥스 256G 골드 (595),1160000,https://m.bunjang.co.kr/products/241361110
585,아이폰13프로맥스 시에라블루256GB,800000,https://m.bunjang.co.kr/products/242648311
586,아이폰 13프로맥스 256,800000,https://m.bunjang.co.kr/products/242831923
587,A+급 아이폰13프로맥스 256G 실버 (844),1100000,https://m.bunjang.co.kr/products/241480338
588,A+급 아이폰13프로맥스 256G 실버 (425),1100000,https://m.bunjang.co.kr/products/241455638
589,배터리96 A+급 아이폰13프로맥스 256G 그래파이트 (776),1090000,https://m.bunjang.co.kr/products/242053746
590,A+급 아이폰13프로맥스 256G 실버 (425),1100000,https://m.bunjang.co.kr/products/241356174
591,A+급 아이폰13프로맥스 256G 실버 (844),1100000,https://m.bunjang.co.kr/products/241246484
592,아이폰 13 프로맥스 256기가 애플케어플러스 자급제,950000,https://m.bunjang.co.kr/products/245087806
593,**특가 배터리94 A+급 아이폰13프로맥스 256G 시애라블루(698),890000,https://m.bunjang.co.kr/products/243909045
594,풀박 배터리90 A+급 아이폰13프로맥스 256G 시애라블루 (896),890000,https://m.bunjang.co.kr/products/242404360
595,**특가 배터리94 A+급 아이폰13프로맥스 256G 시애라블루(698),890000,https://m.bunjang.co.kr/products/243787519
596,배터리96 A+급 아이폰13프로맥스 256G 그래파이트 (776),1090000,https://m.bunjang.co.kr/products/241674501
597,A+급 아이폰13프로맥스 256G 실버 (425),1160000,https://m.bunjang.co.kr/products/240414545
598,배터리90 A+급 아이폰13프로맥스 256G 시애라블루 (699),1100000,https://m.bunjang.co.kr/products/241708590
599,아이폰14프로맥스256GB(특SS급)화이트깨끗한공기계판매합니다.13381,1200000,https://m.bunjang.co.kr/products/254720698
600,S급 아이폰13프로맥스 256G 골드 (595),1160000,https://m.bunjang.co.kr/products/239820064
601,배터리90 A+급 아이폰13프로맥스 256G 시애라블루 (699),1100000,https://m.bunjang.co.kr/products/241373509
602,A+급 아이폰13프로맥스 256G 실버 (844),1160000,https://m.bunjang.co.kr/products/240014212
603,A+급 아이폰13프로맥스 256G 실버 (857),1160000,https://m.bunjang.co.kr/products/240012729
604,배터리94 A+급 아이폰13프로맥스 256G 시애라블루 (698),1100000,https://m.bunjang.co.kr/products/241706927
605,A+급 아이폰13프로맥스 256G 실버 (425),1160000,https://m.bunjang.co.kr/products/239775394
606,배터리94 A+급 아이폰13프로맥스 256G 시애라블루 (698),1130000,https://m.bunjang.co.kr/products/239774181
607,풀박 배터리90 A+급 아이폰13프로맥스 256G 시애라블루 (896),1050000,https://m.bunjang.co.kr/products/240474346
608,배터리90 A+급 아이폰13프로맥스 256G 시애라블루 (699),1100000,https://m.bunjang.co.kr/products/240685693
609,배터리96 A+급 아이폰13프로맥스 256G 그래파이트 (776),1160000,https://m.bunjang.co.kr/products/240392386
610,풀박 배터리90 S급 아이폰13프로맥스 256G 시애라블루 (896),1130000,https://m.bunjang.co.kr/products/240818088
611,배터리94 A+급 아이폰13프로맥스 256G 시애라블루 (698),1100000,https://m.bunjang.co.kr/products/240702437
612,배터리96 A+급 아이폰13프로맥스 256G 그래파이트 (776),1160000,https://m.bunjang.co.kr/products/240056291
613,풀박 배터리90 A급 아이폰13프로맥스 256G 시애라블루 (896),1080000,https://m.bunjang.co.kr/products/240457286
614,배터리90 A+급 아이폰13프로맥스 256G 시애라블루 (699),1130000,https://m.bunjang.co.kr/products/239673377
615,배터리94 A+급 아이폰13프로맥스 256G 시애라블루 (698),1130000,https://m.bunjang.co.kr/products/239708615
616,배터리93 S급 아이폰13프로맥스 256G 그래파이트 (566),1180000,https://m.bunjang.co.kr/products/235724400
617,배터리96 A+급 아이폰13프로맥스 256G 그래파이트 (700),1160000,https://m.bunjang.co.kr/products/238804635
618,배터리96 A+급 아이폰13프로맥스 256G 그래파이트 (700),1150000,https://m.bunjang.co.kr/products/237541610
619,배터리90 아이폰13프로맥스 256G 시애라블루 A급 (285),1050000,https://m.bunjang.co.kr/products/234870991
620,아이폰13프로맥스 256gb 그린 홍콩판 듀얼유심. 상태s급,800000,https://m.bunjang.co.kr/products/240732010
621,아이폰 13 프로맥스 화이트 256GB,900000,https://m.bunjang.co.kr/products/231692090
622,배터리96 S급 아이폰13프로맥스 256G 골드 (782),1180000,https://m.bunjang.co.kr/products/235690620
623,배터리96 A+급 아이폰13프로맥스 256G 실버 (856),1180000,https://m.bunjang.co.kr/products/235715399
624,배터리93 S급 아이폰13프로맥스 256G 그래파이트 (566),1180000,https://m.bunjang.co.kr/products/235617924
625,배터리93 S급 아이폰13프로맥스 256G 그래파이트 (566),1180000,https://m.bunjang.co.kr/products/235615556
626,배터리96 S급 아이폰13프로맥스 256G 골드 (782),1180000,https://m.bunjang.co.kr/products/234979799
627,배터리90 A+급 아이폰13프로맥스 256G 그래파이트 (192),1160000,https://m.bunjang.co.kr/products/235379072
628,배터리96 S급 아이폰13프로맥스 256G 골드 (782),1180000,https://m.bunjang.co.kr/products/234869893
629,풀박스 S급 아이폰13프로맥스 256G 그래파이트 (189),1250000,https://m.bunjang.co.kr/products/234565696
630,배터리90 A+급 아이폰13프로맥스 256G 그래파이트 (192),1160000,https://m.bunjang.co.kr/products/234972549
631,배터리90 A+급 아이폰13프로맥스 256G 그래파이트 (192),1160000,https://m.bunjang.co.kr/products/234962408
632,아이폰13프로맥스 256 시에나블루 풀박스 팝니다,920000,https://m.bunjang.co.kr/products/237010892
633,배터리90이상 A+급 아이폰13프로맥스 256G 그래파이트 (767),1180000,https://m.bunjang.co.kr/products/234560443
634,풀박스 S급 아이폰13프로맥스 256G 그래파이트 (189),1250000,https://m.bunjang.co.kr/products/232925320
635,배터리90 아이폰13프로맥스 256G 시애라블루 A급 (285),1110000,https://m.bunjang.co.kr/products/232925573
636,A+급 아이폰13프로맥스 256G 시애라블루 (498),1170000,https://m.bunjang.co.kr/products/230533632
637,배터리90이상 A+급 아이폰13프로맥스 256G 그래파이트 (767),1180000,https://m.bunjang.co.kr/products/231582406
638,배터리90이상 A+급 아이폰13프로맥스 256G 골드 (995),1180000,https://m.bunjang.co.kr/products/222972164
639,아이폰13 프로맥스 256 시에라블루 상태 최상,1190000,https://m.bunjang.co.kr/products/208970836
640,자급제) 아이폰 13 프로맥스 실버 256GB 94% 판매합니다!,1250000,https://m.bunjang.co.kr/products/204317260
641,아이폰 13프로맥스 256기가 팝니다(시에라블루_,1230000,https://m.bunjang.co.kr/products/201709238
642,아이폰13프로맥스 256 그라파이트(박스 구성품 있음),1350000,https://m.bunjang.co.kr/products/197040787
643,아이폰 13 프로맥스 256 팝니다,1390000,https://m.bunjang.co.kr/products/176989393
644,아이폰13 프로맥스 256 팝니다,1370000,https://m.bunjang.co.kr/products/177547569
