,Title,Price,Link
0,아이폰13프로 256 액정리퍼 골드,830000,https://m.bunjang.co.kr/products/256656810
1,아이폰13프로 골드 256기가팔아요,750000,https://m.bunjang.co.kr/products/258987285
2,아이폰13프로256,700000,https://m.bunjang.co.kr/products/253143052
3,[아이폰 13프로256]화이트/AA급/자급제/256g/무료배송,695000,https://m.bunjang.co.kr/products/258984847
4,아이폰13프로 256,720000,https://m.bunjang.co.kr/products/258490997
5,아이폰13 프로 골드색상 256기가 판매,680000,https://m.bunjang.co.kr/products/257908965
6,아이폰13 프로 256 상태 좋아요,700000,https://m.bunjang.co.kr/products/252470961
7,아이폰13프로 256기가 스페이스그레이,800000,https://m.bunjang.co.kr/products/257312300
8,아이폰 13프로 256 S급,690000,https://m.bunjang.co.kr/products/258979780
9,아이폰12프로맥스 256기가 배터리82% A급 13프로교환,550000,https://m.bunjang.co.kr/products/258754783
10,아이폰13프로 256,650000,https://m.bunjang.co.kr/products/258609495
11,아이폰 13pro 256,700000,https://m.bunjang.co.kr/products/258963334
12,아이폰 13 pro 256,600000,https://m.bunjang.co.kr/products/258962526
13,아이폰 13pro 시에라 블루 256기가,600000,https://m.bunjang.co.kr/products/258968904
14,아이폰 13프로 256 시에라블루 자급제 풀박스,740000,https://m.bunjang.co.kr/products/258971722
15,아이폰13프로 실버 256,850000,https://m.bunjang.co.kr/products/253673534
16,아이폰 13pro 시에라블루 256,760000,https://m.bunjang.co.kr/products/240850566
17,아이폰13 프로 시에라블루 256기가 자급제,860000,https://m.bunjang.co.kr/products/258411282
18,삼성 노트북 갤럭시북3 프로 16인치 13세대 !5/램16/SSD256,1050000,https://m.bunjang.co.kr/products/257537489
19,아이폰 13pro 256,700000,https://m.bunjang.co.kr/products/258939013
20,아이폰 13프로 256기가 시에라블루 팝니다,350000,https://m.bunjang.co.kr/products/258964477
21,아이폰13프로 256 골드,650000,https://m.bunjang.co.kr/products/258887126
22,아이폰 13프로 256(새상품/리퍼),850000,https://m.bunjang.co.kr/products/258948302
23,아이폰13pro 256 시에라블루,650000,https://m.bunjang.co.kr/products/258896628
24,아이폰13프로 pro 256 급처,680000,https://m.bunjang.co.kr/products/257214818
25,아이폰 13pro 256 골드 판매합니다,630000,https://m.bunjang.co.kr/products/258911976
26,아이폰13 프로 256 실버 상태SSS급 판매합니다!,750000,https://m.bunjang.co.kr/products/258922147
27,아이폰 13프로 pro 그래파이트 graphite 256,750000,https://m.bunjang.co.kr/products/254146091
28,아이폰13프로256,700000,https://m.bunjang.co.kr/products/255670713
29,아이폰13 프로 256,680000,https://m.bunjang.co.kr/products/258298210
30,아이폰 13pro 256 리퍼,900000,https://m.bunjang.co.kr/products/256167010
31,아이폰13프로 (256) 풀박스!,680000,https://m.bunjang.co.kr/products/257705417
32,아이폰13프로 256 액정리퍼 골드,830000,https://m.bunjang.co.kr/products/256656810
33,아이폰13프로 256기가 애케플,810000,https://m.bunjang.co.kr/products/258757706
34,아이폰13프로 256기가 무찍힘 무기스 상태최상 ^^,810000,https://m.bunjang.co.kr/products/258216988
35,아이폰13프로 256기가 무찍힘 무기스 상태최상 ^^,810000,https://m.bunjang.co.kr/products/258216207
36,아이폰13프로맥스 256. 애플케어 가입상태 배터리 100프로,900000,https://m.bunjang.co.kr/products/258027450
37,폰고 | 03 맥북프로 13 2013 i5 / 8GB / 256SSD,339000,https://m.bunjang.co.kr/products/213429933
38,아이폰13프로 128기가256기가 무잔상 무찍힘 상태최상 ^^,660000,https://m.bunjang.co.kr/products/257992306
39,아이폰13프로 256기가 시에라블루 풀박스 (정품케이블 미사용),690000,https://m.bunjang.co.kr/products/250719737
40,아이폰13프로 256 자급제+ 애케플 + 케이스 5개,750000,https://m.bunjang.co.kr/products/258448428
41,아이폰13프로 256기가 판매합니다.,490000,https://m.bunjang.co.kr/products/258934649
42,아이폰13 프로 256 그래파이트 색상판매,750000,https://m.bunjang.co.kr/products/258871787
43,아이폰 13 프로 256 삽니다,600000,https://m.bunjang.co.kr/products/246968705
44,(마지막내림)아이폰13프로 256,760000,https://m.bunjang.co.kr/products/239911714
45,아이폰13프로 256기가 실버,530000,https://m.bunjang.co.kr/products/258695587
46,아이폰13프로 256그린+워치se40mm+에어팟3,630000,https://m.bunjang.co.kr/products/258061148
47,아이폰 13 pro 256기가 실버 판매,730000,https://m.bunjang.co.kr/products/258830580
48,아이폰13프로 256기가 +액정필름2장+투명케이스,700000,https://m.bunjang.co.kr/products/258814191
49,아이폰 13 pro 256기가,600000,https://m.bunjang.co.kr/products/258440880
50,18041 아이폰13프로 256기가 그라파이트 공기계 팝니다 부산아이폰,730000,https://m.bunjang.co.kr/products/258793157
51,홍미노트13프로 8램256기가 미개봉,340000,https://m.bunjang.co.kr/products/258518030
52,19년 맥북프로 13형 8기가 메모리 256기가,500000,https://m.bunjang.co.kr/products/258065150
53,아이폰13프로 블루 256기가 무료배송*인생폰*,740000,https://m.bunjang.co.kr/products/255667119
54,아이폰 13프로 256기가 자급제 시에라블루 상태좋음,700000,https://m.bunjang.co.kr/products/258677810
55,"아이폰13프로256 풀박스 + 케이스3개,강화필름, 카메라 보호 필름",730000,https://m.bunjang.co.kr/products/258601986
56,아이폰13프로 스그 256 애플케어 기기 판매 및 교환희망,850000,https://m.bunjang.co.kr/products/253746376
57,아이폰13프로 128기가256기가 무잔상 무찍힘 상태최상 ^^,660000,https://m.bunjang.co.kr/products/257992030
58,아이폰13프로 256,750000,https://m.bunjang.co.kr/products/254656629
59,아이폰13프로 256기가 시에라블루,820000,https://m.bunjang.co.kr/products/240258262
60,아이폰13프로256기가,690000,https://m.bunjang.co.kr/products/258801662
61,아이폰13프로 128기가256기가 무잔상 무찍힘 상태최상 ^^,660000,https://m.bunjang.co.kr/products/257992614
62,M1 맥북 프로 13.3 8/256,900000,https://m.bunjang.co.kr/products/258817679
63,아이폰13pro 256 그래파이트,500000,https://m.bunjang.co.kr/products/257353560
64,"아이폰 13 pro 256기가 70만원 정품맥세이프케이스, 슈피겐 강화유",700000,https://m.bunjang.co.kr/products/258659503
65,아이폰13프로256기가,730000,https://m.bunjang.co.kr/products/256159237
66,아이폰13프로 로즈골드256기가,730000,https://m.bunjang.co.kr/products/255804992
67,아이폰13프로 256기가 로즈골드,730000,https://m.bunjang.co.kr/products/255561640
68,아이폰 13pro 256 그래파이트 (충전선+케이스),680000,https://m.bunjang.co.kr/products/258637991
69,아이폰13프로 256기가 부품폰 팝니다,300000,https://m.bunjang.co.kr/products/257436154
70,아이폰13프로 256기가 무찍힘 무기스 상태최상 ^^,810000,https://m.bunjang.co.kr/products/258216706
71,아이폰13pro 256기가 배터리 98 시에라블루,940000,https://m.bunjang.co.kr/products/258501474
72,아이폰13프로 256기가 시에라 블루,650000,https://m.bunjang.co.kr/products/252259458
73,아이폰 13프로 256기가 그파 팝니다 내용참고,520000,https://m.bunjang.co.kr/products/258246113
74,아이폰13프로 대용량 256기가 AAA급 무잔상 블루,820000,https://m.bunjang.co.kr/products/257475547
75,아이폰 13 프로 그린 256기가 팝니다,780000,https://m.bunjang.co.kr/products/246296706
76,맥북 프로 13 m1 256,750000,https://m.bunjang.co.kr/products/258250042
77,애플 아이폰 13 프로 골드 256 미개봉 새제품 256G,1500000,https://m.bunjang.co.kr/products/209755660
78,s급 아이폰 13 pro 256 실버 배터리성능90,750000,https://m.bunjang.co.kr/products/257854899
79,아이폰프로 13 화이트256기가 뒷면파손폰 팝니다,550000,https://m.bunjang.co.kr/products/254964652
80,아이폰13프로 256,820000,https://m.bunjang.co.kr/products/244397494
81,아이폰13pro 256 실버,700000,https://m.bunjang.co.kr/products/257893286
82,아이폰 13 프로 pro 시에라블루 256기가 새상품급 팝니다,800000,https://m.bunjang.co.kr/products/257871771
83,아이폰13프로 256 그파,700000,https://m.bunjang.co.kr/products/258141813
84,아이폰13프로 256기가,750000,https://m.bunjang.co.kr/products/257792318
85,아이폰 13pro 실버 256 풀박,900000,https://m.bunjang.co.kr/products/257587521
86,아이폰 13pro 256 실버 풀박스 s급,850000,https://m.bunjang.co.kr/products/250597410
87,아이폰13프로 256기가팝니다,739000,https://m.bunjang.co.kr/products/257565838
88,아이폰13프로256 자급제 판매합니다,710000,https://m.bunjang.co.kr/products/257874515
89,아이폰13Pro max 256 애플워치 44m 나이키,1000000,https://m.bunjang.co.kr/products/258217134
90,아이폰 13pro 256기가 수리이력x 액정파손x,610000,https://m.bunjang.co.kr/products/253661111
91,아이폰13프로 256기가,490000,https://m.bunjang.co.kr/products/247289916
92,아이폰13프로 256기가 블랙 공기계,570000,https://m.bunjang.co.kr/products/256794513
93,아이폰13프로 시에라블루 256,680000,https://m.bunjang.co.kr/products/236242666
94,아이폰 13프로 맥스 256기가 89프로,750000,https://m.bunjang.co.kr/products/256375658
95,아이폰 13프로 화이트 색상 256기가 팔아요.(박스. 미사용케이블등),800000,https://m.bunjang.co.kr/products/258049200
96,아이폰13프로 256 판매합니다,682000,https://m.bunjang.co.kr/products/256665970
97,아이폰13프로 256시에라블루 자급제 팝니다.,670000,https://m.bunjang.co.kr/products/256684120
98,아이폰13프로 256 그린 판매합니다,502000,https://m.bunjang.co.kr/products/256686680
99,아이폰13프로256기가삽니다,500000,https://m.bunjang.co.kr/products/256060489
100,13pro 실버 카메라무음 256 물리심 가능 자급제 팔아요,800000,https://m.bunjang.co.kr/products/255522355
101,13promax 256 카메라무음 그래파이트 물리심가능 팔아요,800000,https://m.bunjang.co.kr/products/255522569
102,아이폰 13프로 256 (액정파손),400000,https://m.bunjang.co.kr/products/254364711
103,아이폰 13프로 256 배터리 88퍼,650000,https://m.bunjang.co.kr/products/256211269
104,아이폰 13프로 256 시에라블루,650000,https://m.bunjang.co.kr/products/253633236
105,아이폰13프로 256 그린 판매합니다,502000,https://m.bunjang.co.kr/products/256197860
106,아이폰13프로256 블루 aa급,700000,https://m.bunjang.co.kr/products/256037218
107,아이폰 13pro 256기가 / 공기계 14 15,430000,https://m.bunjang.co.kr/products/250593442
108,182141 아이폰13프로 화이트256 무잔상 메인폰 세컨업무폰,816000,https://m.bunjang.co.kr/products/239958736
109,아이폰13 프로 256 삽니다,600000,https://m.bunjang.co.kr/products/255423515
110,아이폰13 프로 256,675000,https://m.bunjang.co.kr/products/254487622
111,아이폰 13pro 시에라블루 256 팝니다,680000,https://m.bunjang.co.kr/products/255393281
112,아이폰13프로 256기가 시에라블루,735000,https://m.bunjang.co.kr/products/254912134
113,아이폰13프로 256 판매,733000,https://m.bunjang.co.kr/products/254791084
114,아이폰13프로 시에라블루 무음(미국판) 256기가 풀박스,760000,https://m.bunjang.co.kr/products/255472685
115,아이폰 13 프로 맥스 256 시에라 블루 자급제,850000,https://m.bunjang.co.kr/products/255231608
116,아이폰 13프로 256,720000,https://m.bunjang.co.kr/products/258320117
117,아이폰 13프로 256 블랙,700000,https://m.bunjang.co.kr/products/254495568
118,(AA급)무잔상 아이폰13프로 256기가 블루 풀박스 부산,718000,https://m.bunjang.co.kr/products/254418973
119,아이폰13프로 256기가 시에라블루,800000,https://m.bunjang.co.kr/products/254843434
120,아이폰13프로 256 판매합니다,756000,https://m.bunjang.co.kr/products/254791928
121,아이폰13promax256,800000,https://m.bunjang.co.kr/products/254327502
122,아이폰13 프로 256 알파인 그린,800000,https://m.bunjang.co.kr/products/254507397
123,아이폰13프로맥스 promax 256 그래파이트,750000,https://m.bunjang.co.kr/products/254573799
124,아이폰13pro 256,730000,https://m.bunjang.co.kr/products/253659233
125,당일발송 AA급 아이폰 13프로 256기가 블루 풀박스 무잔상,718000,https://m.bunjang.co.kr/products/254924146
126,아이폰 13프로 256 배터리86,670000,https://m.bunjang.co.kr/products/258221770
127,아이폰 13프로 시에라블루 256기가,750000,https://m.bunjang.co.kr/products/252332501
128,아이폰13프로256,700000,https://m.bunjang.co.kr/products/253596247
129,아이폰13프로 256 그린 판매합니다,502000,https://m.bunjang.co.kr/products/254362254
130,(네고가능) 초sSs급! 아이폰13프로 256 실버 88%,770000,https://m.bunjang.co.kr/products/254735736
131,아이폰13프로 실버 256기가 판매!!,635000,https://m.bunjang.co.kr/products/251527274
132,아이폰 13프로 256,630000,https://m.bunjang.co.kr/products/252605001
133,아이폰 13프로 256,400000,https://m.bunjang.co.kr/products/252599731
134,아이폰 13 프로 256 WHITE (파손),530000,https://m.bunjang.co.kr/products/252947129
135,아이폰13프로 256,450000,https://m.bunjang.co.kr/products/252521925
136,아이폰 13pro 256기가 그레이,630000,https://m.bunjang.co.kr/products/239602361
137,아이폰 13프로 맥스 256 실버,890000,https://m.bunjang.co.kr/products/249582329
138,아이폰13 pro 256기가,600000,https://m.bunjang.co.kr/products/257070371
139,아이폰13 프로 256기가 (블랙),650000,https://m.bunjang.co.kr/products/248043519
140,[293] 아이폰13프로 실버 256기가 판매!!,650000,https://m.bunjang.co.kr/products/251527573
141,아이폰13프로 256기가 판매,620000,https://m.bunjang.co.kr/products/252053286
142,아이폰13프로(256기가) 풀박스 배터리 성능 100%,800000,https://m.bunjang.co.kr/products/252647566
143,아이폰 13프로 256기가 시에라블루,799000,https://m.bunjang.co.kr/products/251056442
144,아이폰13프로 256 화이트,730000,https://m.bunjang.co.kr/products/247012042
145,아이폰 13 프로 256기가 시에라블루 판매,700000,https://m.bunjang.co.kr/products/257497420
146,아이폰13 pro max 시에라블루 256 아이폰13 프로맥스,960000,https://m.bunjang.co.kr/products/221751784
147,아이폰13프로 256기가 시에라블루,750000,https://m.bunjang.co.kr/products/251690435
148,아이폰 13 Pro 256기가,700000,https://m.bunjang.co.kr/products/251119592
149,아이폰13프로 256,700000,https://m.bunjang.co.kr/products/250890625
150,아이폰 13프로 256기가 파손,400000,https://m.bunjang.co.kr/products/234527701
151,아이폰13프로 256,680000,https://m.bunjang.co.kr/products/248280239
152,아이폰 13프로 256 풀박스 팔아요,750000,https://m.bunjang.co.kr/products/251029795
153,아이폰13프로 시에라블루 256기가,620000,https://m.bunjang.co.kr/products/250892047
154,아이폰 13프로pro 256 화이트 싸게 급처분!!!애플가죽케이스포함,700000,https://m.bunjang.co.kr/products/248122166
155,아이폰 13프로 256기가,730000,https://m.bunjang.co.kr/products/249937430
156,아이폰 13프로 256기가 골드,710000,https://m.bunjang.co.kr/products/250147617
157,애플 13프로맥스 256 87프로 팝니다,800000,https://m.bunjang.co.kr/products/250198259
158,맥북 프로 13 256,1300000,https://m.bunjang.co.kr/products/249438172
159,맥북 프로 13 M1 256 8,950000,https://m.bunjang.co.kr/products/249914926
160,아이폰13프로 256기가 팝니다,550000,https://m.bunjang.co.kr/products/248714755
161,아이폰13프로 256 그라파이트 배터리91% 판매,720000,https://m.bunjang.co.kr/products/250126699
162,아이폰 13 pro 256기가,850000,https://m.bunjang.co.kr/products/249097226
163,아이폰13프로 256기가 (그래파이트),730000,https://m.bunjang.co.kr/products/249153469
164,아이폰 13pro 256기가 풀박스,700000,https://m.bunjang.co.kr/products/248860948
165,아이폰13프로 256기가 시에라블루 팝니다,550000,https://m.bunjang.co.kr/products/254958737
166,아이폰13프로 256 실버(화이트) 판매합니다.,720000,https://m.bunjang.co.kr/products/249505432
167,아이폰13프로 맥스 256기가 액정깨짐 시에라 블루,650000,https://m.bunjang.co.kr/products/250058162
168,아이폰13프로 256기가 배터리 성능 83,750000,https://m.bunjang.co.kr/products/249295004
169,아이폰 13프로 256기가 화이트,680000,https://m.bunjang.co.kr/products/248198194
170,13프로 256 골드 배터리87,558000,https://m.bunjang.co.kr/products/248713927
171,아이폰 13프로 256기가,650000,https://m.bunjang.co.kr/products/248263467
172,아이폰13프로 256기가 그래파이트 팝니다,610000,https://m.bunjang.co.kr/products/248568899
173,아이폰13프로 256기가 시에라블루 A+급 판매합니다,650000,https://m.bunjang.co.kr/products/249565428
174,아이폰13프로 256 시에라 블루 판매합니다,630000,https://m.bunjang.co.kr/products/254073857
175,아이폰13 프로 256 시에라블루 팜,600000,https://m.bunjang.co.kr/products/248439640
176,아이폰13프로 256 애케플7월,750000,https://m.bunjang.co.kr/products/248747696
177,아이폰13프로 256,700000,https://m.bunjang.co.kr/products/247432700
178,아이폰 13 PRO MAX 256+케이스티파이케이스,1050000,https://m.bunjang.co.kr/products/247980678
179,아이폰 13프로 256 리퍼폰,789000,https://m.bunjang.co.kr/products/247630408
180,아아폰 13프로 256 판매합니다,720000,https://m.bunjang.co.kr/products/247818199
181,아이폰 13프로 256기가,600000,https://m.bunjang.co.kr/products/247269422
182,맥북프로 13 m2 8램 256 23년 7월구매,1100000,https://m.bunjang.co.kr/products/248415963
183,아이폰13프로256 판매합니다 쿨거래 네고ok,600000,https://m.bunjang.co.kr/products/252908848
184,아이폰 13프로 256 시에라블루 급처,680000,https://m.bunjang.co.kr/products/247507986
185,아이폰13프로 256 시에라블루 팔아요,660000,https://m.bunjang.co.kr/products/247537042
186,아이폰12프로맥스교환256기가 스그>13프로,999999,https://m.bunjang.co.kr/products/247702318
187,맥북프로 17년형 논터치바 13inch i5 16g 256,500000,https://m.bunjang.co.kr/products/248581195
188,아이폰13프로 256기가 박스풀셋,780000,https://m.bunjang.co.kr/products/246412175
189,아이폰 13 Pro 256기가 화이트,700000,https://m.bunjang.co.kr/products/246626515
190,"아이폰 13프로 256 골드, 상태 깔끔",730000,https://m.bunjang.co.kr/products/246747151
191,아이폰 13 프로 256기가 실버 판매합니다.,700000,https://m.bunjang.co.kr/products/246662225
192,아이폰 13 프로 256 기가 판매,640000,https://m.bunjang.co.kr/products/246035877
193,아이폰 13 프로 256 기가,700000,https://m.bunjang.co.kr/products/245580625
194,아이폰13 PRO MAX 256 풀박스 상태 A 79만원,790000,https://m.bunjang.co.kr/products/246059256
195,아이폰13프로256그라파이트,550000,https://m.bunjang.co.kr/products/245569797
196,아이폰 13프로 256기가,670000,https://m.bunjang.co.kr/products/245020444
197,맥북 13 2020년형 intel 프로 메모리8 256기가 팔아요,500000,https://m.bunjang.co.kr/products/246778038
198,아이폰 13프로 256 골드,620000,https://m.bunjang.co.kr/products/244970398
199,아이폰 13pro 256기가 / 그래파이트,700000,https://m.bunjang.co.kr/products/245484904
200,아이폰 13프로 256기가,700000,https://m.bunjang.co.kr/products/239194574
201,아이폰13프로 256 그래파이트 판매합니다,690000,https://m.bunjang.co.kr/products/243256573
202,아이폰 13프로멕스 256기가 그래파이트,900000,https://m.bunjang.co.kr/products/245413961
203,아이폰13프로256새상품급팝니다.,770000,https://m.bunjang.co.kr/products/244965140
204,아이폰 13프로 256기가,670000,https://m.bunjang.co.kr/products/244790153
205,아이폰 13프로 256 판매및 교신,750000,https://m.bunjang.co.kr/products/245174339
206,아이폰13 프로 256 시에라블루 팝니다.,850000,https://m.bunjang.co.kr/products/239732806
207,아이폰13프로 256기가 시에나블루,730000,https://m.bunjang.co.kr/products/245276195
208,아이폰13프로 그래파이트 256,650000,https://m.bunjang.co.kr/products/244573373
209,아이폰13프로256,720000,https://m.bunjang.co.kr/products/244324259
210,아이폰 13프로 256기가 시에라블루,650000,https://m.bunjang.co.kr/products/244832145
211,아이폰 13프로 256기가 판매합니다.,770000,https://m.bunjang.co.kr/products/238434004
212,I phone 13 pro max 256 gb,1000000,https://m.bunjang.co.kr/products/244464586
213,아이폰 13pro 256 화이트,680000,https://m.bunjang.co.kr/products/244010087
214,아이폰13프로 256 그래파이트,700000,https://m.bunjang.co.kr/products/244038400
215,아이폰 13프로 골드 256,690000,https://m.bunjang.co.kr/products/243927834
216,S급 아이폰 13pro 256,780000,https://m.bunjang.co.kr/products/243864140
217,"아이폰 13 pro 256 팔아요 (정품 유선 이어폰, 충전기 포함)",800000,https://m.bunjang.co.kr/products/240535459
218,아이폰 13프로 256기가 시에라블루 (하자 없음),730000,https://m.bunjang.co.kr/products/244509354
219,아이폰13프로실버256기가팝니다,500000,https://m.bunjang.co.kr/products/244110236
220,아이폰13프로 256기가 그래파이트,590000,https://m.bunjang.co.kr/products/243637155
221,아이폰13프로 맥스 256 하늘색,850000,https://m.bunjang.co.kr/products/243934941
222,아이폰 13 프로 pro 256 기가 그레이 팝니다,690000,https://m.bunjang.co.kr/products/242756442
223,아이폰 13프로 256기가 그래파이트,700000,https://m.bunjang.co.kr/products/243635524
224,아이폰 13 프로 256 -> 아이폰 13 or 아이폰 14 추금 교환,1000000,https://m.bunjang.co.kr/products/217137119
225,아이폰13프로 256(애케플 24.2) 시에라블루 s급 풀박,770000,https://m.bunjang.co.kr/products/239284533
226,13프로256,730000,https://m.bunjang.co.kr/products/242936818
227,아이폰13프로 256기가 실버,700000,https://m.bunjang.co.kr/products/243576262
228,아이폰13프로 256기가 미개봉 팔아요. (애케플 O),900000,https://m.bunjang.co.kr/products/245086876
229,아이폰13프로 256기가 시에라블루,530000,https://m.bunjang.co.kr/products/243706021
230,아이폰13pro 화이트 256기가,700000,https://m.bunjang.co.kr/products/243469447
231,아이폰 13프로 256기가 풀박스 팝니다~!,650000,https://m.bunjang.co.kr/products/243572095
232,아이폰 13프로 256 그래파이트 판매합니다,750000,https://m.bunjang.co.kr/products/242010948
233,아이폰13프로 256기가 그린 팝니다,600000,https://m.bunjang.co.kr/products/242590473
234,아이폰13프로 256실버,680000,https://m.bunjang.co.kr/products/239240411
235,아이폰13프로256실버,700000,https://m.bunjang.co.kr/products/243109527
236,아이폰 13프로 256 화이트 판매합니다,700000,https://m.bunjang.co.kr/products/240041763
237,아이폰 13프로 실버 256 팝니다,700000,https://m.bunjang.co.kr/products/241916086
238,아이폰13프로 256 실버,650000,https://m.bunjang.co.kr/products/201464121
239,아이폰13프로 화이트 256 풀박 / sss급 배터리100퍼,770000,https://m.bunjang.co.kr/products/244028566
240,아이폰 13프로 맥스 256기가 스벅 케이스티파이 팝니다.,800000,https://m.bunjang.co.kr/products/248517298
241,아이폰13 프로 256 그래파이트,550000,https://m.bunjang.co.kr/products/242272794
242,아이폰13프로 256,700000,https://m.bunjang.co.kr/products/242258336
243,아이폰13프로 실버색상 256용량 무잔상 깨끗한단말기 S급 판매합니다,950000,https://m.bunjang.co.kr/products/217127512
244,아이폰13 256 핑크 배터리100프로 새제품입니다,650000,https://m.bunjang.co.kr/products/243427845
245,아이폰13 프로 실버색상 256기가 팝니다,630000,https://m.bunjang.co.kr/products/247848613
246,아이폰 13프로 256,700000,https://m.bunjang.co.kr/products/241919296
247,아이폰 13pro 그래파이트 256,800000,https://m.bunjang.co.kr/products/241493369
248,아이폰 13 프로 256 시에라블루 풀박,720000,https://m.bunjang.co.kr/products/240784006
249,아이폰13프로256화이트,800000,https://m.bunjang.co.kr/products/239302060
250,아이폰 13프로 256 화이트 S급 팔아요,759000,https://m.bunjang.co.kr/products/240820677
251,아이폰 13프로 256기가 팝니다. 13pro 256,650000,https://m.bunjang.co.kr/products/240111223
252,아이폰13프로 256기가 블랙 초A급 풀박스 판매합니다!,680000,https://m.bunjang.co.kr/products/242693685
253,아이폰13 프로 256,800000,https://m.bunjang.co.kr/products/241324181
254,아이폰 13프로 256 골드 팔아요!,700000,https://m.bunjang.co.kr/products/240398951
255,아이폰 13프로 그래파이트 256기가 새제품,850000,https://m.bunjang.co.kr/products/241484380
256,아이폰13프로 256기가,750000,https://m.bunjang.co.kr/products/241195444
257,아이폰13pro 256기가,850000,https://m.bunjang.co.kr/products/241125094
258,아이폰 13 pro 256 시에라블루,750000,https://m.bunjang.co.kr/products/239521725
259,아이폰 13프로 맥스 256 시에라블루 새상품 후면 파손,350000,https://m.bunjang.co.kr/products/242121478
260,아이폰13프로 시에라블루 256기가판매합니다,700000,https://m.bunjang.co.kr/products/241905590
261,(256) 아이폰 13 프로 그라파이트 256기가 배터리 86%,800000,https://m.bunjang.co.kr/products/238110315
262,아이폰 13프로 256기가,680000,https://m.bunjang.co.kr/products/240777344
263,아이폰 13pro 256,780000,https://m.bunjang.co.kr/products/240445227
264,아이폰 13프로 256,750000,https://m.bunjang.co.kr/products/239510203
265,아이폰13프로 256 (시에라블루),730000,https://m.bunjang.co.kr/products/240869246
266,아이폰13프로 256기가,700000,https://m.bunjang.co.kr/products/240588690
267,아이폰13 프로 256,730000,https://m.bunjang.co.kr/products/240388339
268,아이폰 13promax 256시에라블루,870000,https://m.bunjang.co.kr/products/240366028
269,아이폰 13 프로 시에라블루 256기가,700000,https://m.bunjang.co.kr/products/240947336
270,아이폰 13프로 256 사설 배터리 교체,580000,https://m.bunjang.co.kr/products/246143564
271,아이폰 13프로 256기가 실버,680000,https://m.bunjang.co.kr/products/240699559
272,아이폰13프로 256기가 자급제(박스있음),700000,https://m.bunjang.co.kr/products/241211810
273,아이폰13프로 256,850000,https://m.bunjang.co.kr/products/239063001
274,아이폰13pro 256 시에라블루,700000,https://m.bunjang.co.kr/products/240556104
275,아이폰 13프로 256 S급,750000,https://m.bunjang.co.kr/products/240199733
276,아이폰 13프로맥스(pro max) 256기가 그래파이트,720000,https://m.bunjang.co.kr/products/240848709
277,아이폰13프로 자급제 256 그라파이트,700000,https://m.bunjang.co.kr/products/239821834
278,"아이폰 13pro 256, 골드 판매합니다",650000,https://m.bunjang.co.kr/products/239611747
279,아이폰 13프로 256기가 실버 판매합니다,800000,https://m.bunjang.co.kr/products/239958198
280,아이폰 13pro 그라파이트 256,700000,https://m.bunjang.co.kr/products/239956167
281,아이폰13프로256화이트판매합니다,800000,https://m.bunjang.co.kr/products/239253596
282,아이폰13promax 256 시에라블루,1000000,https://m.bunjang.co.kr/products/240323023
283,아이폰 13프로 256 그라파이트,690000,https://m.bunjang.co.kr/products/239940231
284,아이폰 13프로 시에라 블루 256,700000,https://m.bunjang.co.kr/products/240133341
285,아이폰13프로 시에라블루 256기가 판매합니다,700000,https://m.bunjang.co.kr/products/240906392
286,아이폰13프로 256기가 블루 공기계,650000,https://m.bunjang.co.kr/products/239592791
287,아이폰13프로 256기가 블루 공기계,650000,https://m.bunjang.co.kr/products/239592791
288,아이폰13프로 256 실버,850000,https://m.bunjang.co.kr/products/239801083
289,아이폰 13 프로 256 그래파이트 풀박,700000,https://m.bunjang.co.kr/products/239809954
290,아이폰 13프로256+ 케이스티파이 정품 맥세이프 케이스,650000,https://m.bunjang.co.kr/products/240182881
291,아이폰 13프로 맥스 256기가 실버,880000,https://m.bunjang.co.kr/products/239999447
292,아이폰13프로 256,690000,https://m.bunjang.co.kr/products/239505952
293,아이폰13pro 256기가,780000,https://m.bunjang.co.kr/products/239667644
294,아이폰 13 pro 256,540000,https://m.bunjang.co.kr/products/242567326
295,아이폰12프로 아이폰13프로맥스 둘다256 상태 a급팝니다,1600000,https://m.bunjang.co.kr/products/240549323
296,애플 아이폰13프로 256기가,950000,https://m.bunjang.co.kr/products/239826373
297,아이폰13프로 256 골드 판매 아이폰14프로 추금 드리고 교환 해봅니다,670000,https://m.bunjang.co.kr/products/246350910
298,아이폰 13pro 골드 256기가,700000,https://m.bunjang.co.kr/products/239781078
299,아이폰 13프로 256 그레이,770000,https://m.bunjang.co.kr/products/239538133
300,아이폰 13 pro 256 시에라 블루 판매,780000,https://m.bunjang.co.kr/products/239967708
301,아이폰13pro 256기가 팝니다,850000,https://m.bunjang.co.kr/products/239755939
302,아이폰13프로 256기가,800000,https://m.bunjang.co.kr/products/239503709
303,아이폰13프로 256기가!!,750000,https://m.bunjang.co.kr/products/239497386
304,아이폰13프로 실버 256,650000,https://m.bunjang.co.kr/products/239059100
305,아이폰13pro 256기가 실버,780000,https://m.bunjang.co.kr/products/239359288
306,아아폰 13 프로 256 기가 골드 팝니다,800000,https://m.bunjang.co.kr/products/239978320
307,아이폰 13프로 256기가 시에라블루 s급 풀박,700000,https://m.bunjang.co.kr/products/240030637
308,아이폰13프로 256 화이트 판매,880000,https://m.bunjang.co.kr/products/239477845
309,아이폰13프로 256 배터리 85%,650000,https://m.bunjang.co.kr/products/239459162
310,아이폰 13프로 256 시에라블루,830000,https://m.bunjang.co.kr/products/239308622
311,아이폰 13프로 256기가 시에라블루(89%),750000,https://m.bunjang.co.kr/products/239075873
312,아이폰 13 pro max 256기가 (상태좋음),900000,https://m.bunjang.co.kr/products/240005135
313,아이폰 13 프로맥스(pro max) 그래파이트 256,850000,https://m.bunjang.co.kr/products/239583578
314,아이폰13프로 256 블루 리퍼 미사용,900000,https://m.bunjang.co.kr/products/239768184
315,아이폰13프로256 리퍼미사용,900000,https://m.bunjang.co.kr/products/239460918
316,아이폰13pro 256기가 시에라블루,850000,https://m.bunjang.co.kr/products/239393726
317,*급처*아이폰13pro256 시에라블루,850000,https://m.bunjang.co.kr/products/239570196
318,아이폰 13 프로 맥스 화이트 실버 256 자급제,890000,https://m.bunjang.co.kr/products/239566377
319,아이폰13프로 256기가 A급,800000,https://m.bunjang.co.kr/products/239181422
320,아이폰 13프로 256 풀박스 S급 팝니다,899000,https://m.bunjang.co.kr/products/239355778
321,아이폰13프로 256 시에라 블루 팝니다.,820000,https://m.bunjang.co.kr/products/239312431
322,아이폰13프로 시에라블루 256,800000,https://m.bunjang.co.kr/products/239111528
323,아이폰13프로 256기가 블랙 공기계,740000,https://m.bunjang.co.kr/products/239245718
324,아이폰13프로 256 시에라블루 박스풀 판매합니다,800000,https://m.bunjang.co.kr/products/239910489
325,아이폰 13 프로 256기가 시에라블루 풀박스,750000,https://m.bunjang.co.kr/products/239299112
326,아이폰13프로-256 /정상해지/ 75만원,750000,https://m.bunjang.co.kr/products/240016824
327,아이폰 13프로 256 (애케플 적용),790000,https://m.bunjang.co.kr/products/239624096
328,아이폰13프로 시에라블루 256기가 판매합니다,700000,https://m.bunjang.co.kr/products/239571735
329,아이폰 13 핑크 256/ 아이폰12프로 128 팔아요,650000,https://m.bunjang.co.kr/products/239380347
330,아이폰 13 pro 256 실버 자급제 ss급 풀박스 직거래우선,900000,https://m.bunjang.co.kr/products/239421107
331,아이폰 13프로 256기가 미드나잇,900000,https://m.bunjang.co.kr/products/238461712
332,S급 아이폰13프로맥스 256기가 판매합니다! 배터리 사이클 94프로,920000,https://m.bunjang.co.kr/products/239651494
333,아이폰 13프로 256기가 시에라블루,860000,https://m.bunjang.co.kr/products/238423738
334,아이폰13프로 스페이스그레이 256기가 판매합니다(가격다운),800000,https://m.bunjang.co.kr/products/239268351
335,아이폰 13프로 실버 256 애케플 0,1000000,https://m.bunjang.co.kr/products/239102678
336,아이폰13pro 256 애케플 판매합니다.,900000,https://m.bunjang.co.kr/products/239077977
337,아이폰13프로 256시에라블루 팝니다,670000,https://m.bunjang.co.kr/products/243357629
338,아이폰 13 프로 시에라블루 256기가 미사용 리퍼폰,1100000,https://m.bunjang.co.kr/products/238787902
339,아이폰13프로 256,700000,https://m.bunjang.co.kr/products/239223116
340,S급실버색상 아이폰13 pro 256기가 판매합니다,900000,https://m.bunjang.co.kr/products/238487221
341,맥북 프로 256 13형 m1,650000,https://m.bunjang.co.kr/products/237442388
342,아이폰13pro맥스256 스페이스그레이,980000,https://m.bunjang.co.kr/products/236651559
343,예약 아이폰13 프로 256기가 예약상품,600000,https://m.bunjang.co.kr/products/237337544
344,아이폰 13프로 실버 256기가,980000,https://m.bunjang.co.kr/products/200321358
345,(급매) 2015년 맥북프로 13형 256기가 팝니다,280000,https://m.bunjang.co.kr/products/237126054
346,아이폰13프로 256,900000,https://m.bunjang.co.kr/products/236480810
347,아이폰 13 pro 256 팜,780000,https://m.bunjang.co.kr/products/241326001
348,아이폰 13 pro 256 팝니다,800000,https://m.bunjang.co.kr/products/235483090
349,아이폰 13pro 256기가 자급제,900000,https://m.bunjang.co.kr/products/236348219
350,아이폰13프로 256 시애라블루,750000,https://m.bunjang.co.kr/products/240958249
351,아이폰 13프로 256 전면 상단부 파손제품 팝니다,550000,https://m.bunjang.co.kr/products/236943189
352,(오늘만이가격) 아이폰13프로 256 sss급 애케플 시에라블루,850000,https://m.bunjang.co.kr/products/236940005
353,아이폰13프로 256 배터리100 애케플,820000,https://m.bunjang.co.kr/products/241597086
354,아이폰13pro 256기가 시에라블루 S급 풀박,920000,https://m.bunjang.co.kr/products/236122509
355,맥북 프로 M1 13형 256기가 스그 SSSSS급 팝니다,1000000,https://m.bunjang.co.kr/products/236102224
356,아이폰13프로 256 그래파이트,700000,https://m.bunjang.co.kr/products/240104373
357,아이폰13프로256 상태최상급 팔아요,710000,https://m.bunjang.co.kr/products/240679168
358,아이폰 13 프로 256,760000,https://m.bunjang.co.kr/products/239796356
359,블랙 아이폰13 프로 256 베터리85%,900000,https://m.bunjang.co.kr/products/235849725
360,아이폰 13프로 시에라블루 256,700000,https://m.bunjang.co.kr/products/239594839
361,아이폰13프로 시에라블루256,850000,https://m.bunjang.co.kr/products/239744224
362,아이폰13프로256기가,750000,https://m.bunjang.co.kr/products/239274564
363,아이폰13프로 256기가 실버 팝니다!,900000,https://m.bunjang.co.kr/products/239535429
364,아이폰13프로256,1000000,https://m.bunjang.co.kr/products/238888472
365,아이폰13프로 256블루 A급,930000,https://m.bunjang.co.kr/products/234609605
366,아이폰 13 프로 맥스 256 그라파이트 + 애플 정품 클리어 케이스,900000,https://m.bunjang.co.kr/products/239114762
367,아이폰 13프로 256 자급제 시에라블루 애케플 판매합니다,790000,https://m.bunjang.co.kr/products/240551264
368,아이폰 13프로 256기가 정상해지폰 판매합니다,400000,https://m.bunjang.co.kr/products/235361510
369,아이폰 13 pro 256 GB,920000,https://m.bunjang.co.kr/products/233998797
370,"아이폰13 프로 256 그래파이트, 시에라블루",830000,https://m.bunjang.co.kr/products/238236805
371,아이폰13프로 256기가 시에라블루,900000,https://m.bunjang.co.kr/products/233838362
372,아이폰13프로 256기가,780000,https://m.bunjang.co.kr/products/237932491
373,아이폰13프로 256GB,950000,https://m.bunjang.co.kr/products/233347065
374,아이폰 13pro 자급제 256기가,999000,https://m.bunjang.co.kr/products/227035369
375,아이폰13프로 256판매합니다,720000,https://m.bunjang.co.kr/products/233164355
376,아이폰 13프로 256 블루 skt 정상공기계 판매합니다.,600000,https://m.bunjang.co.kr/products/234321075
377,"아이폰 15프로 256 내츄럴티타늄 13일 19시 강남,고터 직거래",1760000,https://m.bunjang.co.kr/products/238983401
378,아이폰 13pro 256기가,790000,https://m.bunjang.co.kr/products/236972982
379,아이폰 13프로 256 시에나블루 팝니다,666666,https://m.bunjang.co.kr/products/233229800
380,아이폰 13프로 256 판매합니가,950000,https://m.bunjang.co.kr/products/232885531
381,아이폰 13pro max 256기가 판매합니다.,1200000,https://m.bunjang.co.kr/products/232712060
382,아이폰 프로13 256기가 시에라블루팝니다.,800000,https://m.bunjang.co.kr/products/205011962
383,아이폰13프로 256기가 시에라블루,950000,https://m.bunjang.co.kr/products/231489863
384,아이폰13프로 256기가 팝니다,900000,https://m.bunjang.co.kr/products/231269476
385,아이폰13프로 실버 256기가+애플케어플러스,970000,https://m.bunjang.co.kr/products/231509063
386,아이폰13프로 256기가 부품용,600000,https://m.bunjang.co.kr/products/232073044
387,아이폰 13프로 알파인그린 256기가 팝니다,750000,https://m.bunjang.co.kr/products/234737272
388,S급!! 풀박스 아이폰 13프로 256 골드,970000,https://m.bunjang.co.kr/products/229677798
389,아이폰13프로 256기가(구미중고폰창고),930000,https://m.bunjang.co.kr/products/229729044
390,아이폰 13프로 256기가,970000,https://m.bunjang.co.kr/products/228807225
391,아이폰 13 프로 시에라블루 256기가,700000,https://m.bunjang.co.kr/products/232013370
392,맥북 프로 2019년형 13inch 8GB 터치바 모델 256,500000,https://m.bunjang.co.kr/products/227782918
393,아이폰13프로 256기가,1150000,https://m.bunjang.co.kr/products/227852745
394,아이폰 13미니 스타라이트 256기가->아이폰14프로 추금받고교신,500000,https://m.bunjang.co.kr/products/227286049
395,아이폰13프로 256기가,770000,https://m.bunjang.co.kr/products/205709683
396,아이폰 13pro 단품 256 베터리 100%,950000,https://m.bunjang.co.kr/products/227988430
397,아이폰 13 pro 256,950000,https://m.bunjang.co.kr/products/227228682
398,"아이폰13프로 256 , 애플케어",930000,https://m.bunjang.co.kr/products/226592819
399,아이폰13프로 256 자급제,1050000,https://m.bunjang.co.kr/products/231386878
400,아이폰13프로 맥스 알파인그린 256 팝니다,1000000,https://m.bunjang.co.kr/products/209722183
401,아이폰13프로 256기가 알파인그린,1000000,https://m.bunjang.co.kr/products/217857996
402,아이폰13프로 256기가 자급제,950000,https://m.bunjang.co.kr/products/225828331
403,아이폰 13프로 256,970000,https://m.bunjang.co.kr/products/225893873
404,아이폰 13프로 256 미개봉 구입 원합니다.,900000,https://m.bunjang.co.kr/products/213786553
405,아이폰13프로256,940000,https://m.bunjang.co.kr/products/225644865
406,아이폰13프로 256,950000,https://m.bunjang.co.kr/products/225597347
407,아이폰 13프로 256 배터리95프로 9개월 블랙 팝니다,990000,https://m.bunjang.co.kr/products/226462432
408,아이폰13프로256,880000,https://m.bunjang.co.kr/products/228891500
409,아이폰 13pro max 256,1050000,https://m.bunjang.co.kr/products/218804177
410,깨짐 아이폰 13프로맥스 256 아이폰 14pro 교환 이나 팝니다,800000,https://m.bunjang.co.kr/products/225963879
411,[S급]아이폰 13프로 256기가,500000,https://m.bunjang.co.kr/products/221641673
412,아이폰13프로 256 그래파이트,950000,https://m.bunjang.co.kr/products/223893333
413,아이폰 13프로 그래파이트 256 기가 판매해요,820000,https://m.bunjang.co.kr/products/224390128
414,아이폰 13 프로 256+애플케어,990000,https://m.bunjang.co.kr/products/223335458
415,아이폰13프로 맥스 256 블랙 -> 13프로 256시에라블루,1200000,https://m.bunjang.co.kr/products/223106096
416,아이폰 13 프로 256 기가,999000,https://m.bunjang.co.kr/products/222281152
417,아이폰13pro256기가 팝니다,900000,https://m.bunjang.co.kr/products/226590307
418,아이폰13프로 256기가팝니다,998000,https://m.bunjang.co.kr/products/222113999
419,아이폰13프로 256,850000,https://m.bunjang.co.kr/products/221710229
420,아이폰 13프로 맥스 256 골드 판매합니다!,1000000,https://m.bunjang.co.kr/products/222620324
421,아이폰13PRO Max 256기가팝니다,1149000,https://m.bunjang.co.kr/products/221793612
422,아이폰 13프로 그래파이트 256 애케플,1050000,https://m.bunjang.co.kr/products/226512480
423,아이폰13프로 256기가,880000,https://m.bunjang.co.kr/products/221078575
424,맥북 프로 13 8 256,900000,https://m.bunjang.co.kr/products/220993784
425,아이폰 13promax 256 그래파이트,1100000,https://m.bunjang.co.kr/products/219996462
426,아이폰13프로256기가 자급제,820000,https://m.bunjang.co.kr/products/220163066
427,아이폰13프로 256 상태 좋음 판매해요,990000,https://m.bunjang.co.kr/products/220351909
428,아이폰 13프로 256기가 배터리96프로 찍힘없는 S급 팝니다,990000,https://m.bunjang.co.kr/products/220522897
429,아이폰13프로 256기가 그라파이트색상,950000,https://m.bunjang.co.kr/products/223486634
430,아이폰13프로 256기가 골드 보증기간 유효,950000,https://m.bunjang.co.kr/products/222395657
431,"아이폰 13프로(256) >아이폰 13미니 (교신,교환) 합니다.",400000,https://m.bunjang.co.kr/products/221322852
432,아이폰13프로맥스256골드,1000000,https://m.bunjang.co.kr/products/258987043
433,아이폰13프로맥스 256GB (시에라블루),850000,https://m.bunjang.co.kr/products/258566778
434,아이폰 13프로 256GB 시에라블루,689000,https://m.bunjang.co.kr/products/240659053
435,아이폰 13프로맥스 256G 블랙 A급 배터리 91% 팝니다,940000,https://m.bunjang.co.kr/products/258126492
436,아이폰 15프로 256G 블루 S급 풀박스 133만원에 팝니다,1330000,https://m.bunjang.co.kr/products/257901915
437,아이폰 13promax,850000,https://m.bunjang.co.kr/products/258883281
438,아이폰13프로 카메라 무음 256GB 그래파이트 듀얼 물리 유심,850000,https://m.bunjang.co.kr/products/258551792
439,맥북프로 2020 13.3인치 인텔i5 8g ssd256g,600000,https://m.bunjang.co.kr/products/258984404
440,아이폰13프로맥스256골드,1000000,https://m.bunjang.co.kr/products/258775536
441,아이폰13promax256g 풀박스,800000,https://m.bunjang.co.kr/products/257602910
442,샤오미 홍미노트13프로 미개봉 8G256GB 오로라퍼플,340000,https://m.bunjang.co.kr/products/257973932
443,아이폰 13프로 256GB 시에라 블루,740000,https://m.bunjang.co.kr/products/233731475
444,리퍼폰 아이폰13프로맥스 256기가 블랙색상판매합니다,1050000,https://m.bunjang.co.kr/products/237566889
445,2020 인텔 i5 맥북 프로 13인치 ram 16 256gb,650000,https://m.bunjang.co.kr/products/256001678
446,애플 아이폰 13프로 자급제 256gb 알파인그린,710000,https://m.bunjang.co.kr/products/257636732
447,"2022 맥북프로 13인치 M2 실버 (10코어, 256gb, 8gb)",1150000,https://m.bunjang.co.kr/products/258852962
448,맥북 프로 M2 13인치 스그 256GB기본모델 배터리100%,1130000,https://m.bunjang.co.kr/products/257915211
449,ㅁ아이폰 13 프로 실버 256GB 리퍼 미사용(애플케어플러스),1050000,https://m.bunjang.co.kr/products/257498944
450,애플 2015 맥북프로 레티나 13인치 실버 영문자판 8GB 256GB,220000,https://m.bunjang.co.kr/products/257987470
451,아이폰13프로 골드 256gb,630000,https://m.bunjang.co.kr/products/224738438
452,아이폰 13pro 시에라블루 256gb 팝니다,780000,https://m.bunjang.co.kr/products/253785676
453,맥북프로 13.3인치 ssd256GB 노트북,259000,https://m.bunjang.co.kr/products/200721987
454,"2016 맥북프로 터치바 13인치, 8기가, SSD 256",350000,https://m.bunjang.co.kr/products/258636117
455,2020 맥북프로 13인치 256GB 풀박스 +마우스포함,900000,https://m.bunjang.co.kr/products/256336348
456,자급제 미사용 아이폰13프로맥스 256기가 시에라블루 풀박스,1020000,https://m.bunjang.co.kr/products/244421018
457,[리퍼 미사용]아이폰13Pro MAX 그파 256G,1220000,https://m.bunjang.co.kr/products/239275279
458,아이폰 13pro 256gb,660000,https://m.bunjang.co.kr/products/232903017
459,맥북 프로 2019년형 13인치 터치바 i5 256gb 스페이스그레이,509000,https://m.bunjang.co.kr/products/237618593
460,아이폰 13프로맥스 256GB,900000,https://m.bunjang.co.kr/products/258897099
461,맥북 프로 13인치 2016 스그 256GB 풀박스,450000,https://m.bunjang.co.kr/products/258949284
462,아이폰 13pro max 256g,680000,https://m.bunjang.co.kr/products/257652143
463,아이폰13프로맥스 시에라블루 256기가,950000,https://m.bunjang.co.kr/products/258909000
464,맥북프로 m1 13인치 터치바 8GB/256GB,1000000,https://m.bunjang.co.kr/products/258947177
465,029921 아이폰13프로 블루 A급 256GB 무잔상 메인폰추천,840000,https://m.bunjang.co.kr/products/258936683
466,아이폰 13 Pro 256GB 실버,750000,https://m.bunjang.co.kr/products/258421686
467,액정/외관깨끗 아이폰13프로 100% 블루 256GB 판매 20504,858000,https://m.bunjang.co.kr/products/258895980
468,액정/외관깨끗 아이폰13프로 100% 블루 256GB 판매 20504,858000,https://m.bunjang.co.kr/products/258895982
469,아이폰13프로 256G 실버 S급!,780000,https://m.bunjang.co.kr/products/258164543
470,아이폰 13프로맥스 스페이스그레이 256,1050000,https://m.bunjang.co.kr/products/250967785
471,아이폰13프로 그래파이트 256gb,700000,https://m.bunjang.co.kr/products/258587287
472,아이폰13프로 시에라블루 256GB,800000,https://m.bunjang.co.kr/products/256742556
473,아이폰13프로맥스 256g,850000,https://m.bunjang.co.kr/products/238972946
474,아이폰 13 Pro 256GB 그린 리퍼 미사용,1000000,https://m.bunjang.co.kr/products/257851139
475,아이폰13프로 256G 그린 판매합니다,820000,https://m.bunjang.co.kr/products/256322671
476,아이폰13프로맥스 256기가 시에라블루,870000,https://m.bunjang.co.kr/products/258684203
477,13프로맥스 알파인그린 256 애플케어플러스,900000,https://m.bunjang.co.kr/products/251217323
478,아이폰 13 프로 맥스 256G 그래파이트 자급제 상태좋음,830000,https://m.bunjang.co.kr/products/255594460
479,아이폰13프로 맥스 5G 256G 시에라블루,777000,https://m.bunjang.co.kr/products/258187369
480,M1 맥북프로13인치 256GB 실버,740000,https://m.bunjang.co.kr/products/256901437
481,아이폰13프로 그래파이트 256G 특특AAAAA급!무상보증남음!!,724000,https://m.bunjang.co.kr/products/258899300
482,아이폰13프로 그래파이트 256G 특특AAAAA급!무상보증남음!!,724000,https://m.bunjang.co.kr/products/258899513
483,폰고 | 06 맥북프로 15 2013 / i7 / 8GB / 256SSD,449000,https://m.bunjang.co.kr/products/213430828
484,"파이널컷,로직프로0)맥북에어m1 256기가 13인치 램8 풀박",699000,https://m.bunjang.co.kr/products/258934901
485,아이폰 13pro max 256GB,800000,https://m.bunjang.co.kr/products/249742033
486,아이폰13프로맥스 256g 새제품급,850000,https://m.bunjang.co.kr/products/258378045
487,아이폰13 프로맥스 256G 시에라블루 리퍼새제품,980000,https://m.bunjang.co.kr/products/257542169
488,맥북프로 M1 8코어 8GB 256GB 13인치 작업용 추천 노트북 맥북,880000,https://m.bunjang.co.kr/products/258930372
489,188287 아이폰13프로맥스 골드 SSS급 256GB 배터리100%,1080000,https://m.bunjang.co.kr/products/258942887
490,아이폰13프로맥스 256GB 블루 배터리 91%,755000,https://m.bunjang.co.kr/products/256441615
491,아이폰13프로맥스 256GB 미개봉 미사용 리퍼,1000000,https://m.bunjang.co.kr/products/253948379
492,맥북프로 2017 풀박 A급 13인치 256g 배터리사이클 98,420000,https://m.bunjang.co.kr/products/256778506
493,아이폰 13PRO MAX 256GB,780000,https://m.bunjang.co.kr/products/241502226
494,"A2638 아이폰13프로 256G,A급,배터리성능88%,무상보증남음",724000,https://m.bunjang.co.kr/products/258893935
495,"A2638 아이폰13프로 256G,A급,배터리성능88%,무상보증남음",724000,https://m.bunjang.co.kr/products/258893844
496,배터리96% 로직파컷번들 설치)맥북프로 m1 13인치 256 8,899000,https://m.bunjang.co.kr/products/258460257
497,자급제 미사용 아이폰13프로맥스 256기가 그래파이트 풀박스,1050000,https://m.bunjang.co.kr/products/255034508
498,아이폰 13pro 실버 256gb 판매합니다,770000,https://m.bunjang.co.kr/products/251682398
499,"컴퓨터,애플, 맥북프로 13인치 2019년 i5,16G,256G 터치바",550000,https://m.bunjang.co.kr/products/258920043
500,아이폰13프로맥스 시에라블루 256 배터리99+정품가죽케이스 청량케이스,900000,https://m.bunjang.co.kr/products/257985835
501,아이폰 13pro256gb,640000,https://m.bunjang.co.kr/products/246318626
502,맥북프로/레티나 2014 8G-SSD 256GB/13.3인치 노트북,370000,https://m.bunjang.co.kr/products/244064393
503,아이폰 13pro 시에라 블루 256GB 판매해요. 상태좋아요,700000,https://m.bunjang.co.kr/products/247016814
504,(S급)풀박스 아이폰13프로맥스 256 블랙 판매해요,870000,https://m.bunjang.co.kr/products/258904828
505,아이폰 13PRO 256GB 시에라블루,800000,https://m.bunjang.co.kr/products/247100632
506,아이폰13프로/256G/그래파이트/외관A급/컨디션최상/배터리성능97%,734000,https://m.bunjang.co.kr/products/258661952
507,아이폰 13pro 시에라블루 256gb,800000,https://m.bunjang.co.kr/products/238635305
508,맥북에어 m2 13인치 미드나이트 기본형 8/256 팝니다!!,1080000,https://m.bunjang.co.kr/products/256842635
509,맥북프로 터치바 2019 13인치/8GB/256GB/A2159,550000,https://m.bunjang.co.kr/products/257561518
510,아이폰 13pro 256gb 시에라블루 풀박스,740000,https://m.bunjang.co.kr/products/239101531
511,아이폰 13pro 256gb,800000,https://m.bunjang.co.kr/products/240932363
512,아이폰 13PRO 시에라블루 256GB 정상해지,700000,https://m.bunjang.co.kr/products/242904648
513,아이폰13프로 256GB,650000,https://m.bunjang.co.kr/products/258848835
514,아이폰 13 프로 맥스 256G 시에라 블루 리퍼 미사용,1000000,https://m.bunjang.co.kr/products/258815838
515,아이폰13프로 256G 시에라블루,700000,https://m.bunjang.co.kr/products/258852313
516,아이폰 13pro 실버 256gb (박스o),650000,https://m.bunjang.co.kr/products/244672157
517,아이폰 13Pro Max 알파인그린 256g 배터리 100%,900000,https://m.bunjang.co.kr/products/242621030
518,아이폰 13pro 256GB 기스 파손 없음,700000,https://m.bunjang.co.kr/products/258833484
519,아이폰 13프로맥스 그라파이트 256기가,660000,https://m.bunjang.co.kr/products/258422459
520,아이폰13프로맥스 256팝니다,800000,https://m.bunjang.co.kr/products/258468694
521,아이폰13프로맥스 256 시에라블루,800000,https://m.bunjang.co.kr/products/210718402
522,아이폰13프로 그래파이트 256GB 부산 중고폰 팝니다 18041,730000,https://m.bunjang.co.kr/products/258775033
523,아이폰13프로 그래파이트 256GB 부산 중고폰 팝니다 18041,730000,https://m.bunjang.co.kr/products/258774943
524,아이폰 13pro 시에라블루 256GB 팝니다.,980000,https://m.bunjang.co.kr/products/204633587
525,2020 인텔 i5 맥북 프로 13인치 ram 8 256gb,650000,https://m.bunjang.co.kr/products/258588044
526,아이폰 13PRO MAX 256G 그레파이트 판매합니다,830000,https://m.bunjang.co.kr/products/239991125
527,맥북프로 2020형 13인치 256기가 램16기가,1200000,https://m.bunjang.co.kr/products/258078130
528,아이폰13프로맥스256골드,1000000,https://m.bunjang.co.kr/products/258749544
529,아이폰13PRO 256GB,680000,https://m.bunjang.co.kr/products/251539842
530,맥북 프로 13인치 M1 16GB 256GB,1300000,https://m.bunjang.co.kr/products/257326597
531,아이폰 13pro max 256g 시에라 블루,870000,https://m.bunjang.co.kr/products/240125122
532,아이폰 13pro 256GB 시에라블루,780000,https://m.bunjang.co.kr/products/240345325
533,아이폰13프로 시에라블루 256GB (구미중고폰),685000,https://m.bunjang.co.kr/products/256081064
534,2020맥북 프로 256GB SSD 8GB M1 13인치,880000,https://m.bunjang.co.kr/products/255649366
535,급처!! 배터리성능80 S급 아이폰 13pro max 256gb,900000,https://m.bunjang.co.kr/products/243237381
536,아이폰 13proMAX 256GB 시에라블루 S급 풀박스,650000,https://m.bunjang.co.kr/products/239957708
537,액정/외관깨끗 아이폰13프로 배터리성능88% 스그 256GB 54682,803000,https://m.bunjang.co.kr/products/258796471
538,액정/외관깨끗 아이폰13프로 배터리성능88% 스그 256GB 54682,803000,https://m.bunjang.co.kr/products/258769290
539,아이폰13프로 256GB,680000,https://m.bunjang.co.kr/products/258755867
540,아이폰 13pro 256G 시에라블루 자급제!!,850000,https://m.bunjang.co.kr/products/241010673
541,아이폰 13pro 골드 256GB,680000,https://m.bunjang.co.kr/products/240564572
542,아이폰 13Pro 256GB 그래파이트,680000,https://m.bunjang.co.kr/products/240015434
543,아이폰 13pro max 256GB 시에라 블루,950000,https://m.bunjang.co.kr/products/234373152
544,아이폰13프로 256g 효율85,700000,https://m.bunjang.co.kr/products/255264463
545,맥북 프로 인텔 2020년형 13인치 8GB 256GB 기본형 판매해요,730000,https://m.bunjang.co.kr/products/256159194
546,아이폰 13 프로맥스 256 판매합니다!,900000,https://m.bunjang.co.kr/products/239256412
547,아이폰13프로맥스256골드,1000000,https://m.bunjang.co.kr/products/258673225
548,아이폰13프로맥스256골드,1000000,https://m.bunjang.co.kr/products/258662722
549,아이폰13프로맥스256골드,1000000,https://m.bunjang.co.kr/products/258534074
550,폰고 | 05 맥북프로 15 2013 / i7 / 8GB / 256SSD,459000,https://m.bunjang.co.kr/products/213430520
551,"2015 맥북 프로 레티나 13인치 (i5, 8GB, 256GB)",230000,https://m.bunjang.co.kr/products/240413543
552,"아이폰 13 프로맥스 256 자급제. (시에라블루, 배터리효율82%)",800000,https://m.bunjang.co.kr/products/258754927
553,맥북 프로 2017 13인치 논터치바 256g,390000,https://m.bunjang.co.kr/products/257216239
554,아이폰 13pro 256g 배터리효율 100% 하자일절 없음,1050000,https://m.bunjang.co.kr/products/239085192
555,[급전]액정타블렛 모바일스튜디오프로13인치 i7 256GB,600000,https://m.bunjang.co.kr/products/212771589
556,[애플] 맥북프로 2019 13인치 i5/8GB/256GB/풀박스,600000,https://m.bunjang.co.kr/products/239030071
557,맥북프로 MacBook Pro M1 13인치 16G 256G 마우스,1180000,https://m.bunjang.co.kr/products/258178657
558,[애플] 맥북프로 2019 13인치 i5/8GB/256GB/기본형,450000,https://m.bunjang.co.kr/products/258257507
559,아이폰13프로맥스 256G 배터리99%팝니다,950000,https://m.bunjang.co.kr/products/258665885
560,아이폰13프로맥스256 시에라블루,850000,https://m.bunjang.co.kr/products/258603133
561,아이폰 13프로맥스 256 시에라 블루,950000,https://m.bunjang.co.kr/products/256830806
562,아이폰13프로 골드 256gb,750000,https://m.bunjang.co.kr/products/258524034
563,맥북 프로 2020 13인치 256 GB,900000,https://m.bunjang.co.kr/products/237574384
564,아이폰13프로맥스 256gb 그래파이트s급,850000,https://m.bunjang.co.kr/products/252148774
565,아이폰 13 프로맥스 256GB 골드 (1.5년 사용 2022.08 구매,900000,https://m.bunjang.co.kr/products/255701672
566,"A2638 아이폰13프로 256G,특A급,배터리성능97%",734000,https://m.bunjang.co.kr/products/258581618
567,"A2638 아이폰13프로 256G,특A급,배터리성능97%",734000,https://m.bunjang.co.kr/products/258581493
568,아이폰 13프로 256GB,650000,https://m.bunjang.co.kr/products/258539790
569,[애플] 맥북프로 2019 13인치 i5/8GB/256GB/풀박스,580000,https://m.bunjang.co.kr/products/255749318
570,아이폰 13 프로 256g 그라파이트 팝니다.,700000,https://m.bunjang.co.kr/products/258397118
571,맥북 프로 2017 13인치 256 풀박,300000,https://m.bunjang.co.kr/products/258283390
572,아이폰 13 pro 256GB 시에라 블루 팝니다,800000,https://m.bunjang.co.kr/products/249759811
573,아이폰 13 프로맥스 256 화이트,780000,https://m.bunjang.co.kr/products/256924087
574,아이폰 13프로 pro 256GB 풀박 시에라블루 정상해지폰,730000,https://m.bunjang.co.kr/products/244618599
575,2019 맥북 프로 인텔코어 13인치 256gb,450000,https://m.bunjang.co.kr/products/253462363
576,아이폰13 프로맥스 256,800000,https://m.bunjang.co.kr/products/257264522
577,아이폰 13pro,900000,https://m.bunjang.co.kr/products/235110257
578,아이폰 13프로 256G 골드 팝니다,630000,https://m.bunjang.co.kr/products/257726959
579,아이폰13프로 시에라블루 256GB 팝니다,670000,https://m.bunjang.co.kr/products/253008380
580,애플 M1 맥북프로 13인치 A2338 (8GB/256GB),1050000,https://m.bunjang.co.kr/products/256782582
581,아이폰 13 프로 pro 그래파이트 256GB,550000,https://m.bunjang.co.kr/products/258370466
582,아이폰 13 프로맥스 실버 256G 자급제,780000,https://m.bunjang.co.kr/products/240718336
583,2020 맥북 프로13 256GB 팝니다,800000,https://m.bunjang.co.kr/products/258022591
584,맥북 프로 19년 13인치 i5 + 16g + 256g 판매 및 교환,500000,https://m.bunjang.co.kr/products/253564161
585,아이폰13 프로맥스 256기가 판매,730000,https://m.bunjang.co.kr/products/254621564
586,아이폰 13 pro 256gb 급처분,540000,https://m.bunjang.co.kr/products/253531402
587,아이폰13프로맥스 256,780000,https://m.bunjang.co.kr/products/257668615
588,아이폰 13 pro 256gb,750000,https://m.bunjang.co.kr/products/257536423
589,아이폰 13프로맥스 시에라블루 256g A급 75팝니다,750000,https://m.bunjang.co.kr/products/258255511
590,2016 맥북프로 13인치 256g 사이클9 풀박,510000,https://m.bunjang.co.kr/products/247113848
591,아이폰13프로맥스256,920000,https://m.bunjang.co.kr/products/257743553
592,아이폰13프로맥스 256기가 판매중,850000,https://m.bunjang.co.kr/products/257985481
593,아이폰13프로맥스 256 실버 풀박,890000,https://m.bunjang.co.kr/products/255665048
594,A급 아이폰13프로 256G 실버 판매합니다,720000,https://m.bunjang.co.kr/products/252530211
595,아이폰13프로 256GB,770000,https://m.bunjang.co.kr/products/227579258
596,맥북 프로 13인치 256GB 실버 팝니다.,400000,https://m.bunjang.co.kr/products/257001567
597,아이폰13프로맥스 256GB,800000,https://m.bunjang.co.kr/products/247852689
598,맥북 프로 13인치 터치바 M1 256/8G,860000,https://m.bunjang.co.kr/products/220492649
599,맥북프로13인치 m1 256 8기가,900000,https://m.bunjang.co.kr/products/255648780
600,아이폰 13프로맥스 256 자급제 그린,850000,https://m.bunjang.co.kr/products/256296648
601,아이폰 13프로맥스 256 풀박스,750000,https://m.bunjang.co.kr/products/255861843
602,맥북 프로 13 2020년 m1 256GB 스페이스그레이 팝니다,900000,https://m.bunjang.co.kr/products/254458719
603,애플 맥북프로 15년식 13인치 256kb,300000,https://m.bunjang.co.kr/products/253981570
604,아이폰13프로 그래파이트 256G,655000,https://m.bunjang.co.kr/products/238735046
605,아이폰 13프로 256GB 시에라블루,700000,https://m.bunjang.co.kr/products/256364414
606,"아이폰13PRO, pro max 256GB 구합니다",500000,https://m.bunjang.co.kr/products/257114777
607,(미개봉) 맥북13프로 256G/ 8G,1450000,https://m.bunjang.co.kr/products/249161322
608,맥북프로 13 스페이스그레이 256gb 2019,500000,https://m.bunjang.co.kr/products/256819979
609,맥북프로 13인치 2019 터치바 i5 8/256,580000,https://m.bunjang.co.kr/products/256331597
610,(풀세트) 애플 2020년 맥북 프로 13 실버 M1 256GB,900000,https://m.bunjang.co.kr/products/247993407
611,아이폰 13pro 256gb 실버,900000,https://m.bunjang.co.kr/products/228692761
612,아이폰13 프로맥스 256 시에라블루,850000,https://m.bunjang.co.kr/products/255920975
613,A급 아이폰13프로 256G 골드 판매합니다,740000,https://m.bunjang.co.kr/products/256662039
614,급처) 맥북프로13인치 256GB,600000,https://m.bunjang.co.kr/products/255992525
615,아이폰13 프로맥스 256 시에라블루,750000,https://m.bunjang.co.kr/products/243908114
616,액정/외관깨끗 아이폰12프로 100% 스그 256GB 판매 19136,527000,https://m.bunjang.co.kr/products/258222865
617,액정/외관깨끗 아이폰12프로 100% 스그 256GB 판매 19136,527000,https://m.bunjang.co.kr/products/258222824
618,iPhone 13 Pro Max 256gb,799000,https://m.bunjang.co.kr/products/256592647
619,아이폰 13프로맥스 256 판매합니다.,950000,https://m.bunjang.co.kr/products/239908183
620,아이폰 13프로 256GB 미국판 그래파이트,850000,https://m.bunjang.co.kr/products/255815710
621,아이폰13프로맥스 256기가,800000,https://m.bunjang.co.kr/products/255546444
622,M2 맥북 프로 13인치 최상급 램 16GB 256,1400000,https://m.bunjang.co.kr/products/255890694
623,아이폰 13 프로맥스 256gb,700000,https://m.bunjang.co.kr/products/253860720
624,아이폰13프로 블루 256GB 상태좋은 중고81만3천팝니다,813000,https://m.bunjang.co.kr/products/257927579
625,아이폰 13프로 256GB 블루 AA급 풀박스 부산중고폰,718000,https://m.bunjang.co.kr/products/254873871
626,아이폰 13프로맥스 시어러블루 256기가,700000,https://m.bunjang.co.kr/products/255230514
627,13프로 256GB 실버 미개봉,1350000,https://m.bunjang.co.kr/products/253365052
628,맥북 프로 2021 m1 13인치 8GB 256,800000,https://m.bunjang.co.kr/products/254915485
629,맥북 프로 2020 256gb 16gb 13인치,750000,https://m.bunjang.co.kr/products/257508136
630,액정/외관깨끗 아이폰13프로 배터리성능88% 스그 256GB 54682,803000,https://m.bunjang.co.kr/products/258012881
631,액정/외관깨끗 아이폰13프로 배터리성능88% 스그 256GB 54682,803000,https://m.bunjang.co.kr/products/258012829
632,<팝니다> 맥북 프로 2017년 13인치 램8 ssd256,370000,https://m.bunjang.co.kr/products/240856610
633,Apple Macbook Pro M1 13inch 8GB 256GB 풀박,800000,https://m.bunjang.co.kr/products/257806122
634,맥북프로 13 M2 8GB 256G 새제품,1400000,https://m.bunjang.co.kr/products/253766128
635,아이폰13 PRO MAX 256GB 알파인 그린(해외판),1100000,https://m.bunjang.co.kr/products/228174030
636,13프로 256GB 애플리퍼 실버,1250000,https://m.bunjang.co.kr/products/253385061
637,아이폰 13pro 256GB 시에라블루 s급,690000,https://m.bunjang.co.kr/products/254479256
638,아이폰13프로그린256GBSKA급,754000,https://m.bunjang.co.kr/products/256337228
639,183079 아이폰13프로 시에라블루 A급 256GB 메인폰추천 무잔상,780000,https://m.bunjang.co.kr/products/251054173
640,2017 맥북프로 13인치 256gb 논터치바,480000,https://m.bunjang.co.kr/products/254881401
641,아이폰 13프로맥스 256기가 시에라블루(S급),850000,https://m.bunjang.co.kr/products/255242275
642,[애플] 맥북프로 2019 13인치 i5/8GB/256GB,600000,https://m.bunjang.co.kr/products/246448190
643,맥프로 2017 논터치바 13인치 배터리최상 256gb 실버 S급 풀박스,410000,https://m.bunjang.co.kr/products/209546304
644,AA급)무잔상 아이폰 13프로 256G 블루 풀박스 부산,718000,https://m.bunjang.co.kr/products/254668589
645,아이폰13프로맥스 256 팝니다,790000,https://m.bunjang.co.kr/products/252539432
646,아이폰 13프로 256G 풀박스,600000,https://m.bunjang.co.kr/products/252158196
647,맥북 프로 13인치 2017년형 a급 램 8기가 ssd 256기가 팝니다,370000,https://m.bunjang.co.kr/products/239293472
648,2020 맥북프로 (i5 SSD 256GB 13형) 스페이스그레이 판매,750000,https://m.bunjang.co.kr/products/254148207
649,액정/외관깨끗 아이폰12프로 100% 스그 256GB 판매 19136,572000,https://m.bunjang.co.kr/products/257430993
650,액정/외관깨끗 아이폰12프로 100% 스그 256GB 판매 19136,572000,https://m.bunjang.co.kr/products/257431022
651,아이폰 13프로 256GB,700000,https://m.bunjang.co.kr/products/255270600
652,아이폰13프로(256GB) Iphone Pro13 시에라블루,700000,https://m.bunjang.co.kr/products/256073250
653,아이폰13프로 256g (네고가능),900000,https://m.bunjang.co.kr/products/253674287
654,아이폰13프로맥스 256gb ios16.6.1,870000,https://m.bunjang.co.kr/products/258413298
655,아이폰13프로맥스 256GB 시에라블루 판매합니다 (김해플렉스샵),820000,https://m.bunjang.co.kr/products/241952299
656,아이폰 13 프로맥스 256기가 시에라블루 색상,730000,https://m.bunjang.co.kr/products/241244889
657,<네고가능> 아이폰13프로 256GB 블루 87% 자급제,650000,https://m.bunjang.co.kr/products/254728402
658,맥북프로 13인치 2015년식 256GB,300000,https://m.bunjang.co.kr/products/226032804
659,13pro max 256G 배터리95% 상태좋음,760000,https://m.bunjang.co.kr/products/254484142
660,아이폰13프로 256GB 그라파이트,750000,https://m.bunjang.co.kr/products/253257306
661,아이폰13프로맥스 256기가팝니다 사용감없고 배터리성능괜찮습니다,850000,https://m.bunjang.co.kr/products/256092670
662,2020 맥북프로 13인치 터치바 (i5/8g/256g),500000,https://m.bunjang.co.kr/products/253717449
663,iPhone 13pro 256G,750000,https://m.bunjang.co.kr/products/258308052
664,2019맥북프로13인치256G 부트캠프 S급,1111111,https://m.bunjang.co.kr/products/219956609
665,2020 맥북 프로 13 8세대 i5 ssd 256GB 제품 판매합니다,700000,https://m.bunjang.co.kr/products/254110710
666,액정/외관깨끗 아이폰12프로 100% 스그 256GB 판매 19136,572000,https://m.bunjang.co.kr/products/256775880
667,액정/외관깨끗 아이폰12프로 100% 스그 256GB 판매 19136,572000,https://m.bunjang.co.kr/products/256759238
668,아이폰 13 프로 알파인 그린 256GB 갤럭시로 교환,800000,https://m.bunjang.co.kr/products/253291577
669,애플 아이폰 13프로 256GB 그래파이트 판매합니다,880000,https://m.bunjang.co.kr/products/253781569
670,2017 맥북프로 15인치 256GB 스페이스그레이 맥북프로13인치 맥북,990000,https://m.bunjang.co.kr/products/147635919
671,애플 맥북프로 2019 13인치 터치바 256Gb MacBook Pro,590000,https://m.bunjang.co.kr/products/209860103
672,2019 맥북 프로 터치바 13인치 256 gb 풀박스 미개봉 새 매직마,800000,https://m.bunjang.co.kr/products/253870084
673,아이폰 13 프로 골드 256gb,680000,https://m.bunjang.co.kr/products/250729273
674,아이폰 13 PRO 256G 시에라블루,650000,https://m.bunjang.co.kr/products/252728887
675,배터리100%! 아이폰13프로 256GB 86.9만원 [31393],869000,https://m.bunjang.co.kr/products/255820685
676,아이폰11프로 256G 그래파이트 A급 (913),390000,https://m.bunjang.co.kr/products/254038928
677,아이폰13프로맥스 256 실버 리퍼 미사용,1000000,https://m.bunjang.co.kr/products/252278922
678,2017 맥북프로 13 터치바 램8 256gb +매직마우스,400000,https://m.bunjang.co.kr/products/253439832
679,아이폰 13 프로 256g,680000,https://m.bunjang.co.kr/products/249091054
680,아이폰 13pro 화이트골드 256GB,850000,https://m.bunjang.co.kr/products/222575015
681,아이폰13프로 시애라블루 256GB,650000,https://m.bunjang.co.kr/products/252405514
682,아이폰 13 프로 맥스 256G 블랙,800000,https://m.bunjang.co.kr/products/255298989
683,풀박스 아이폰13프로 256g,720000,https://m.bunjang.co.kr/products/242418500
684,맥북 프로 13 M1 8/256GB 실버 2021 (박스+케이스+충전기),1050000,https://m.bunjang.co.kr/products/247218424
685,아이폰 13프로 256gb A급,675000,https://m.bunjang.co.kr/products/247457399
686,외관깨끗 아이폰13프로 배터리85% 그레이 256GB 판매 170872,748000,https://m.bunjang.co.kr/products/254167963
687,A급 아이폰15프로 100% 화이트 256GB 판매 18013,1441000,https://m.bunjang.co.kr/products/254101297
688,액정/외관깨끗 아이폰12프로 100% 스그 256GB 판매 19136,572000,https://m.bunjang.co.kr/products/255538767
689,아이폰 13프로 256gb 그래파이트,705000,https://m.bunjang.co.kr/products/250930530
690,액정/외관깨끗 아이폰12프로 100% 스그 256GB 판매 19136,572000,https://m.bunjang.co.kr/products/255538770
691,맥북프로13인치(2018) 8GB ssd 256GB,550000,https://m.bunjang.co.kr/products/256711932
692,배터리93%! 아이폰13프로 256GB 86.9만원 [20791],869000,https://m.bunjang.co.kr/products/254762528
693,아이폰 13프로맥스 골드 256GB 풀박스,900000,https://m.bunjang.co.kr/products/251006745
694,아이폰13프로맥스 256 S급,830000,https://m.bunjang.co.kr/products/251316243
695,액정/외관깨끗 아이폰14프로 배터리성능87% 화이트 256GB 01332,946000,https://m.bunjang.co.kr/products/257335021
696,A급 아이폰13프로 256G 실버 (603),680000,https://m.bunjang.co.kr/products/251720914
697,아이폰 13프로 256G 시에라블루,740000,https://m.bunjang.co.kr/products/240250090
698,아이폰13프로맥스256GB 그래파이트,880000,https://m.bunjang.co.kr/products/253789475
699,아이폰13 pro 실버 256GB,700000,https://m.bunjang.co.kr/products/250405212
700,아이폰13프로 256GB,720000,https://m.bunjang.co.kr/products/254459131
701,아이폰 13프로맥스 256기가,750000,https://m.bunjang.co.kr/products/250286296
702,외관깨끗 아이폰13프로맥스 100% 그레이 256GB 판매 173427,836000,https://m.bunjang.co.kr/products/254100607
703,아이폰13프로 256GB 골드색상 판매합니다 (김해플렉스샵),750000,https://m.bunjang.co.kr/products/242294218
704,아이폰13프로맥스 256기가 배터리94%,650000,https://m.bunjang.co.kr/products/251491129
705,아이폰11프로 256G 그래파이트 A급 (913),390000,https://m.bunjang.co.kr/products/252387461
706,아이폰 13pro 256GB 씨에라블루,700000,https://m.bunjang.co.kr/products/251512801
707,아이폰 13 PRO 화이트 256GB,750000,https://m.bunjang.co.kr/products/249280156
708,아이폰13 프로맥스 256G 애플케어,880000,https://m.bunjang.co.kr/products/255621941
709,맥북 13 pro M2/256GB/8G+매직마우스,1200000,https://m.bunjang.co.kr/products/245086805
710,아이폰13 프로맥스 256G,780000,https://m.bunjang.co.kr/products/249134938
711,아이폰13프로맥스 256G 그라파이트,860000,https://m.bunjang.co.kr/products/257010194
712,아이폰 13 프로맥스 256g,740000,https://m.bunjang.co.kr/products/245049981
713,아이폰13pro256g그래파이트 어차피 봐도 매물 다 거기서 거기,700000,https://m.bunjang.co.kr/products/252292459
714,아이폰13pro 256G 골드 _미국 _카메라 무음,700000,https://m.bunjang.co.kr/products/257107154
715,리퍼 미사용 아이폰13 프로맥스256 리퍼,1000000,https://m.bunjang.co.kr/products/249794010
716,아이폰 13프로 256GB 시에라블루,700000,https://m.bunjang.co.kr/products/249733638
717,아이폰 13프로 256G,700000,https://m.bunjang.co.kr/products/247432559
718,(미개봉) 맥북프로13 스페이스그레이 m2 256GB 8GB,1450000,https://m.bunjang.co.kr/products/227737770
719,2015 레티나맥북프로 13인치 256기가팝니다 싸게팜매 합니다,240000,https://m.bunjang.co.kr/products/251723943
720,(미개봉) 맥북프로13 스페이스그레이 m2 256GB 8GB,1450000,https://m.bunjang.co.kr/products/228570303
721,아이폰 13프로맥스 256GB,680000,https://m.bunjang.co.kr/products/248600645
722,2017 맥북 프로 13인치 논터치바 (256G),340000,https://m.bunjang.co.kr/products/253041172
723,[배터리92] 아이폰13프로 256G 알파인그린 판매합니다,948000,https://m.bunjang.co.kr/products/236299168
724,아이폰13프로 256G 정상해지 기기 판매합니다.,650000,https://m.bunjang.co.kr/products/250198828
725,아이폰13프로맥스 256기가 그래파이트,700000,https://m.bunjang.co.kr/products/249246150
726,아이폰13프로맥스 256G 자급제,850000,https://m.bunjang.co.kr/products/248912184
727,아이폰13맥스프로 256g그래파이트,864500,https://m.bunjang.co.kr/products/249801675
728,맥북프로 20년 13인치 M1 16/256,1850000,https://m.bunjang.co.kr/products/248507713
729,맥북프로 13인치 /그레이 /21년형/ M1 /256GB / 8GB /,980000,https://m.bunjang.co.kr/products/255735405
730,아이폰 13 프로 Pro 256GB 블랙 자급제 애케플 리퍼미개봉 급처,1150000,https://m.bunjang.co.kr/products/233625158
731,아이폰13프로맥스 256 실버,750000,https://m.bunjang.co.kr/products/242941147
732,아이폰13프로맥스 256 판매,800000,https://m.bunjang.co.kr/products/248036175
733,아이폰 13프로 256GB,800000,https://m.bunjang.co.kr/products/239969442
734,맥북프로 13인치 터치바 256GB,850000,https://m.bunjang.co.kr/products/151953408
735,아이폰13프로256GB/배터리효율81% 풀박스,600000,https://m.bunjang.co.kr/products/250921601
736,새상품 맥북프로 13인치 256GB 24GB 풀박스 팝니다,1800000,https://m.bunjang.co.kr/products/250289301
737,아이폰13프로 256G 미드나잇그린 S급판매,740000,https://m.bunjang.co.kr/products/253463556
738,아이폰 13 프로맥스 256G 판매합니다(애플케어 포함),850000,https://m.bunjang.co.kr/products/250452962
739,아이폰13pro 256gb,700000,https://m.bunjang.co.kr/products/247698164
740,아이폰13pro 256GB액정파손,400000,https://m.bunjang.co.kr/products/249656159
741,아이폰13pro 256g 시에라블루,670000,https://m.bunjang.co.kr/products/242760275
742,아이폰13pro 256GB 베터리성능 100%,900000,https://m.bunjang.co.kr/products/252932972
743,맥북프로 13인치 2018 터치바 i5 8g 256g 영문키,550000,https://m.bunjang.co.kr/products/174134292
744,맥북 프로13 m2 8gb메모리 256gb ssd,1130000,https://m.bunjang.co.kr/products/247796315
745,13프로 pro 256GB 애플리퍼제품 새상품,1090000,https://m.bunjang.co.kr/products/253442627
746,아이폰13프로 256gb,750000,https://m.bunjang.co.kr/products/246789699
747,아이폰13pro 256GB 시에라블루,600000,https://m.bunjang.co.kr/products/253849633
748,아이폰 13 pro 256G 시에라블루,650000,https://m.bunjang.co.kr/products/240182202
749,맥북프로 2019 13인치 256gb,600000,https://m.bunjang.co.kr/products/246682534
750,(S급)맥북프로 13인치 터치바 2017년형 256GB,550000,https://m.bunjang.co.kr/products/236409248
751,맥북프로 2015 13인치 8GB/256GB [풀박스 제품],550000,https://m.bunjang.co.kr/products/179072761
752,아이폰 13 프로 256gb,730000,https://m.bunjang.co.kr/products/244302519
753,아이폰 13 프로맥스 256기가 시에라블루 판매합니다,700000,https://m.bunjang.co.kr/products/247713731
754,아이폰13프로맥스 256기가 케이스도 드려요,1170000,https://m.bunjang.co.kr/products/247726215
755,아이폰 13프로맥스 256 화이트,780000,https://m.bunjang.co.kr/products/243845513
756,아이폰13프로맥스 256,890000,https://m.bunjang.co.kr/products/246317377
757,아이폰 13 미니 256g 박풀 교환 및 판매합니다 12미니 13미니,430000,https://m.bunjang.co.kr/products/255865522
758,Apple MacBook Pro13-inch TOUCH BAR 256GB,670000,https://m.bunjang.co.kr/products/245927814
759,맥북프로2015 13인치 256 판매합니다.,200000,https://m.bunjang.co.kr/products/241208978
760,아이폰13프로맥스 256기가 풀박스 (그래파이트),890000,https://m.bunjang.co.kr/products/242579577
761,아이폰13프로맥스 256기가 s급,730000,https://m.bunjang.co.kr/products/246000248
762,아이폰13프로 256G 블랙 미개봉,900000,https://m.bunjang.co.kr/products/245646024
763,아이폰13Pro 256g,600000,https://m.bunjang.co.kr/products/246219607
764,맥북프로 M1 13인치 스페이스 그레이 8GB 256GB,800000,https://m.bunjang.co.kr/products/246011030
765,아이폰 13 프로 맥스 256GB 실버,880000,https://m.bunjang.co.kr/products/244047280
766,아이폰 13프로 256gb,550000,https://m.bunjang.co.kr/products/243734316
767,아이폰 13 프로맥스 256,780000,https://m.bunjang.co.kr/products/242706969
768,아이폰13프로 256G 그래파이트,630000,https://m.bunjang.co.kr/products/244864977
769,아이폰13프로맥스 256GB,800000,https://m.bunjang.co.kr/products/246087641
770,아이폰13pro 256gb,600000,https://m.bunjang.co.kr/products/246149945
771,아이폰 프로 13. 256GB 80%,800000,https://m.bunjang.co.kr/products/245102495
772,아이폰 13 프로맥스 256기가 88% 필름깨짐,820000,https://m.bunjang.co.kr/products/244414256
773,아이폰13프로 256G 씨에라블루 82% 판매합니다!!,650000,https://m.bunjang.co.kr/products/243097458
774,"아이폰 13ProMax 256GB 배터리83% 판매중, 택배 직거래 ok",780000,https://m.bunjang.co.kr/products/245970998
775,아이폰13 프로맥스 256기가 골드,730000,https://m.bunjang.co.kr/products/249604170
776,아이폰13Pro (아이폰13프로) 실버 256GB,730000,https://m.bunjang.co.kr/products/245923400
777,맥북13pro 2020 256gb i5,520000,https://m.bunjang.co.kr/products/245856068
778,아이폰 13프로 맥스 256gb,850000,https://m.bunjang.co.kr/products/203826153
779,아이폰13promax 256gb,700000,https://m.bunjang.co.kr/products/246481670
780,아이폰13프로 pro 256GB 시에라블루 중고,700000,https://m.bunjang.co.kr/products/245867053
781,아이폰13 pro 256GB 팔아요,700000,https://m.bunjang.co.kr/products/240255009
782,"맥북 프로 13인치 M1 256GB, 8GB 21년형",1150000,https://m.bunjang.co.kr/products/241713899
783,2020 m1 맥북프로 13인치 256gb 8gb 판매,1200000,https://m.bunjang.co.kr/products/246017618
784,아이폰 13프로 256GB 시애라 블루 전면 액정 파손,450000,https://m.bunjang.co.kr/products/244352211
785,맥북 프로 13인치 m2 256기가 8기가 스페이스 그레이 ss급,1200000,https://m.bunjang.co.kr/products/245118448
786,아이폰13 프로맥스 256GB 시에라블루,680000,https://m.bunjang.co.kr/products/249729082
787,아이폰 13 pro 시에라 블루 256gb s급,650000,https://m.bunjang.co.kr/products/243334137
788,아이폰 13 Pro 256GB 그래파이트,700000,https://m.bunjang.co.kr/products/241942024
789,아이폰 13 프로 256G 미사용,850000,https://m.bunjang.co.kr/products/241641621
790,아이폰 13 프로 그라파이트 256G,700000,https://m.bunjang.co.kr/products/242971097
791,맥북 프로 13인치 인텔 (윈도우 부트캠프 유) 8코어 256GB,1700000,https://m.bunjang.co.kr/products/245425562
792,아이폰13pro 256g 팝니다,650000,https://m.bunjang.co.kr/products/244717030
793,아이폰 13프로맥스 256,800000,https://m.bunjang.co.kr/products/242245968
794,2020 맥북 프로 13인치 M1 16/256GB,1200000,https://m.bunjang.co.kr/products/240047546
795,아이폰13pro 팝니다 256G,720000,https://m.bunjang.co.kr/products/243549267
796,아이폰13프로 시에라블루 256gb 팔아요,650000,https://m.bunjang.co.kr/products/244293812
797,아이폰13PROMAX 256G,750000,https://m.bunjang.co.kr/products/243682611
798,아이폰13프로맥스 256 실버 효율93,850000,https://m.bunjang.co.kr/products/243145414
799,"2020맥북 프로 13,256gb,스그",900000,https://m.bunjang.co.kr/products/244684117
800,아이폰13프로맥스 256 애플워치8 45mm gps같이 팜니다,1300000,https://m.bunjang.co.kr/products/245344932
801,아이폰13프로 256GB 시에라블루,690000,https://m.bunjang.co.kr/products/241378895
802,아이폰13 Pro Max 256gb 실버,850000,https://m.bunjang.co.kr/products/241230321
803,2020 맥북 프로 13인치 m1 256기가 렘8 배터리 성능 100,850000,https://m.bunjang.co.kr/products/244310832
804,아이폰13프로맥스256,750000,https://m.bunjang.co.kr/products/248358172
805,아이폰 13 프로맥스 256기가,1020000,https://m.bunjang.co.kr/products/234856564
806,아아폰13PRO 256G 시애나블루 판매합니다,720000,https://m.bunjang.co.kr/products/245377652
807,맥북 프로 13인치 실버 256GB 터치바 2019,850000,https://m.bunjang.co.kr/products/239276046
808,"급처)MacBook Pro13 (m1, 256GB)",1200000,https://m.bunjang.co.kr/products/244649310
809,맥북 프로 2014 13인치 256GB,300000,https://m.bunjang.co.kr/products/197296228
810,아이폰13프로맥스256 그래파이트,830000,https://m.bunjang.co.kr/products/243743132
811,아이폰 13프로맥스 256기가,850000,https://m.bunjang.co.kr/products/240984347
812,아이폰 13프로 맥스 256g 밧데리 97%,850000,https://m.bunjang.co.kr/products/241561032
813,아이폰 13프로맥스 256 S급(급해서 싸게합니다),740000,https://m.bunjang.co.kr/products/248765962
814,아이폰 13 프로 256GB,800000,https://m.bunjang.co.kr/products/240650699
815,아이폰13프로맥스 256,800000,https://m.bunjang.co.kr/products/242440604
816,아이폰 13 프로맥스 실버 256,800000,https://m.bunjang.co.kr/products/240638230
817,아이폰 13 프로맥스 256 판매,785000,https://m.bunjang.co.kr/products/240648866
818,맥북프로 13인치 터치바 256GB + 매직마우스,1700000,https://m.bunjang.co.kr/products/243247695
819,아이폰13프로맥스 256기가 시에라블루,800000,https://m.bunjang.co.kr/products/243044479
820,아이폰13프로 256G 그레이,730000,https://m.bunjang.co.kr/products/241899150
821,아이폰13pro 256gb 그래파이트 팝니다.,690000,https://m.bunjang.co.kr/products/243425741
822,아이폰 13 프로맥스 256 시에라블루,680000,https://m.bunjang.co.kr/products/241709350
823,아이폰 13프로 256GB 그래파이트 S급,630000,https://m.bunjang.co.kr/products/240472634
824,아이폰13pro 256g s급 급처 풀박스 케이스포함,650000,https://m.bunjang.co.kr/products/243497557
825,아이폰 13 프로맥스 256기가,983000,https://m.bunjang.co.kr/products/240950777
826,아이폰 13 프로맥스 256기가 알파인그린,800000,https://m.bunjang.co.kr/products/242286439
827,맥북프로 M1 13인치 256G 실버 S급 제품,1200000,https://m.bunjang.co.kr/products/241224706
828,애플 아이폰13프로맥스 256GB 실버 95퍼 팝니다 울산중고폰,1081000,https://m.bunjang.co.kr/products/239547945
829,아이폰13프로맥스 256기가,750000,https://m.bunjang.co.kr/products/247279869
830,아이폰 13 pro max 256GB 그래파이트 팝니다,750000,https://m.bunjang.co.kr/products/240895962
831,아이폰13프로 256gb 상태최상 베터리 88%,850000,https://m.bunjang.co.kr/products/242756178
832,아이폰13프로맥스 핑크골드 256,900000,https://m.bunjang.co.kr/products/242184519
833,아이폰13프로 256gb 그래파이트,700000,https://m.bunjang.co.kr/products/241470594
834,아이폰 13 pro max 256GB 그래파이트 팝니다!,750000,https://m.bunjang.co.kr/products/241116533
835,아이폰 13프로 256GB,750000,https://m.bunjang.co.kr/products/239580411
836,아이폰 13프로 256GB 실버,700000,https://m.bunjang.co.kr/products/239976693
837,아이폰13프로 256g 팝니다(skt기기),620000,https://m.bunjang.co.kr/products/241856780
838,애플 아이폰13프로맥스 256GB 실버 팝니다 울산중고폰 중고폰,1081000,https://m.bunjang.co.kr/products/239940148
839,아이폰 13 PRO MAX 256GB,850000,https://m.bunjang.co.kr/products/241627077
840,아이폰13프로 시에라블루 256g 배터리86%,650000,https://m.bunjang.co.kr/products/241453390
841,아이폰13프로맥스 256 시에라블루,820000,https://m.bunjang.co.kr/products/239657977
842,맥북 프로 13인치 8g i5 256gb,500000,https://m.bunjang.co.kr/products/170215224
843,아이폰 13 프로 맥스 256gb,990000,https://m.bunjang.co.kr/products/239649471
844,아이폰 13 Pro 256GB 그래파이트 풀박스,630000,https://m.bunjang.co.kr/products/241225913
845,아이폰13프로맥스 256G 팝니다!,800000,https://m.bunjang.co.kr/products/242589754
846,맥북프로 2017 13인치 256기가,380000,https://m.bunjang.co.kr/products/240423175
847,아이폰13프로맥스 256 실버 화이트,900000,https://m.bunjang.co.kr/products/240584185
848,아이폰 13프로 시에라블루 256gb 팝니다,720000,https://m.bunjang.co.kr/products/240343025
849,아이폰 13 프로 맥스 256GB,940000,https://m.bunjang.co.kr/products/239497550
850,아이폰13프로맥스 256기가,780000,https://m.bunjang.co.kr/products/241385932
851,아이폰 13 프로맥스 256 자급제,990000,https://m.bunjang.co.kr/products/234938344
852,맥북 M1 프로 13인치 256GB 모델 상태 좋음!!,800000,https://m.bunjang.co.kr/products/246723261
853,아이폰 13프로맥스 256G 풀박,1100000,https://m.bunjang.co.kr/products/240431902
854,아이폰13프로맥스 (256GB/그래파이트),640000,https://m.bunjang.co.kr/products/245184786
855,아이폰13pro 256GB,720000,https://m.bunjang.co.kr/products/241676980
856,아이폰 13프로 256g 시에라블루,730000,https://m.bunjang.co.kr/products/240431477
857,아이폰13프로맥스 256GB 시에라블루,799999,https://m.bunjang.co.kr/products/242470029
858,13프로맥스256,820000,https://m.bunjang.co.kr/products/240099933
859,아이폰13pro 시에라블루 256g 자급제 팔아요,700000,https://m.bunjang.co.kr/products/241916656
860,아이폰13프로 256GB sss급,780000,https://m.bunjang.co.kr/products/240776855
861,아이폰 13 pro max 256GB,950000,https://m.bunjang.co.kr/products/240472391
862,아이폰13프로 256gb 시에라블루 s급풀박스+케이블 미사용,720000,https://m.bunjang.co.kr/products/239990015
863,아이폰13 프로맥스 256GB,900000,https://m.bunjang.co.kr/products/239832796
864,아이폰 13프로맥스 256 시에나블루 배터리85,829000,https://m.bunjang.co.kr/products/241187309
865,아이폰 13 pro 256g 그라파이트 색상,730000,https://m.bunjang.co.kr/products/240034661
866,아이폰 13프로 256GB 실버,700000,https://m.bunjang.co.kr/products/242636773
867,아이폰13프로맥스256스그 후면파손팝니다,600000,https://m.bunjang.co.kr/products/241988936
868,아이폰13프로맥스 256,870000,https://m.bunjang.co.kr/products/239852676
869,아이폰13프로맥스 256 실버 베터리94퍼,890000,https://m.bunjang.co.kr/products/236751577
870,아이폰13프로 256GB,750000,https://m.bunjang.co.kr/products/239311531
871,아이폰 13프로 256GB,920000,https://m.bunjang.co.kr/products/233135288
872,맥북 프로 m1 13인치 8gb 256 기가 풀박스,1000000,https://m.bunjang.co.kr/products/240479121
873,아이폰13pro 256g 시에라 블루팜 에케플O,700000,https://m.bunjang.co.kr/products/236963934
874,아이폰13 프로 그래파이트 256G,850000,https://m.bunjang.co.kr/products/239612452
875,아이폰13프로 256gb 골드 팝니다,650000,https://m.bunjang.co.kr/products/239760003
876,아이폰 13 프로 맥스 그래파이트 256gb,850000,https://m.bunjang.co.kr/products/239288529
877,아이폰 13 프로맥스 256gb 실버 자급제,950000,https://m.bunjang.co.kr/products/239528939
878,아이폰13프로 256GB 그라파이트 공기계,550000,https://m.bunjang.co.kr/products/245297543
879,아이폰13 프로맥스 256 시에라블루,900000,https://m.bunjang.co.kr/products/239658110
880,아이폰13 프로맥스 256 시에라블루,900000,https://m.bunjang.co.kr/products/239654617
881,아이폰13프로맥스256GB 판매,830000,https://m.bunjang.co.kr/products/242613308
882,아이폰 13프로 256g 그래파이트,850000,https://m.bunjang.co.kr/products/239265132
883,"2016 맥북 프로 13인치 터치바 256기가 ,애플 마우스2 풀박스",400000,https://m.bunjang.co.kr/products/237660869
884,아이폰 13 pro max 256G팝키다,850000,https://m.bunjang.co.kr/products/240868604
885,아이폰 13 PRO MAX 256GB 알파인 그린,850000,https://m.bunjang.co.kr/products/224699537
886,아이폰 13 promax 프로맥스 256gb 그라파이트 팝니다,850000,https://m.bunjang.co.kr/products/240778397
887,A+급 아이폰14프로 256G 딥퍼플 (013),1200000,https://m.bunjang.co.kr/products/241242499
888,렌탈{월24500원}[삼성]갤럭시 북2 프로 13인치 노트북256/8GB,1470000,https://m.bunjang.co.kr/products/192077026
889,아이폰 13프로 시에라블루 256GB,800000,https://m.bunjang.co.kr/products/239253755
890,아이폰 13 프로맥스 256기가 시에라블루,850000,https://m.bunjang.co.kr/products/239499999
891,아이폰 13프로 256GB 그래파이트 S급,1100000,https://m.bunjang.co.kr/products/239374212
892,아이폰13 프로맥스 256 그라파이트,880000,https://m.bunjang.co.kr/products/239036734
893,아이폰 13프로맥스 시에라블루 256GB,800000,https://m.bunjang.co.kr/products/239801073
894,아이폰13프로맥스 256기가,850000,https://m.bunjang.co.kr/products/239340567
895,맥북프로 13 m1 8gb 256gb,750000,https://m.bunjang.co.kr/products/239473507
896,맥북프로13인치 256GB,650000,https://m.bunjang.co.kr/products/239433055
897,아이폰13프로맥스 256G,999999,https://m.bunjang.co.kr/products/239629508
898,아이폰13프로맥스256상태 A배터리87,1050000,https://m.bunjang.co.kr/products/240574341
899,"아이폰 13프로 256gb(무음카메라, 리퍼폰)",950000,https://m.bunjang.co.kr/products/240763780
900,아이폰 13 pro max 그래파이트 256gb,900000,https://m.bunjang.co.kr/products/239106758
901,(애플공홈판)아이폰13프로맥스256 골드,850000,https://m.bunjang.co.kr/products/240781707
902,아이폰13프로 시에라블루 256GB,820000,https://m.bunjang.co.kr/products/239100239
903,아이폰 13 프로 시에라블루 256G 자급제,890000,https://m.bunjang.co.kr/products/238447739
904,아이폰13프로 그래파이트 256GB 상태좋은 중고72만7천팝니다.,727000,https://m.bunjang.co.kr/products/241954699
905,아이폰13프로맥스 256g 상태a급,900000,https://m.bunjang.co.kr/products/239903421
906,당일발송 아이폰13프로 128G/256G 등급별 최저가 중고폰 공기계,689000,https://m.bunjang.co.kr/products/237648782
907,아이폰13프로맥스 256 블루 리퍼 신제품 바로수령,1150000,https://m.bunjang.co.kr/products/239679594
908,아이폰13프로 블루 256GB 상태좋은 중고74만8천팝니다.,748000,https://m.bunjang.co.kr/products/241617248
909,아이폰13프로맥스 256gb 시에라블루 색상,820000,https://m.bunjang.co.kr/products/239432195
910,부산)아이폰13pro 256g A급 배터리100%판매합니ㅡㅏ,720000,https://m.bunjang.co.kr/products/242322064
911,아이폰 13프로맥스 256,1050000,https://m.bunjang.co.kr/products/242101531
912,아이폰13프로맥스 256 실버 (스크래치없음),1000000,https://m.bunjang.co.kr/products/239408087
913,아이폰 13프로맥스 256 리퍼 시에라블루,1100000,https://m.bunjang.co.kr/products/238509260
914,아이폰13프로 그래파이트 256GB 상태좋은 중고72만7천팝니다.,727000,https://m.bunjang.co.kr/products/241501526
915,아이폰13프로맥스 256GB 실버 + 애플정품케이스 미사용 + 풀커버필름,800000,https://m.bunjang.co.kr/products/241303262
916,아이폰13프로맥스256G 실버,950000,https://m.bunjang.co.kr/products/240468407
917,아이폰 13 프로맥스 256g 애케플 12월16일까지,800000,https://m.bunjang.co.kr/products/239770213
918,아이폰13프로맥스 256기가 A급. 시에라 블루. 애플케어플러스(202,900000,https://m.bunjang.co.kr/products/240400268
919,"배터리98%, 애플케어플러스 아이폰13 프로맥스 256기가",1200000,https://m.bunjang.co.kr/products/239395516
920,아이폰13프로맥스256기가 시애라블루바로삽니다!!!ㅜㅜ,700000,https://m.bunjang.co.kr/products/240542393
921,아이폰13프로맥스 256GB 시에라블루,900000,https://m.bunjang.co.kr/products/239543936
922,아이폰13프로맥스256 자급제+애케플 상태SSS급 팝니다,1050000,https://m.bunjang.co.kr/products/240399403
923,(SS급/풀셋) 아이폰 13 pro max 256GB 그래파이트,980000,https://m.bunjang.co.kr/products/239725882
924,아이폰 13 프로 256GB 그라파이트 자급제 단말기,450000,https://m.bunjang.co.kr/products/243208720
925,아이폰 13프로 256G 실버 S급 풀박스 97만원에 팝니다,970000,https://m.bunjang.co.kr/products/236725763
926,아이폰13프로 256GB 시에라블루 판매,750000,https://m.bunjang.co.kr/products/242695949
927,아이폰13프로 256G 시에라블루 자급제+Casetify 케이스,750000,https://m.bunjang.co.kr/products/240129019
928,아이폰 13프로 맥스 256g 화이트 실버,1210000,https://m.bunjang.co.kr/products/236885959
929,"2020 M1 맥북 프로 (터치바,16G,256G,13인치) 팝니다",1000000,https://m.bunjang.co.kr/products/241167833
930,아이폰13프로 블루 256GB 상태좋은 중고81만2천팝니다.,812000,https://m.bunjang.co.kr/products/240388597
931,아이폰 13프로 256gb 팝니다,600000,https://m.bunjang.co.kr/products/233732154
932,아이폰 13프로 256gb 부품용,550000,https://m.bunjang.co.kr/products/236722348
933,아이폰 13 pro 256G 자급제,800000,https://m.bunjang.co.kr/products/237143408
934,아이폰13프로 256gb 그래파이트 팝니다 (애케플: 2024년 7월),880000,https://m.bunjang.co.kr/products/239557669
935,아이폰13프로맥스 256G 그라파이트(애플케어플러스),1050000,https://m.bunjang.co.kr/products/241869945
936,아이폰13프로 그린 256GB 상태좋은 중고84만3천팝니다.,843000,https://m.bunjang.co.kr/products/240053838
937,2020년 맥북 프로 13인치(16/256),850000,https://m.bunjang.co.kr/products/212596755
938,아이폰13프로 그래파이트 256GB 배터리88% 상태좋은 중고88만4천팜,884000,https://m.bunjang.co.kr/products/240059260
939,아이폰 13 pro max 화이트 256GB,1100000,https://m.bunjang.co.kr/products/236474037
940,당일발송 아이폰13프로맥스 128G/256G 등급별 최저가 중고폰 공기계,799000,https://m.bunjang.co.kr/products/237649202
941,아이폰15프로 256GB 블랙티타늄 1차배송 (10/13),1700000,https://m.bunjang.co.kr/products/238512251
942,아이폰 13프로맥스 256,940000,https://m.bunjang.co.kr/products/239129078
943,서울] 아이폰13프로(자급제) 256GB 실버 풀박스 팝니다 애케플가입O,950000,https://m.bunjang.co.kr/products/236743428
944,아이폰 13 프로 256GB,800000,https://m.bunjang.co.kr/products/234318018
945,아이폰 13 프로맥스 256기가 단순개봉,1320000,https://m.bunjang.co.kr/products/231714154
946,아이폰13pro 256g자급제 민트급 팝니다 배터리 효율 89%,800000,https://m.bunjang.co.kr/products/238673498
947,아이폰13 pro max 256gb 시에라 블루,1060000,https://m.bunjang.co.kr/products/237110933
948,아이폰 13 pro gold 256GB (SS급),900000,https://m.bunjang.co.kr/products/234670605
949,아이폰 13프로 그래파이트 256Gb 팔아요,800000,https://m.bunjang.co.kr/products/240155499
950,아이폰13프로 블루 256GB 배터리88% 상태좋은 중고93만8천팝니다.,938000,https://m.bunjang.co.kr/products/239342655
951,2013 레티나 13인치 맥북프로 (램8/256기가) 팝니다,200000,https://m.bunjang.co.kr/products/237586859
952,맥북프로 13 m1 256GB SSD 판매 합니다,900000,https://m.bunjang.co.kr/products/235887867
953,(급매)2015년 13인치 맥북프로 256기가 팝니다,260000,https://m.bunjang.co.kr/products/236303722
954,아이폰13프로 256gb,630000,https://m.bunjang.co.kr/products/239538966
955,아이폰 14프로 256G 퍼플 미개봉 132만원에 팝니다,1320000,https://m.bunjang.co.kr/products/234772873
956,맥북프로M1 13인치 메모리 8G 256gb,900000,https://m.bunjang.co.kr/products/234280919
957,아이폰 14프로 256G 퍼플 113만원에 싸게 팝니다,1130000,https://m.bunjang.co.kr/products/236400696
958,[배터리92] 아이폰13프로 256G 알파인그린 판매합니다,948000,https://m.bunjang.co.kr/products/228928299
959,(급매)2015년 13인치 맥북프로 256기가 팝니다,280000,https://m.bunjang.co.kr/products/236207246
960,갤럭시북2프로/13인치/i5/16GB.256GB/윈도우11,900000,https://m.bunjang.co.kr/products/241262749
961,아이폰13pro 256GB 팝니다,1100000,https://m.bunjang.co.kr/products/235832779
962,아이펀 13 프로 그래파이트 256gb,700000,https://m.bunjang.co.kr/products/234263617
963,배터리96 A+급 아이폰13프로맥스 256G 그래파이트 (700),1150000,https://m.bunjang.co.kr/products/237621396
964,맥북프로 터치바A2289/i7-8557/8G/256G/13.3인치,799000,https://m.bunjang.co.kr/products/238462399
965,아이폰 13 pro 프로 그래파이트 256g 애플케어(유)12/12,720000,https://m.bunjang.co.kr/products/241199467
966,아이폰13프로256g,950000,https://m.bunjang.co.kr/products/234466742
967,렌탈{월24500원}[삼성]갤럭시 북2 프로 13인치 노트북256/8GB,1470000,https://m.bunjang.co.kr/products/192063601
